# Blender 5.1.0
# www.blender.org
mtllib ufo.mtl
o Body
v 0.701855 -0.274357 0.377043 0.6472 0.6511 0.6433
v 0.649046 0.188964 0.226363 0.6472 0.6511 0.6433
v 0.504141 -0.274357 0.616930 0.6472 0.6511 0.6433
v 0.513015 0.188964 0.457511 0.6472 0.6511 0.6433
v 0.229677 -0.274357 0.762895 0.6472 0.6511 0.6433
v 0.298882 0.188964 0.619008 0.6472 0.6511 0.6433
v 1.167598 -0.111719 0.433182 0.6472 0.6511 0.6433
v 1.167598 -0.010353 0.433182 0.6472 0.6511 0.6433
v 0.912948 -0.111719 0.847029 0.6472 0.6511 0.6433
v 0.912948 -0.010353 0.847029 0.6472 0.6511 0.6433
v 0.519310 -0.111719 1.131922 0.6472 0.6511 0.6433
v 0.519310 -0.010353 1.131922 0.6472 0.6511 0.6433
v 0.567383 -0.311036 0.197937 0.6472 0.6511 0.6433
v 0.448489 -0.311036 0.399966 0.6472 0.6511 0.6433
v 0.261198 -0.311036 0.541218 0.6472 0.6511 0.6433
v 0.649046 -0.311036 0.226363 0.6472 0.6511 0.6433
v 0.513015 -0.311036 0.457511 0.6472 0.6511 0.6433
v 0.298882 -0.311036 0.619008 0.6472 0.6511 0.6433
v 0.242410 -0.424977 0.501310 0.6472 0.6511 0.6433
v 0.511071 -0.424977 0.182835 0.6472 0.6511 0.6433
v 0.416111 -0.424977 0.371239 0.6472 0.6511 0.6433
v 0.234179 -0.424977 0.484457 0.6472 0.6511 0.6433
v 0.493325 -0.424977 0.176688 0.6472 0.6511 0.6433
v 0.402100 -0.424977 0.358744 0.6472 0.6511 0.6433
v 0.699678 0.087499 0.638497 1.0000 0.8980 0.0000
v 0.703115 0.099329 0.645616 1.0000 0.8980 0.0000
v 0.704322 0.113284 0.648116 1.0000 0.8980 0.0000
v 0.703115 0.127239 0.645616 1.0000 0.8980 0.0000
v 0.398749 0.113284 0.793184 1.0000 0.8980 0.0000
v 0.699678 0.139069 0.638497 1.0000 0.8980 0.0000
v 0.694534 0.146974 0.627844 1.0000 0.8980 0.0000
v 0.688466 0.076818 0.615277 1.0000 0.8980 0.0000
v 0.701643 0.079594 0.619873 1.0000 0.8980 0.0000
v 0.400831 0.149750 0.829591 1.0000 0.8980 0.0000
v 0.410119 0.146974 0.819176 1.0000 0.8980 0.0000
v 0.417993 0.139069 0.810346 1.0000 0.8980 0.0000
v 0.423254 0.127239 0.804447 1.0000 0.8980 0.0000
v 0.425102 0.113284 0.802375 1.0000 0.8980 0.0000
v 0.423254 0.099329 0.804447 1.0000 0.8980 0.0000
v 0.417993 0.087499 0.810346 1.0000 0.8980 0.0000
v 0.410119 0.079594 0.819176 1.0000 0.8980 0.0000
v 0.712813 0.087499 0.623769 1.0000 0.8980 0.0000
v 0.720277 0.099329 0.626372 1.0000 0.8980 0.0000
v 0.414763 0.146974 0.828794 1.0000 0.8980 0.0000
v 0.426574 0.139069 0.828118 1.0000 0.8980 0.0000
v 0.434466 0.127239 0.827667 1.0000 0.8980 0.0000
v 0.437237 0.113284 0.827509 1.0000 0.8980 0.0000
v 0.434466 0.099329 0.827667 1.0000 0.8980 0.0000
v 0.426574 0.087499 0.828118 1.0000 0.8980 0.0000
v 0.414763 0.079594 0.828794 1.0000 0.8980 0.0000
v 0.400831 0.076818 0.829591 1.0000 0.8980 0.0000
v 0.722898 0.113284 0.627286 1.0000 0.8980 0.0000
v 0.411246 0.146974 0.838879 1.0000 0.8980 0.0000
v 0.420075 0.139069 0.846753 1.0000 0.8980 0.0000
v 0.425975 0.127239 0.852014 1.0000 0.8980 0.0000
v 0.428046 0.113284 0.853862 1.0000 0.8980 0.0000
v 0.425975 0.099329 0.852014 1.0000 0.8980 0.0000
v 0.420075 0.087499 0.846753 1.0000 0.8980 0.0000
v 0.411246 0.079594 0.838879 1.0000 0.8980 0.0000
v 0.720277 0.127239 0.626372 1.0000 0.8980 0.0000
v 0.712813 0.139069 0.623769 1.0000 0.8980 0.0000
v 0.401628 0.146974 0.843523 1.0000 0.8980 0.0000
v 0.402303 0.139069 0.855334 1.0000 0.8980 0.0000
v 0.402755 0.127239 0.863226 1.0000 0.8980 0.0000
v 0.402913 0.113284 0.865997 1.0000 0.8980 0.0000
v 0.402755 0.099329 0.863226 1.0000 0.8980 0.0000
v 0.402303 0.087499 0.855334 1.0000 0.8980 0.0000
v 0.401628 0.079594 0.843523 1.0000 0.8980 0.0000
v 0.701643 0.146974 0.619873 1.0000 0.8980 0.0000
v 0.701033 0.079594 0.609209 1.0000 0.8980 0.0000
v 0.391543 0.146974 0.840005 1.0000 0.8980 0.0000
v 0.383669 0.139069 0.848835 1.0000 0.8980 0.0000
v 0.378408 0.127239 0.854734 1.0000 0.8980 0.0000
v 0.376560 0.113284 0.856806 1.0000 0.8980 0.0000
v 0.378408 0.099329 0.854734 1.0000 0.8980 0.0000
v 0.383669 0.087499 0.848835 1.0000 0.8980 0.0000
v 0.391543 0.079594 0.840005 1.0000 0.8980 0.0000
v 0.711687 0.087499 0.604065 1.0000 0.8980 0.0000
v 0.718805 0.099329 0.600628 1.0000 0.8980 0.0000
v 0.386899 0.146974 0.830387 1.0000 0.8980 0.0000
v 0.375088 0.139069 0.831063 1.0000 0.8980 0.0000
v 0.367196 0.127239 0.831514 1.0000 0.8980 0.0000
v 0.364425 0.113284 0.831673 1.0000 0.8980 0.0000
v 0.367196 0.099329 0.831514 1.0000 0.8980 0.0000
v 0.375088 0.087499 0.831063 1.0000 0.8980 0.0000
v 0.386899 0.079594 0.830387 1.0000 0.8980 0.0000
v 0.721305 0.113284 0.599421 1.0000 0.8980 0.0000
v 0.718805 0.127239 0.600628 1.0000 0.8980 0.0000
v 0.390416 0.146974 0.820302 1.0000 0.8980 0.0000
v 0.381587 0.139069 0.812428 1.0000 0.8980 0.0000
v 0.375687 0.127239 0.807167 1.0000 0.8980 0.0000
v 0.373616 0.113284 0.805320 1.0000 0.8980 0.0000
v 0.375687 0.099329 0.807167 1.0000 0.8980 0.0000
v 0.381587 0.087499 0.812428 1.0000 0.8980 0.0000
v 0.390416 0.079594 0.820302 1.0000 0.8980 0.0000
v 0.711687 0.139069 0.604066 1.0000 0.8980 0.0000
v 0.701033 0.146974 0.609209 1.0000 0.8980 0.0000
v 0.400034 0.146974 0.815659 1.0000 0.8980 0.0000
v 0.399359 0.139069 0.803847 1.0000 0.8980 0.0000
v 0.398907 0.127239 0.795955 1.0000 0.8980 0.0000
v 0.688466 0.149750 0.615277 1.0000 0.8980 0.0000
v 0.398907 0.099329 0.795955 1.0000 0.8980 0.0000
v 0.399359 0.087499 0.803847 1.0000 0.8980 0.0000
v 0.400034 0.079594 0.815659 1.0000 0.8980 0.0000
v 0.700475 0.113284 0.580845 1.0000 0.8980 0.0000
v 0.694534 0.079594 0.627844 1.0000 0.8980 0.0000
v 0.683871 0.146974 0.628454 1.0000 0.8980 0.0000
v 0.679975 0.139069 0.639624 1.0000 0.8980 0.0000
v 0.677372 0.127239 0.647088 1.0000 0.8980 0.0000
v 0.676458 0.113284 0.649709 1.0000 0.8980 0.0000
v 0.677372 0.099329 0.647088 1.0000 0.8980 0.0000
v 0.679975 0.087499 0.639624 1.0000 0.8980 0.0000
v 0.683871 0.079594 0.628454 1.0000 0.8980 0.0000
v 0.675900 0.146974 0.621345 1.0000 0.8980 0.0000
v 0.665246 0.139069 0.626489 1.0000 0.8980 0.0000
v 0.658128 0.127239 0.629926 1.0000 0.8980 0.0000
v 0.655628 0.113284 0.631133 1.0000 0.8980 0.0000
v 0.658128 0.099329 0.629926 1.0000 0.8980 0.0000
v 0.665246 0.087499 0.626489 1.0000 0.8980 0.0000
v 0.675900 0.079594 0.621345 1.0000 0.8980 0.0000
v 0.675290 0.146974 0.610682 1.0000 0.8980 0.0000
v 0.664119 0.139069 0.606786 1.0000 0.8980 0.0000
v 0.656655 0.127239 0.604183 1.0000 0.8980 0.0000
v 0.654034 0.113284 0.603269 1.0000 0.8980 0.0000
v 0.656655 0.099329 0.604183 1.0000 0.8980 0.0000
v 0.664119 0.087499 0.606786 1.0000 0.8980 0.0000
v 0.675290 0.079594 0.610682 1.0000 0.8980 0.0000
v 0.682399 0.146974 0.602710 1.0000 0.8980 0.0000
v 0.677255 0.139070 0.592057 1.0000 0.8980 0.0000
v 0.673818 0.127239 0.584939 1.0000 0.8980 0.0000
v 0.672611 0.113284 0.582439 1.0000 0.8980 0.0000
v 0.673818 0.099329 0.584939 1.0000 0.8980 0.0000
v 0.677255 0.087499 0.592057 1.0000 0.8980 0.0000
v 0.682399 0.079594 0.602710 1.0000 0.8980 0.0000
v 0.693062 0.146974 0.602101 1.0000 0.8980 0.0000
v 0.696958 0.139070 0.590930 1.0000 0.8980 0.0000
v 0.699561 0.127239 0.583466 1.0000 0.8980 0.0000
v 0.699561 0.099329 0.583466 1.0000 0.8980 0.0000
v 0.696958 0.087499 0.590930 1.0000 0.8980 0.0000
v 0.693062 0.079594 0.602101 1.0000 0.8980 0.0000
v 0.872985 0.087499 0.329782 1.0000 0.8980 0.0000
v 0.873436 0.099329 0.337674 1.0000 0.8980 0.0000
v 0.873595 0.113284 0.340446 1.0000 0.8980 0.0000
v 0.873436 0.127239 0.337674 1.0000 0.8980 0.0000
v 0.872985 0.139070 0.329782 1.0000 0.8980 0.0000
v 0.872310 0.146974 0.317971 1.0000 0.8980 0.0000
v 0.871513 0.076818 0.304039 1.0000 0.8980 0.0000
v 0.881927 0.079594 0.313327 1.0000 0.8980 0.0000
v 0.890757 0.087499 0.321201 1.0000 0.8980 0.0000
v 0.896657 0.099329 0.326463 1.0000 0.8980 0.0000
v 0.898728 0.113284 0.328310 1.0000 0.8980 0.0000
v 0.896657 0.127239 0.326463 1.0000 0.8980 0.0000
v 0.890757 0.139070 0.321202 1.0000 0.8980 0.0000
v 0.881927 0.146974 0.313327 1.0000 0.8980 0.0000
v 0.885445 0.079594 0.303242 1.0000 0.8980 0.0000
v 0.897256 0.087499 0.302567 1.0000 0.8980 0.0000
v 0.905148 0.099329 0.302116 1.0000 0.8980 0.0000
v 0.907919 0.113284 0.301957 1.0000 0.8980 0.0000
v 0.905148 0.127239 0.302116 1.0000 0.8980 0.0000
v 0.897256 0.139070 0.302567 1.0000 0.8980 0.0000
v 0.885445 0.146974 0.303243 1.0000 0.8980 0.0000
v 0.871513 0.149750 0.304039 1.0000 0.8980 0.0000
v 0.895784 0.113284 0.276824 1.0000 0.8980 0.0000
v 0.872310 0.079594 0.317971 1.0000 0.8980 0.0000
v 0.862225 0.146974 0.314454 1.0000 0.8980 0.0000
v 0.854351 0.139070 0.323283 1.0000 0.8980 0.0000
v 0.849089 0.127239 0.329183 1.0000 0.8980 0.0000
v 0.847242 0.113284 0.331255 1.0000 0.8980 0.0000
v 0.849089 0.099329 0.329183 1.0000 0.8980 0.0000
v 0.854351 0.087499 0.323283 1.0000 0.8980 0.0000
v 0.862225 0.079594 0.314454 1.0000 0.8980 0.0000
v 0.857581 0.146974 0.304836 1.0000 0.8980 0.0000
v 0.845770 0.139070 0.305512 1.0000 0.8980 0.0000
v 0.837878 0.127239 0.305963 1.0000 0.8980 0.0000
v 0.835106 0.113284 0.306121 1.0000 0.8980 0.0000
v 0.837878 0.099329 0.305963 1.0000 0.8980 0.0000
v 0.845770 0.087499 0.305512 1.0000 0.8980 0.0000
v 0.857581 0.079594 0.304836 1.0000 0.8980 0.0000
v 0.861098 0.146974 0.294751 1.0000 0.8980 0.0000
v 0.852268 0.139070 0.286877 1.0000 0.8980 0.0000
v 0.846369 0.127239 0.281616 1.0000 0.8980 0.0000
v 0.844297 0.113284 0.279768 1.0000 0.8980 0.0000
v 0.846369 0.099329 0.281616 1.0000 0.8980 0.0000
v 0.852268 0.087499 0.286877 1.0000 0.8980 0.0000
v 0.861098 0.079594 0.294751 1.0000 0.8980 0.0000
v 0.870716 0.146974 0.290107 1.0000 0.8980 0.0000
v 0.870040 0.139070 0.278296 1.0000 0.8980 0.0000
v 0.869589 0.127239 0.270404 1.0000 0.8980 0.0000
v 0.869431 0.113284 0.267633 1.0000 0.8980 0.0000
v 0.869589 0.099329 0.270404 1.0000 0.8980 0.0000
v 0.870040 0.087499 0.278296 1.0000 0.8980 0.0000
v 0.870716 0.079594 0.290107 1.0000 0.8980 0.0000
v 0.880801 0.146974 0.293624 1.0000 0.8980 0.0000
v 0.888675 0.139070 0.284795 1.0000 0.8980 0.0000
v 0.893936 0.127239 0.278895 1.0000 0.8980 0.0000
v 0.893936 0.099329 0.278895 1.0000 0.8980 0.0000
v 0.888675 0.087499 0.284795 1.0000 0.8980 0.0000
v 0.880801 0.079594 0.293624 1.0000 0.8980 0.0000
v 0.064441 0.113284 0.887330 1.0000 0.8980 0.0000
v 0.064999 0.146974 0.915694 1.0000 0.8980 0.0000
v 0.075653 0.139069 0.910550 1.0000 0.8980 0.0000
v 0.082771 0.127239 0.907113 1.0000 0.8980 0.0000
v 0.085271 0.113284 0.905906 1.0000 0.8980 0.0000
v 0.082771 0.099329 0.907113 1.0000 0.8980 0.0000
v 0.075653 0.087499 0.910550 1.0000 0.8980 0.0000
v 0.064999 0.079594 0.915694 1.0000 0.8980 0.0000
v 0.065609 0.146974 0.926357 1.0000 0.8980 0.0000
v 0.076780 0.139069 0.930253 1.0000 0.8980 0.0000
v 0.084243 0.127239 0.932856 1.0000 0.8980 0.0000
v 0.086864 0.113284 0.933770 1.0000 0.8980 0.0000
v 0.084243 0.099329 0.932856 1.0000 0.8980 0.0000
v 0.076780 0.087499 0.930253 1.0000 0.8980 0.0000
v 0.065609 0.079594 0.926357 1.0000 0.8980 0.0000
v 0.058500 0.146974 0.934328 1.0000 0.8980 0.0000
v 0.063644 0.139069 0.944982 1.0000 0.8980 0.0000
v 0.067081 0.127239 0.952100 1.0000 0.8980 0.0000
v 0.068288 0.113284 0.954600 1.0000 0.8980 0.0000
v 0.067081 0.099329 0.952100 1.0000 0.8980 0.0000
v 0.063644 0.087499 0.944982 1.0000 0.8980 0.0000
v 0.058500 0.079594 0.934328 1.0000 0.8980 0.0000
v 0.057028 0.146974 0.908585 1.0000 0.8980 0.0000
v 0.060924 0.139069 0.897415 1.0000 0.8980 0.0000
v 0.063527 0.127239 0.889951 1.0000 0.8980 0.0000
v 0.063527 0.099329 0.889951 1.0000 0.8980 0.0000
v 0.060924 0.087499 0.897415 1.0000 0.8980 0.0000
v 0.057028 0.079594 0.908585 1.0000 0.8980 0.0000
v 0.914239 0.087499 -0.029035 1.0000 0.8980 0.0000
v 0.911636 0.099329 -0.021572 1.0000 0.8980 0.0000
v 0.910722 0.113284 -0.018951 1.0000 0.8980 0.0000
v 0.911636 0.127239 -0.021572 1.0000 0.8980 0.0000
v 0.914239 0.139070 -0.029035 1.0000 0.8980 0.0000
v 0.918135 0.146974 -0.040206 1.0000 0.8980 0.0000
v 0.928798 0.079594 -0.040816 1.0000 0.8980 0.0000
v 0.933942 0.087499 -0.030162 1.0000 0.8980 0.0000
v 0.937379 0.099329 -0.023044 1.0000 0.8980 0.0000
v 0.938586 0.113284 -0.020544 1.0000 0.8980 0.0000
v 0.937379 0.127239 -0.023044 1.0000 0.8980 0.0000
v 0.933942 0.139070 -0.030162 1.0000 0.8980 0.0000
v 0.928798 0.146974 -0.040816 1.0000 0.8980 0.0000
v 0.935907 0.079594 -0.048787 1.0000 0.8980 0.0000
v 0.947077 0.087499 -0.044891 1.0000 0.8980 0.0000
v 0.954541 0.099329 -0.042288 1.0000 0.8980 0.0000
v 0.957162 0.113284 -0.041374 1.0000 0.8980 0.0000
v 0.954541 0.127239 -0.042288 1.0000 0.8980 0.0000
v 0.947077 0.139070 -0.044891 1.0000 0.8980 0.0000
v 0.935907 0.146974 -0.048787 1.0000 0.8980 0.0000
v 0.918135 0.079594 -0.040206 1.0000 0.8980 0.0000
v 0.910164 0.146974 -0.047315 1.0000 0.8980 0.0000
v 0.899510 0.139070 -0.042171 1.0000 0.8980 0.0000
v 0.892392 0.127239 -0.038734 1.0000 0.8980 0.0000
v 0.889892 0.113284 -0.037527 1.0000 0.8980 0.0000
v 0.892392 0.099329 -0.038734 1.0000 0.8980 0.0000
v 0.899510 0.087499 -0.042171 1.0000 0.8980 0.0000
v 0.910164 0.079594 -0.047315 1.0000 0.8980 0.0000
v 0.563471 -0.010353 1.110600 0.6472 0.6511 0.6433
v 0.563471 -0.111719 1.110600 0.6472 0.6511 0.6433
v 0.095572 -0.111719 1.241692 0.6472 0.6511 0.6433
v 0.095572 -0.010353 1.241692 0.6472 0.6511 0.6433
v 0.945588 -0.010353 0.810429 0.6472 0.6511 0.6433
v 0.945588 -0.111719 0.810429 0.6472 0.6511 0.6433
v 0.366192 -0.181731 1.045627 0.6472 0.6511 0.6433
v 0.543512 0.022980 1.125653 0.6472 0.6511 0.6433
v 1.183747 -0.010353 0.386878 0.6472 0.6511 0.6433
v 1.183747 -0.111719 0.386878 0.6472 0.6511 0.6433
v 0.738461 -0.181731 0.825898 0.6472 0.6511 0.6433
v 0.932908 0.022980 0.831975 0.6472 0.6511 0.6433
v 1.244492 -0.010353 -0.046612 0.6472 0.6511 0.6433
v 1.244492 -0.111719 -0.046612 0.6472 0.6511 0.6433
v 0.998307 -0.181731 0.480434 0.6472 0.6511 0.6433
v 1.180278 0.022980 0.411636 0.6472 0.6511 0.6433
v 0.101403 -0.027020 1.214356 0.6472 0.6511 0.6433
v 0.101403 -0.095052 1.214356 0.6472 0.6511 0.6433
v 0.500941 -0.027020 1.110856 0.6472 0.6511 0.6433
v 0.500941 -0.095052 1.110856 0.6472 0.6511 0.6433
v 1.221211 -0.027020 -0.046913 0.6472 0.6511 0.6433
v 1.221211 -0.095052 -0.046913 0.6472 0.6511 0.6433
v 0.881422 -0.027020 0.841876 0.6472 0.6511 0.6433
v 0.881422 -0.095052 0.841876 0.6472 0.6511 0.6433
v 0.551905 -0.095052 1.090393 0.6472 0.6511 0.6433
v 0.551905 -0.027020 1.090393 0.6472 0.6511 0.6433
v 1.139712 -0.027020 0.431276 0.6472 0.6511 0.6433
v 1.139712 -0.095052 0.431276 0.6472 0.6511 0.6433
v 0.930382 -0.095052 0.786977 0.6472 0.6511 0.6433
v 0.930382 -0.027020 0.786977 0.6472 0.6511 0.6433
v 1.163936 -0.095052 0.361820 0.6472 0.6511 0.6433
v 1.163936 -0.027020 0.361820 0.6472 0.6511 0.6433
v 0.089302 -0.010353 1.217490 0.6472 0.6511 0.6433
v 0.089302 -0.111719 1.217490 0.6472 0.6511 0.6433
v 0.513041 -0.010353 1.107721 0.6472 0.6511 0.6433
v 0.513041 -0.111719 1.107721 0.6472 0.6511 0.6433
v 0.891402 -0.010353 0.834349 0.6472 0.6511 0.6433
v 0.891402 -0.111719 0.834349 0.6472 0.6511 0.6433
v 0.541926 -0.111719 1.097920 0.6472 0.6511 0.6433
v 0.541926 -0.010353 1.097920 0.6472 0.6511 0.6433
v 1.146052 -0.010353 0.420503 0.6472 0.6511 0.6433
v 1.146052 -0.111719 0.420503 0.6472 0.6511 0.6433
v 0.924042 -0.111719 0.797750 0.6472 0.6511 0.6433
v 0.924042 -0.010353 0.797750 0.6472 0.6511 0.6433
v 1.222946 -0.010353 -0.059292 0.6472 0.6511 0.6433
v 1.222946 -0.111719 -0.059292 0.6472 0.6511 0.6433
v 1.162201 -0.111719 0.374199 0.6472 0.6511 0.6433
v 1.162201 -0.010353 0.374199 0.6472 0.6511 0.6433
v 0.101403 -0.027020 1.214356 0.6472 0.6511 0.6433
v 0.101403 -0.095052 1.214356 0.6472 0.6511 0.6433
v 0.500941 -0.027020 1.110856 0.6472 0.6511 0.6433
v 0.500941 -0.095052 1.110856 0.6472 0.6511 0.6433
v 0.881422 -0.027020 0.841876 1.0000 0.8980 0.0000
v 0.881422 -0.095052 0.841876 1.0000 0.8980 0.0000
v 0.551905 -0.095052 1.090393 1.0000 0.8980 0.0000
v 0.551905 -0.027020 1.090393 1.0000 0.8980 0.0000
v 1.139712 -0.027020 0.431276 1.0000 0.8980 0.0000
v 1.139712 -0.095052 0.431276 1.0000 0.8980 0.0000
v 0.930382 -0.095052 0.786977 1.0000 0.8980 0.0000
v 0.930382 -0.027020 0.786977 1.0000 0.8980 0.0000
v 1.221211 -0.027020 -0.046913 1.0000 0.8980 0.0000
v 1.221211 -0.095052 -0.046913 1.0000 0.8980 0.0000
v 1.163936 -0.095052 0.361820 1.0000 0.8980 0.0000
v 1.163936 -0.027020 0.361820 1.0000 0.8980 0.0000
v 0.101403 -0.027020 1.214356 1.0000 0.8980 0.0000
v 0.101403 -0.095052 1.214356 1.0000 0.8980 0.0000
v 0.500941 -0.027020 1.110856 1.0000 0.8980 0.0000
v 0.500941 -0.095052 1.110856 1.0000 0.8980 0.0000
v 0.213826 -0.044028 1.236883 1.0000 0.8980 0.0000
v 0.213826 -0.078044 1.236883 1.0000 0.8980 0.0000
v 0.413595 -0.044028 1.185133 1.0000 0.8980 0.0000
v 0.413595 -0.078044 1.185133 1.0000 0.8980 0.0000
v 0.829150 -0.044028 0.943925 1.0000 0.8980 0.0000
v 0.829150 -0.078044 0.943925 1.0000 0.8980 0.0000
v 0.664392 -0.078044 1.068183 1.0000 0.8980 0.0000
v 0.664392 -0.044028 1.068183 1.0000 0.8980 0.0000
v 1.130471 -0.044028 0.545560 1.0000 0.8980 0.0000
v 1.130471 -0.078044 0.545560 1.0000 0.8980 0.0000
v 1.025806 -0.078044 0.723411 1.0000 0.8980 0.0000
v 1.025806 -0.044028 0.723411 1.0000 0.8980 0.0000
v 1.256408 -0.044028 0.062209 1.0000 0.8980 0.0000
v 1.256408 -0.078044 0.062209 1.0000 0.8980 0.0000
v 1.227771 -0.078044 0.266575 1.0000 0.8980 0.0000
v 1.227771 -0.044028 0.266575 1.0000 0.8980 0.0000
v 0.591115 -0.181731 0.937025 0.6472 0.6511 0.6433
v 0.454600 -0.274357 0.654293 0.6472 0.6511 0.6433
v 0.187535 -0.181731 1.091908 0.6472 0.6511 0.6433
v 0.169609 -0.274357 0.778456 0.6472 0.6511 0.6433
v 0.904703 -0.181731 0.639489 0.6472 0.6511 0.6433
v 0.543512 -0.145052 1.125653 0.6472 0.6511 0.6433
v 0.670383 -0.274357 0.430520 0.6472 0.6511 0.6433
v 0.298882 -0.311036 0.619008 0.6472 0.6511 0.6433
v 1.080558 -0.181731 0.244596 0.6472 0.6511 0.6433
v 0.932908 -0.145052 0.831975 0.6472 0.6511 0.6433
v 0.784106 -0.274357 0.141205 0.6472 0.6511 0.6433
v 0.513015 -0.311036 0.457511 0.6472 0.6511 0.6433
v 1.180278 -0.145052 0.411636 0.6472 0.6511 0.6433
v 1.106169 -0.181731 0.061828 0.6472 0.6511 0.6433
v 0.649046 -0.311036 0.226363 0.6472 0.6511 0.6433
v 0.792717 -0.274357 0.079754 0.6472 0.6511 0.6433
v 0.185729 -0.157790 1.084937 1.0000 0.8980 0.0000
v 0.167803 -0.250417 0.771485 1.0000 0.8980 0.0000
v 0.364386 -0.157790 1.038656 1.0000 0.8980 0.0000
v 0.227871 -0.250417 0.755924 1.0000 0.8980 0.0000
v 0.734125 -0.157790 0.820149 1.0000 0.8980 0.0000
v 0.586778 -0.157790 0.931276 1.0000 0.8980 0.0000
v 0.499805 -0.250417 0.611181 1.0000 0.8980 0.0000
v 0.450264 -0.250417 0.648544 1.0000 0.8980 0.0000
v 0.992100 -0.157790 0.476781 1.0000 0.8980 0.0000
v 0.898496 -0.157790 0.635836 1.0000 0.8980 0.0000
v 0.695648 -0.250417 0.373390 1.0000 0.8980 0.0000
v 0.664177 -0.250417 0.426868 1.0000 0.8980 0.0000
v 1.099038 -0.157790 0.060828 1.0000 0.8980 0.0000
v 0.785585 -0.250417 0.078754 1.0000 0.8980 0.0000
v 1.073426 -0.157790 0.243597 1.0000 0.8980 0.0000
v 0.776974 -0.250417 0.140205 1.0000 0.8980 0.0000
v 0.159192 0.638460 -0.178504 0.5569 0.9490 0.6863
v 0.294148 0.502977 -0.329833 0.5569 0.9490 0.6863
v 0.384322 0.300213 -0.430947 0.5569 0.9490 0.6863
v 0.415988 0.061036 -0.466454 0.5569 0.9490 0.6863
v 0.384322 -0.178141 -0.430947 0.5569 0.9490 0.6863
v 0.294148 -0.380906 -0.329833 0.5569 0.9490 0.6863
v 0.159192 -0.516389 -0.178504 0.5569 0.9490 0.6863
v 0.178504 0.638460 0.159192 0.5569 0.9490 0.6863
v 0.329833 0.502977 0.294148 0.5569 0.9490 0.6863
v 0.430947 0.300213 0.384322 0.5569 0.9490 0.6863
v 0.466454 0.061036 0.415987 0.5569 0.9490 0.6863
v 0.430947 -0.178142 0.384322 0.5569 0.9490 0.6863
v 0.329833 -0.380906 0.294147 0.5569 0.9490 0.6863
v 0.178504 -0.516389 0.159191 0.5569 0.9490 0.6863
v -0.159192 0.638460 0.178504 0.5569 0.9490 0.6863
v -0.294148 0.502977 0.329833 0.5569 0.9490 0.6863
v -0.384322 0.300213 0.430947 0.5569 0.9490 0.6863
v -0.415988 0.061036 0.466454 0.5569 0.9490 0.6863
v -0.384322 -0.178142 0.430947 0.5569 0.9490 0.6863
v -0.294148 -0.380906 0.329833 0.5569 0.9490 0.6863
v -0.159192 -0.516389 0.178504 0.5569 0.9490 0.6863
v -0.178504 0.638460 -0.159192 0.5569 0.9490 0.6863
v -0.329833 0.502977 -0.294148 0.5569 0.9490 0.6863
v -0.430947 0.300213 -0.384322 0.5569 0.9490 0.6863
v -0.466454 0.061036 -0.415988 0.5569 0.9490 0.6863
v -0.430947 -0.178141 -0.384322 0.5569 0.9490 0.6863
v -0.329833 -0.380906 -0.294148 0.5569 0.9490 0.6863
v -0.178504 -0.516389 -0.159192 0.5569 0.9490 0.6863
v -0.483607 -0.392833 -0.200317 0.6472 0.6511 0.6433
v -0.434454 -0.414870 -0.179957 0.6472 0.6511 0.6433
v -0.385301 -0.392833 -0.159597 0.6472 0.6511 0.6433
v -0.364942 -0.339630 -0.151164 0.6472 0.6511 0.6433
v -0.385301 -0.286427 -0.159597 0.6472 0.6511 0.6433
v -0.434454 -0.264390 -0.179957 0.6472 0.6511 0.6433
v -0.483607 -0.286427 -0.200317 0.6472 0.6511 0.6433
v -0.503967 -0.339630 -0.208750 0.6472 0.6511 0.6433
v -0.370137 -0.392833 -0.370137 0.6472 0.6511 0.6433
v -0.332517 -0.414870 -0.332517 0.6472 0.6511 0.6433
v -0.294897 -0.392833 -0.294897 0.6472 0.6511 0.6433
v -0.279314 -0.339630 -0.279314 0.6472 0.6511 0.6433
v -0.294897 -0.286427 -0.294897 0.6472 0.6511 0.6433
v -0.332517 -0.264390 -0.332517 0.6472 0.6511 0.6433
v -0.370137 -0.286427 -0.370137 0.6472 0.6511 0.6433
v -0.385719 -0.339630 -0.385720 0.6472 0.6511 0.6433
v -0.200317 -0.392833 -0.483607 0.6472 0.6511 0.6433
v -0.179957 -0.414870 -0.434454 0.6472 0.6511 0.6433
v -0.159597 -0.392833 -0.385301 0.6472 0.6511 0.6433
v -0.151164 -0.339630 -0.364942 0.6472 0.6511 0.6433
v -0.159597 -0.286428 -0.385301 0.6472 0.6511 0.6433
v -0.179957 -0.264390 -0.434454 0.6472 0.6511 0.6433
v -0.200317 -0.286428 -0.483607 0.6472 0.6511 0.6433
v -0.208750 -0.339630 -0.503967 0.6472 0.6511 0.6433
v 0.000000 -0.392833 -0.523453 0.6472 0.6511 0.6433
v 0.000000 -0.414870 -0.470250 0.6472 0.6511 0.6433
v 0.000000 -0.392833 -0.417047 0.6472 0.6511 0.6433
v 0.000000 -0.339630 -0.395010 0.6472 0.6511 0.6433
v 0.000000 -0.286428 -0.417047 0.6472 0.6511 0.6433
v 0.000000 -0.264390 -0.470250 0.6472 0.6511 0.6433
v 0.000000 -0.286428 -0.523453 0.6472 0.6511 0.6433
v 0.000000 -0.339630 -0.545490 0.6472 0.6511 0.6433
v 0.200317 -0.392833 -0.483607 0.6472 0.6511 0.6433
v 0.179957 -0.414870 -0.434454 0.6472 0.6511 0.6433
v 0.159597 -0.392833 -0.385301 0.6472 0.6511 0.6433
v 0.151164 -0.339630 -0.364942 0.6472 0.6511 0.6433
v 0.159597 -0.286428 -0.385301 0.6472 0.6511 0.6433
v 0.179957 -0.264390 -0.434454 0.6472 0.6511 0.6433
v 0.200317 -0.286428 -0.483607 0.6472 0.6511 0.6433
v 0.208750 -0.339630 -0.503967 0.6472 0.6511 0.6433
v 0.370137 -0.392833 -0.370137 0.6472 0.6511 0.6433
v 0.332517 -0.414870 -0.332517 0.6472 0.6511 0.6433
v 0.294897 -0.392833 -0.294897 0.6472 0.6511 0.6433
v 0.279314 -0.339630 -0.279314 0.6472 0.6511 0.6433
v 0.294897 -0.286428 -0.294897 0.6472 0.6511 0.6433
v 0.332517 -0.264390 -0.332517 0.6472 0.6511 0.6433
v 0.370137 -0.286428 -0.370137 0.6472 0.6511 0.6433
v 0.385720 -0.339630 -0.385720 0.6472 0.6511 0.6433
v 0.483607 -0.392833 -0.200316 0.6472 0.6511 0.6433
v 0.434454 -0.414870 -0.179957 0.6472 0.6511 0.6433
v 0.385302 -0.392833 -0.159597 0.6472 0.6511 0.6433
v 0.364942 -0.339630 -0.151164 0.6472 0.6511 0.6433
v 0.385302 -0.286428 -0.159597 0.6472 0.6511 0.6433
v 0.434454 -0.264390 -0.179957 0.6472 0.6511 0.6433
v 0.483607 -0.286428 -0.200316 0.6472 0.6511 0.6433
v 0.503967 -0.339630 -0.208750 0.6472 0.6511 0.6433
v 0.523453 -0.392833 0.000000 0.6472 0.6511 0.6433
v 0.470250 -0.414870 0.000000 0.6472 0.6511 0.6433
v 0.417047 -0.392833 0.000000 0.6472 0.6511 0.6433
v 0.395010 -0.339630 0.000000 0.6472 0.6511 0.6433
v 0.417047 -0.286428 0.000000 0.6472 0.6511 0.6433
v 0.470250 -0.264390 0.000000 0.6472 0.6511 0.6433
v 0.523453 -0.286428 0.000000 0.6472 0.6511 0.6433
v 0.545490 -0.339630 0.000000 0.6472 0.6511 0.6433
v 0.483607 -0.392833 0.200317 0.6472 0.6511 0.6433
v 0.434454 -0.414870 0.179957 0.6472 0.6511 0.6433
v 0.385301 -0.392833 0.159597 0.6472 0.6511 0.6433
v 0.364942 -0.339630 0.151164 0.6472 0.6511 0.6433
v 0.385301 -0.286428 0.159597 0.6472 0.6511 0.6433
v 0.434454 -0.264390 0.179957 0.6472 0.6511 0.6433
v 0.483607 -0.286428 0.200317 0.6472 0.6511 0.6433
v 0.503967 -0.339630 0.208750 0.6472 0.6511 0.6433
v 0.370137 -0.392833 0.370137 0.6472 0.6511 0.6433
v 0.332517 -0.414870 0.332517 0.6472 0.6511 0.6433
v 0.294897 -0.392833 0.294897 0.6472 0.6511 0.6433
v 0.279314 -0.339630 0.279314 0.6472 0.6511 0.6433
v 0.294897 -0.286428 0.294897 0.6472 0.6511 0.6433
v 0.332517 -0.264390 0.332517 0.6472 0.6511 0.6433
v 0.370137 -0.286428 0.370137 0.6472 0.6511 0.6433
v 0.385720 -0.339630 0.385720 0.6472 0.6511 0.6433
v 0.200317 -0.392833 0.483607 0.6472 0.6511 0.6433
v 0.179957 -0.414870 0.434454 0.6472 0.6511 0.6433
v 0.159597 -0.392833 0.385301 0.6472 0.6511 0.6433
v 0.151164 -0.339630 0.364942 0.6472 0.6511 0.6433
v 0.159597 -0.286428 0.385301 0.6472 0.6511 0.6433
v 0.179957 -0.264390 0.434454 0.6472 0.6511 0.6433
v 0.200317 -0.286428 0.483607 0.6472 0.6511 0.6433
v 0.208750 -0.339630 0.503967 0.6472 0.6511 0.6433
v 0.000000 -0.392833 0.523453 0.6472 0.6511 0.6433
v 0.000000 -0.414870 0.470250 0.6472 0.6511 0.6433
v 0.000000 -0.392833 0.417047 0.6472 0.6511 0.6433
v 0.000000 -0.339630 0.395010 0.6472 0.6511 0.6433
v 0.000000 -0.286428 0.417047 0.6472 0.6511 0.6433
v 0.000000 -0.264390 0.470250 0.6472 0.6511 0.6433
v 0.000000 -0.286428 0.523453 0.6472 0.6511 0.6433
v 0.000000 -0.339630 0.545490 0.6472 0.6511 0.6433
v 0.509058 -0.339630 -0.210858 0.6472 0.6511 0.6433
v 0.488492 -0.285890 -0.202340 0.6472 0.6511 0.6433
v 0.438843 -0.263630 -0.181775 0.6472 0.6511 0.6433
v 0.389193 -0.285890 -0.161209 0.6472 0.6511 0.6433
v 0.368628 -0.339630 -0.152691 0.6472 0.6511 0.6433
v 0.389193 -0.393370 -0.161209 0.6472 0.6511 0.6433
v 0.438843 -0.415630 -0.181775 0.6472 0.6511 0.6433
v 0.488492 -0.393370 -0.202340 0.6472 0.6511 0.6433
v 0.389616 -0.339630 -0.389616 0.6472 0.6511 0.6433
v 0.373876 -0.285890 -0.373876 0.6472 0.6511 0.6433
v 0.335876 -0.263630 -0.335876 0.6472 0.6511 0.6433
v 0.297876 -0.285890 -0.297876 0.6472 0.6511 0.6433
v 0.282136 -0.339630 -0.282136 0.6472 0.6511 0.6433
v 0.297876 -0.393370 -0.297876 0.6472 0.6511 0.6433
v 0.335876 -0.415630 -0.335876 0.6472 0.6511 0.6433
v 0.373876 -0.393370 -0.373876 0.6472 0.6511 0.6433
v 0.210859 -0.339630 -0.509058 0.6472 0.6511 0.6433
v 0.202340 -0.285890 -0.488492 0.6472 0.6511 0.6433
v 0.181775 -0.263630 -0.438843 0.6472 0.6511 0.6433
v 0.161209 -0.285890 -0.389193 0.6472 0.6511 0.6433
v 0.152691 -0.339630 -0.368628 0.6472 0.6511 0.6433
v 0.161209 -0.393370 -0.389193 0.6472 0.6511 0.6433
v 0.181775 -0.415630 -0.438843 0.6472 0.6511 0.6433
v 0.202340 -0.393370 -0.488492 0.6472 0.6511 0.6433
v -0.210859 -0.339630 -0.509058 0.6472 0.6511 0.6433
v -0.202340 -0.285890 -0.488492 0.6472 0.6511 0.6433
v -0.181775 -0.263630 -0.438843 0.6472 0.6511 0.6433
v -0.161209 -0.285890 -0.389193 0.6472 0.6511 0.6433
v -0.152691 -0.339630 -0.368628 0.6472 0.6511 0.6433
v -0.161209 -0.393370 -0.389193 0.6472 0.6511 0.6433
v -0.181775 -0.415630 -0.438843 0.6472 0.6511 0.6433
v -0.202340 -0.393370 -0.488492 0.6472 0.6511 0.6433
v -0.389616 -0.339630 -0.389616 0.6472 0.6511 0.6433
v -0.373876 -0.285890 -0.373876 0.6472 0.6511 0.6433
v -0.335876 -0.263630 -0.335876 0.6472 0.6511 0.6433
v -0.297876 -0.285890 -0.297876 0.6472 0.6511 0.6433
v -0.282136 -0.339630 -0.282136 0.6472 0.6511 0.6433
v -0.297876 -0.393370 -0.297876 0.6472 0.6511 0.6433
v -0.335876 -0.415630 -0.335876 0.6472 0.6511 0.6433
v -0.373876 -0.393370 -0.373876 0.6472 0.6511 0.6433
v -0.509058 -0.339630 -0.210859 0.6472 0.6511 0.6433
v -0.488492 -0.285890 -0.202340 0.6472 0.6511 0.6433
v -0.438843 -0.263630 -0.181775 0.6472 0.6511 0.6433
v -0.389193 -0.285890 -0.161209 0.6472 0.6511 0.6433
v -0.368628 -0.339630 -0.152691 0.6472 0.6511 0.6433
v -0.389193 -0.393370 -0.161209 0.6472 0.6511 0.6433
v -0.438843 -0.415630 -0.181775 0.6472 0.6511 0.6433
v -0.488492 -0.393370 -0.202340 0.6472 0.6511 0.6433
v -0.509058 -0.339630 0.210858 0.6472 0.6511 0.6433
v -0.488492 -0.285890 0.202340 0.6472 0.6511 0.6433
v -0.438843 -0.263630 0.181774 0.6472 0.6511 0.6433
v -0.389193 -0.285890 0.161209 0.6472 0.6511 0.6433
v -0.368628 -0.339630 0.152691 0.6472 0.6511 0.6433
v -0.389193 -0.393370 0.161209 0.6472 0.6511 0.6433
v -0.438843 -0.415630 0.181774 0.6472 0.6511 0.6433
v -0.488492 -0.393370 0.202340 0.6472 0.6511 0.6433
v -0.389616 -0.339630 0.389616 0.6472 0.6511 0.6433
v -0.373876 -0.285890 0.373876 0.6472 0.6511 0.6433
v -0.335876 -0.263630 0.335876 0.6472 0.6511 0.6433
v -0.297876 -0.285890 0.297876 0.6472 0.6511 0.6433
v -0.282136 -0.339630 0.282136 0.6472 0.6511 0.6433
v -0.297876 -0.393370 0.297876 0.6472 0.6511 0.6433
v -0.335876 -0.415630 0.335876 0.6472 0.6511 0.6433
v -0.373876 -0.393370 0.373876 0.6472 0.6511 0.6433
v -0.210859 -0.339630 0.509058 0.6472 0.6511 0.6433
v -0.202340 -0.285890 0.488492 0.6472 0.6511 0.6433
v -0.181775 -0.263630 0.438843 0.6472 0.6511 0.6433
v -0.161209 -0.285890 0.389193 0.6472 0.6511 0.6433
v -0.152691 -0.339630 0.368628 0.6472 0.6511 0.6433
v -0.161209 -0.393370 0.389193 0.6472 0.6511 0.6433
v -0.181775 -0.415630 0.438843 0.6472 0.6511 0.6433
v -0.202340 -0.393370 0.488492 0.6472 0.6511 0.6433
v 0.210859 -0.339630 0.509058 0.6472 0.6511 0.6433
v 0.202340 -0.285890 0.488492 0.6472 0.6511 0.6433
v 0.181775 -0.263630 0.438843 0.6472 0.6511 0.6433
v 0.161209 -0.285890 0.389193 0.6472 0.6511 0.6433
v 0.152691 -0.339630 0.368628 0.6472 0.6511 0.6433
v 0.161209 -0.393370 0.389193 0.6472 0.6511 0.6433
v 0.181775 -0.415630 0.438843 0.6472 0.6511 0.6433
v 0.202340 -0.393370 0.488492 0.6472 0.6511 0.6433
v 0.389616 -0.339630 0.389616 0.6472 0.6511 0.6433
v 0.373875 -0.285890 0.373876 0.6472 0.6511 0.6433
v 0.335876 -0.263630 0.335876 0.6472 0.6511 0.6433
v 0.297876 -0.285890 0.297876 0.6472 0.6511 0.6433
v 0.282135 -0.339630 0.282136 0.6472 0.6511 0.6433
v 0.297876 -0.393370 0.297876 0.6472 0.6511 0.6433
v 0.335875 -0.415630 0.335876 0.6472 0.6511 0.6433
v 0.373875 -0.393370 0.373876 0.6472 0.6511 0.6433
v 0.509058 -0.339630 0.210859 0.6472 0.6511 0.6433
v 0.488492 -0.285890 0.202340 0.6472 0.6511 0.6433
v 0.438843 -0.263630 0.181775 0.6472 0.6511 0.6433
v 0.389193 -0.285890 0.161209 0.6472 0.6511 0.6433
v 0.368628 -0.339630 0.152691 0.6472 0.6511 0.6433
v 0.389193 -0.393370 0.161209 0.6472 0.6511 0.6433
v 0.438843 -0.415630 0.181775 0.6472 0.6511 0.6433
v 0.488492 -0.393370 0.202340 0.6472 0.6511 0.6433
v -0.654294 -0.274357 0.454600 0.6472 0.6511 0.6433
v -0.619008 0.188964 0.298882 0.6472 0.6511 0.6433
v -0.430521 -0.274357 0.670383 0.6472 0.6511 0.6433
v -0.457511 0.188964 0.513015 0.6472 0.6511 0.6433
v -0.141205 -0.274357 0.784106 0.6472 0.6511 0.6433
v -0.226363 0.188964 0.649046 0.6472 0.6511 0.6433
v 0.039247 -0.311036 0.686266 0.6472 0.6511 0.6433
v 0.039247 0.188964 0.686266 0.6472 0.6511 0.6433
v -1.110600 -0.111719 0.563471 0.6472 0.6511 0.6433
v -1.110600 -0.010353 0.563471 0.6472 0.6511 0.6433
v -0.810429 -0.111719 0.945588 0.6472 0.6511 0.6433
v -0.810429 -0.010353 0.945588 0.6472 0.6511 0.6433
v -0.386878 -0.111719 1.183747 0.6472 0.6511 0.6433
v -0.386878 -0.010353 1.183747 0.6472 0.6511 0.6433
v 0.071370 -0.145052 1.247961 0.6472 0.6511 0.6433
v 0.071370 0.022980 1.247961 0.6472 0.6511 0.6433
v -0.541118 -0.311036 0.261332 0.6472 0.6511 0.6433
v -0.399966 -0.311036 0.448489 0.6472 0.6511 0.6433
v -0.197793 -0.311036 0.567468 0.6472 0.6511 0.6433
v 0.039247 -0.311036 0.686266 0.6472 0.6511 0.6433
v -0.619008 -0.311036 0.298882 0.6472 0.6511 0.6433
v -0.457511 -0.311036 0.513015 0.6472 0.6511 0.6433
v -0.226363 -0.311036 0.649046 0.6472 0.6511 0.6433
v 0.034285 -0.311036 0.599499 0.6472 0.6511 0.6433
v -0.183677 -0.424977 0.525678 0.6472 0.6511 0.6433
v 0.032529 -0.424977 0.568789 0.6472 0.6511 0.6433
v -0.486895 -0.424977 0.239908 0.6472 0.6511 0.6433
v -0.371074 -0.424977 0.416258 0.6472 0.6511 0.6433
v -0.177421 -0.424977 0.507996 0.6472 0.6511 0.6433
v 0.031339 -0.424977 0.547987 0.6472 0.6511 0.6433
v -0.469965 -0.424977 0.231778 0.6472 0.6511 0.6433
v -0.358579 -0.424977 0.402247 0.6472 0.6511 0.6433
v -0.622324 0.087499 0.714102 1.0000 0.8980 0.0000
v -0.624927 0.099329 0.721566 1.0000 0.8980 0.0000
v -0.625841 0.113284 0.724187 1.0000 0.8980 0.0000
v -0.624927 0.127239 0.721566 1.0000 0.8980 0.0000
v -0.305721 0.113284 0.833473 1.0000 0.8980 0.0000
v -0.622324 0.139069 0.714102 1.0000 0.8980 0.0000
v -0.618428 0.146974 0.702931 1.0000 0.8980 0.0000
v -0.613832 0.076818 0.689755 1.0000 0.8980 0.0000
v -0.626399 0.079594 0.695823 1.0000 0.8980 0.0000
v -0.303639 0.149750 0.869879 1.0000 0.8980 0.0000
v -0.314054 0.146974 0.860591 1.0000 0.8980 0.0000
v -0.322883 0.139069 0.852717 1.0000 0.8980 0.0000
v -0.328783 0.127239 0.847456 1.0000 0.8980 0.0000
v -0.330855 0.113284 0.845608 1.0000 0.8980 0.0000
v -0.328783 0.099329 0.847456 1.0000 0.8980 0.0000
v -0.322883 0.087499 0.852717 1.0000 0.8980 0.0000
v -0.314054 0.079594 0.860591 1.0000 0.8980 0.0000
v -0.637052 0.087499 0.700967 1.0000 0.8980 0.0000
v -0.644171 0.099329 0.704404 1.0000 0.8980 0.0000
v -0.317571 0.146974 0.870676 1.0000 0.8980 0.0000
v -0.329382 0.139069 0.871351 1.0000 0.8980 0.0000
v -0.337274 0.127239 0.871803 1.0000 0.8980 0.0000
v -0.340045 0.113284 0.871961 1.0000 0.8980 0.0000
v -0.337274 0.099329 0.871803 1.0000 0.8980 0.0000
v -0.329382 0.087499 0.871351 1.0000 0.8980 0.0000
v -0.317571 0.079594 0.870676 1.0000 0.8980 0.0000
v -0.303639 0.076818 0.869879 1.0000 0.8980 0.0000
v -0.646671 0.113284 0.705611 1.0000 0.8980 0.0000
v -0.312927 0.146974 0.880294 1.0000 0.8980 0.0000
v -0.320801 0.139069 0.889123 1.0000 0.8980 0.0000
v -0.326063 0.127239 0.895023 1.0000 0.8980 0.0000
v -0.327910 0.113284 0.897094 1.0000 0.8980 0.0000
v -0.326063 0.099329 0.895023 1.0000 0.8980 0.0000
v -0.320801 0.087499 0.889123 1.0000 0.8980 0.0000
v -0.312927 0.079594 0.880294 1.0000 0.8980 0.0000
v -0.644171 0.127239 0.704404 1.0000 0.8980 0.0000
v -0.637052 0.139069 0.700967 1.0000 0.8980 0.0000
v -0.302842 0.146974 0.883811 1.0000 0.8980 0.0000
v -0.302167 0.139069 0.895622 1.0000 0.8980 0.0000
v -0.301715 0.127239 0.903514 1.0000 0.8980 0.0000
v -0.301557 0.113284 0.906285 1.0000 0.8980 0.0000
v -0.301715 0.099329 0.903514 1.0000 0.8980 0.0000
v -0.302167 0.087499 0.895622 1.0000 0.8980 0.0000
v -0.302842 0.079594 0.883811 1.0000 0.8980 0.0000
v -0.626399 0.146974 0.695823 1.0000 0.8980 0.0000
v -0.627009 0.079594 0.685160 1.0000 0.8980 0.0000
v -0.293224 0.146974 0.879167 1.0000 0.8980 0.0000
v -0.284395 0.139069 0.887041 1.0000 0.8980 0.0000
v -0.278495 0.127239 0.892302 1.0000 0.8980 0.0000
v -0.276424 0.113284 0.894150 1.0000 0.8980 0.0000
v -0.278495 0.099329 0.892302 1.0000 0.8980 0.0000
v -0.284395 0.087499 0.887041 1.0000 0.8980 0.0000
v -0.293224 0.079594 0.879167 1.0000 0.8980 0.0000
v -0.638179 0.087499 0.681264 1.0000 0.8980 0.0000
v -0.645643 0.099329 0.678661 1.0000 0.8980 0.0000
v -0.289707 0.146974 0.869082 1.0000 0.8980 0.0000
v -0.277896 0.139069 0.868407 1.0000 0.8980 0.0000
v -0.270004 0.127239 0.867955 1.0000 0.8980 0.0000
v -0.267233 0.113284 0.867797 1.0000 0.8980 0.0000
v -0.270004 0.099329 0.867955 1.0000 0.8980 0.0000
v -0.277896 0.087499 0.868407 1.0000 0.8980 0.0000
v -0.289707 0.079594 0.869082 1.0000 0.8980 0.0000
v -0.648264 0.113284 0.677746 1.0000 0.8980 0.0000
v -0.645643 0.127239 0.678661 1.0000 0.8980 0.0000
v -0.294351 0.146974 0.859464 1.0000 0.8980 0.0000
v -0.286477 0.139069 0.850635 1.0000 0.8980 0.0000
v -0.281216 0.127239 0.844735 1.0000 0.8980 0.0000
v -0.279368 0.113284 0.842663 1.0000 0.8980 0.0000
v -0.281216 0.099329 0.844735 1.0000 0.8980 0.0000
v -0.286477 0.087499 0.850635 1.0000 0.8980 0.0000
v -0.294351 0.079594 0.859464 1.0000 0.8980 0.0000
v -0.638179 0.139069 0.681264 1.0000 0.8980 0.0000
v -0.627009 0.146974 0.685160 1.0000 0.8980 0.0000
v -0.304436 0.146974 0.855947 1.0000 0.8980 0.0000
v -0.305111 0.139069 0.844136 1.0000 0.8980 0.0000
v -0.305563 0.127239 0.836244 1.0000 0.8980 0.0000
v -0.613832 0.149750 0.689755 1.0000 0.8980 0.0000
v -0.305563 0.099329 0.836244 1.0000 0.8980 0.0000
v -0.305111 0.087499 0.844136 1.0000 0.8980 0.0000
v -0.304436 0.079594 0.855947 1.0000 0.8980 0.0000
v -0.629688 0.113284 0.656917 1.0000 0.8980 0.0000
v -0.618428 0.079594 0.702931 1.0000 0.8980 0.0000
v -0.607764 0.146974 0.702322 1.0000 0.8980 0.0000
v -0.602620 0.139069 0.712975 1.0000 0.8980 0.0000
v -0.599183 0.127239 0.720094 1.0000 0.8980 0.0000
v -0.597977 0.113284 0.722593 1.0000 0.8980 0.0000
v -0.599183 0.099329 0.720094 1.0000 0.8980 0.0000
v -0.602620 0.087499 0.712975 1.0000 0.8980 0.0000
v -0.607764 0.079594 0.702322 1.0000 0.8980 0.0000
v -0.600656 0.146974 0.694351 1.0000 0.8980 0.0000
v -0.589485 0.139069 0.698246 1.0000 0.8980 0.0000
v -0.582021 0.127239 0.700849 1.0000 0.8980 0.0000
v -0.579400 0.113284 0.701764 1.0000 0.8980 0.0000
v -0.582021 0.099329 0.700849 1.0000 0.8980 0.0000
v -0.589485 0.087499 0.698246 1.0000 0.8980 0.0000
v -0.600656 0.079594 0.694351 1.0000 0.8980 0.0000
v -0.601265 0.146974 0.683687 1.0000 0.8980 0.0000
v -0.590612 0.139069 0.678543 1.0000 0.8980 0.0000
v -0.583494 0.127239 0.675106 1.0000 0.8980 0.0000
v -0.580994 0.113284 0.673899 1.0000 0.8980 0.0000
v -0.583494 0.099329 0.675106 1.0000 0.8980 0.0000
v -0.590612 0.087499 0.678543 1.0000 0.8980 0.0000
v -0.601265 0.079594 0.683687 1.0000 0.8980 0.0000
v -0.609237 0.146974 0.676579 1.0000 0.8980 0.0000
v -0.605341 0.139070 0.665408 1.0000 0.8980 0.0000
v -0.602738 0.127239 0.657944 1.0000 0.8980 0.0000
v -0.601824 0.113284 0.655323 1.0000 0.8980 0.0000
v -0.602738 0.099329 0.657944 1.0000 0.8980 0.0000
v -0.605341 0.087499 0.665408 1.0000 0.8980 0.0000
v -0.609237 0.079594 0.676579 1.0000 0.8980 0.0000
v -0.619900 0.146974 0.677188 1.0000 0.8980 0.0000
v -0.625044 0.139070 0.666535 1.0000 0.8980 0.0000
v -0.628481 0.127239 0.659416 1.0000 0.8980 0.0000
v -0.628481 0.099329 0.659416 1.0000 0.8980 0.0000
v -0.625044 0.087499 0.666535 1.0000 0.8980 0.0000
v -0.619900 0.079594 0.677188 1.0000 0.8980 0.0000
v -0.829696 0.087499 0.427158 1.0000 0.8980 0.0000
v -0.829245 0.099329 0.435050 1.0000 0.8980 0.0000
v -0.829086 0.113284 0.437821 1.0000 0.8980 0.0000
v -0.829245 0.127239 0.435050 1.0000 0.8980 0.0000
v -0.829696 0.139070 0.427158 1.0000 0.8980 0.0000
v -0.830371 0.146974 0.415347 1.0000 0.8980 0.0000
v -0.831168 0.076818 0.401415 1.0000 0.8980 0.0000
v -0.840456 0.079594 0.411830 1.0000 0.8980 0.0000
v -0.848330 0.087499 0.420659 1.0000 0.8980 0.0000
v -0.853592 0.099329 0.426559 1.0000 0.8980 0.0000
v -0.855439 0.113284 0.428630 1.0000 0.8980 0.0000
v -0.853592 0.127239 0.426559 1.0000 0.8980 0.0000
v -0.848330 0.139070 0.420659 1.0000 0.8980 0.0000
v -0.840456 0.146974 0.411830 1.0000 0.8980 0.0000
v -0.845100 0.079594 0.402212 1.0000 0.8980 0.0000
v -0.856911 0.087499 0.402887 1.0000 0.8980 0.0000
v -0.864803 0.099329 0.403338 1.0000 0.8980 0.0000
v -0.867575 0.113284 0.403497 1.0000 0.8980 0.0000
v -0.864803 0.127239 0.403338 1.0000 0.8980 0.0000
v -0.856911 0.139070 0.402887 1.0000 0.8980 0.0000
v -0.845100 0.146974 0.402212 1.0000 0.8980 0.0000
v -0.831168 0.149750 0.401415 1.0000 0.8980 0.0000
v -0.858384 0.113284 0.377144 1.0000 0.8980 0.0000
v -0.830371 0.079594 0.415347 1.0000 0.8980 0.0000
v -0.820753 0.146974 0.410703 1.0000 0.8980 0.0000
v -0.811924 0.139070 0.418577 1.0000 0.8980 0.0000
v -0.806024 0.127239 0.423838 1.0000 0.8980 0.0000
v -0.803953 0.113284 0.425686 1.0000 0.8980 0.0000
v -0.806024 0.099329 0.423838 1.0000 0.8980 0.0000
v -0.811924 0.087499 0.418577 1.0000 0.8980 0.0000
v -0.820753 0.079594 0.410703 1.0000 0.8980 0.0000
v -0.817236 0.146974 0.400618 1.0000 0.8980 0.0000
v -0.805425 0.139070 0.399943 1.0000 0.8980 0.0000
v -0.797533 0.127239 0.399491 1.0000 0.8980 0.0000
v -0.794762 0.113284 0.399333 1.0000 0.8980 0.0000
v -0.797533 0.099329 0.399491 1.0000 0.8980 0.0000
v -0.805425 0.087499 0.399943 1.0000 0.8980 0.0000
v -0.817236 0.079594 0.400618 1.0000 0.8980 0.0000
v -0.821880 0.146974 0.391000 1.0000 0.8980 0.0000
v -0.814006 0.139070 0.382171 1.0000 0.8980 0.0000
v -0.808745 0.127239 0.376271 1.0000 0.8980 0.0000
v -0.806897 0.113284 0.374199 1.0000 0.8980 0.0000
v -0.808745 0.099329 0.376271 1.0000 0.8980 0.0000
v -0.814006 0.087499 0.382171 1.0000 0.8980 0.0000
v -0.821880 0.079594 0.391000 1.0000 0.8980 0.0000
v -0.831965 0.146974 0.387483 1.0000 0.8980 0.0000
v -0.832640 0.139070 0.375672 1.0000 0.8980 0.0000
v -0.833092 0.127239 0.367780 1.0000 0.8980 0.0000
v -0.833250 0.113284 0.365008 1.0000 0.8980 0.0000
v -0.833092 0.099329 0.367780 1.0000 0.8980 0.0000
v -0.832640 0.087499 0.375672 1.0000 0.8980 0.0000
v -0.831965 0.079594 0.387483 1.0000 0.8980 0.0000
v -0.841583 0.146974 0.392127 1.0000 0.8980 0.0000
v -0.850412 0.139070 0.384253 1.0000 0.8980 0.0000
v -0.856312 0.127239 0.378991 1.0000 0.8980 0.0000
v -0.856312 0.099329 0.378991 1.0000 0.8980 0.0000
v -0.850412 0.087499 0.384253 1.0000 0.8980 0.0000
v -0.841583 0.079594 0.392127 1.0000 0.8980 0.0000
v 0.037140 0.113284 0.888891 1.0000 0.8980 0.0000
v 0.052714 0.149750 0.921746 1.0000 0.8980 0.0000
v 0.039819 0.146974 0.917134 1.0000 0.8980 0.0000
v 0.028649 0.139069 0.913238 1.0000 0.8980 0.0000
v 0.021185 0.127239 0.910635 1.0000 0.8980 0.0000
v 0.018564 0.113284 0.909721 1.0000 0.8980 0.0000
v 0.021185 0.099329 0.910635 1.0000 0.8980 0.0000
v 0.028649 0.087499 0.913238 1.0000 0.8980 0.0000
v 0.039819 0.079594 0.917134 1.0000 0.8980 0.0000
v 0.040429 0.146974 0.927797 1.0000 0.8980 0.0000
v 0.029776 0.139069 0.932941 1.0000 0.8980 0.0000
v 0.022657 0.127239 0.936378 1.0000 0.8980 0.0000
v 0.020158 0.113284 0.937585 1.0000 0.8980 0.0000
v 0.022657 0.099329 0.936378 1.0000 0.8980 0.0000
v 0.029776 0.087499 0.932941 1.0000 0.8980 0.0000
v 0.040429 0.079594 0.927797 1.0000 0.8980 0.0000
v 0.052714 0.076818 0.921746 1.0000 0.8980 0.0000
v 0.048400 0.146974 0.934906 1.0000 0.8980 0.0000
v 0.044505 0.139069 0.946077 1.0000 0.8980 0.0000
v 0.041901 0.127239 0.953540 1.0000 0.8980 0.0000
v 0.040987 0.113284 0.956161 1.0000 0.8980 0.0000
v 0.041901 0.099329 0.953540 1.0000 0.8980 0.0000
v 0.044505 0.087499 0.946077 1.0000 0.8980 0.0000
v 0.048400 0.079594 0.934906 1.0000 0.8980 0.0000
v 0.053450 0.146974 0.934617 1.0000 0.8980 0.0000
v 0.054074 0.139069 0.945529 1.0000 0.8980 0.0000
v 0.054491 0.127239 0.952820 1.0000 0.8980 0.0000
v 0.054638 0.113284 0.955381 1.0000 0.8980 0.0000
v 0.054491 0.099329 0.952820 1.0000 0.8980 0.0000
v 0.054074 0.087499 0.945529 1.0000 0.8980 0.0000
v 0.053450 0.079594 0.934617 1.0000 0.8980 0.0000
v 0.053019 0.146974 0.927077 1.0000 0.8980 0.0000
v 0.053278 0.139069 0.931597 1.0000 0.8980 0.0000
v 0.053450 0.127239 0.934617 1.0000 0.8980 0.0000
v 0.053511 0.113284 0.935678 1.0000 0.8980 0.0000
v 0.053450 0.099329 0.934617 1.0000 0.8980 0.0000
v 0.053278 0.087499 0.931597 1.0000 0.8980 0.0000
v 0.053019 0.079594 0.927077 1.0000 0.8980 0.0000
v 0.052409 0.146974 0.916414 1.0000 0.8980 0.0000
v 0.052151 0.139069 0.911894 1.0000 0.8980 0.0000
v 0.051978 0.127239 0.908874 1.0000 0.8980 0.0000
v 0.051917 0.113284 0.907814 1.0000 0.8980 0.0000
v 0.051978 0.099329 0.908874 1.0000 0.8980 0.0000
v 0.052151 0.087499 0.911894 1.0000 0.8980 0.0000
v 0.052409 0.079594 0.916414 1.0000 0.8980 0.0000
v 0.051978 0.146974 0.908874 1.0000 0.8980 0.0000
v 0.051354 0.139069 0.897962 1.0000 0.8980 0.0000
v 0.050937 0.127239 0.890671 1.0000 0.8980 0.0000
v 0.050791 0.113284 0.888111 1.0000 0.8980 0.0000
v 0.050937 0.099329 0.890671 1.0000 0.8980 0.0000
v 0.051354 0.087499 0.897962 1.0000 0.8980 0.0000
v 0.051978 0.079594 0.908874 1.0000 0.8980 0.0000
v 0.046928 0.146974 0.909163 1.0000 0.8980 0.0000
v 0.041784 0.139069 0.898509 1.0000 0.8980 0.0000
v 0.038347 0.127239 0.891391 1.0000 0.8980 0.0000
v 0.038347 0.099329 0.891391 1.0000 0.8980 0.0000
v 0.041784 0.087499 0.898509 1.0000 0.8980 0.0000
v 0.046928 0.079594 0.909163 1.0000 0.8980 0.0000
v -0.911589 0.087499 0.075383 1.0000 0.8980 0.0000
v -0.908151 0.099329 0.082501 1.0000 0.8980 0.0000
v -0.906944 0.113284 0.085001 1.0000 0.8980 0.0000
v -0.908151 0.127239 0.082501 1.0000 0.8980 0.0000
v -0.911589 0.139070 0.075383 1.0000 0.8980 0.0000
v -0.916733 0.146974 0.064729 1.0000 0.8980 0.0000
v -0.927396 0.079594 0.065339 1.0000 0.8980 0.0000
v -0.931291 0.087499 0.076510 1.0000 0.8980 0.0000
v -0.933895 0.099329 0.083974 1.0000 0.8980 0.0000
v -0.934809 0.113284 0.086595 1.0000 0.8980 0.0000
v -0.933895 0.127239 0.083974 1.0000 0.8980 0.0000
v -0.931291 0.139070 0.076510 1.0000 0.8980 0.0000
v -0.927396 0.146974 0.065339 1.0000 0.8980 0.0000
v -0.935367 0.079594 0.058230 1.0000 0.8980 0.0000
v -0.946020 0.087499 0.063374 1.0000 0.8980 0.0000
v -0.953139 0.099329 0.066811 1.0000 0.8980 0.0000
v -0.955639 0.113284 0.068018 1.0000 0.8980 0.0000
v -0.953139 0.127239 0.066811 1.0000 0.8980 0.0000
v -0.946020 0.139070 0.063374 1.0000 0.8980 0.0000
v -0.935367 0.146974 0.058230 1.0000 0.8980 0.0000
v -0.916733 0.079594 0.064729 1.0000 0.8980 0.0000
v -0.909624 0.146974 0.056758 1.0000 0.8980 0.0000
v -0.898453 0.139070 0.060654 1.0000 0.8980 0.0000
v -0.890989 0.127239 0.063257 1.0000 0.8980 0.0000
v -0.888368 0.113284 0.064171 1.0000 0.8980 0.0000
v -0.890989 0.099329 0.063257 1.0000 0.8980 0.0000
v -0.898453 0.087499 0.060654 1.0000 0.8980 0.0000
v -0.909624 0.079594 0.056758 1.0000 0.8980 0.0000
v -0.433182 -0.010353 1.167598 0.6472 0.6511 0.6433
v -0.433182 -0.111719 1.167598 0.6472 0.6511 0.6433
v 0.046612 -0.111719 1.244492 0.6472 0.6511 0.6433
v 0.046612 -0.010353 1.244492 0.6472 0.6511 0.6433
v -0.847029 -0.010353 0.912948 0.6472 0.6511 0.6433
v -0.847029 -0.111719 0.912948 0.6472 0.6511 0.6433
v -0.244596 -0.181731 1.080558 0.6472 0.6511 0.6433
v -0.411636 0.022980 1.180278 0.6472 0.6511 0.6433
v -1.131922 -0.010353 0.519310 0.6472 0.6511 0.6433
v -1.131922 -0.111719 0.519310 0.6472 0.6511 0.6433
v -0.639489 -0.181731 0.904703 0.6472 0.6511 0.6433
v -0.831975 0.022980 0.932908 0.6472 0.6511 0.6433
v -1.241692 -0.010353 0.095572 0.6472 0.6511 0.6433
v -1.241692 -0.111719 0.095572 0.6472 0.6511 0.6433
v -0.937025 -0.181731 0.591115 0.6472 0.6511 0.6433
v -1.125653 0.022980 0.543512 0.6472 0.6511 0.6433
v 0.037702 -0.027020 1.217999 0.6472 0.6511 0.6433
v 0.037702 -0.095052 1.217999 0.6472 0.6511 0.6433
v -0.371030 -0.027020 1.160724 0.6472 0.6511 0.6433
v -0.371030 -0.095052 1.160724 0.6472 0.6511 0.6433
v -1.218597 -0.027020 0.092619 0.6472 0.6511 0.6433
v -1.218597 -0.095052 0.092619 0.6472 0.6511 0.6433
v -0.779696 -0.027020 0.936874 0.6472 0.6511 0.6433
v -0.779696 -0.095052 0.936874 0.6472 0.6511 0.6433
v -0.423995 -0.095052 1.146204 0.6472 0.6511 0.6433
v -0.423995 -0.027020 1.146204 0.6472 0.6511 0.6433
v -1.083113 -0.027020 0.558398 0.6472 0.6511 0.6433
v -1.083113 -0.095052 0.558398 0.6472 0.6511 0.6433
v -0.834596 -0.095052 0.887915 0.6472 0.6511 0.6433
v -0.834596 -0.027020 0.887915 0.6472 0.6511 0.6433
v -1.115097 -0.095052 0.492157 0.6472 0.6511 0.6433
v -1.115097 -0.027020 0.492157 0.6472 0.6511 0.6433
v 0.050081 -0.010353 1.219734 0.6472 0.6511 0.6433
v 0.050081 -0.111719 1.219734 0.6472 0.6511 0.6433
v -0.383409 -0.010353 1.158989 0.6472 0.6511 0.6433
v -0.383409 -0.111719 1.158989 0.6472 0.6511 0.6433
v -0.790469 -0.010353 0.930534 0.6472 0.6511 0.6433
v -0.790469 -0.111719 0.930534 0.6472 0.6511 0.6433
v -0.413223 -0.111719 1.152544 0.6472 0.6511 0.6433
v -0.413223 -0.010353 1.152544 0.6472 0.6511 0.6433
v -1.090640 -0.010353 0.548418 0.6472 0.6511 0.6433
v -1.090640 -0.111719 0.548418 0.6472 0.6511 0.6433
v -0.827069 -0.111719 0.897895 0.6472 0.6511 0.6433
v -0.827069 -0.010353 0.897895 0.6472 0.6511 0.6433
v -1.221732 -0.010353 0.080518 0.6472 0.6511 0.6433
v -1.221732 -0.111719 0.080518 0.6472 0.6511 0.6433
v -1.111963 -0.111719 0.504257 0.6472 0.6511 0.6433
v -1.111963 -0.010353 0.504257 0.6472 0.6511 0.6433
v 0.037702 -0.027020 1.217999 0.6472 0.6511 0.6433
v 0.037702 -0.095052 1.217999 0.6472 0.6511 0.6433
v -0.371030 -0.027020 1.160724 0.6472 0.6511 0.6433
v -0.371030 -0.095052 1.160724 0.6472 0.6511 0.6433
v -0.779696 -0.027020 0.936874 1.0000 0.8980 0.0000
v -0.779696 -0.095052 0.936874 1.0000 0.8980 0.0000
v -0.423995 -0.095052 1.146204 1.0000 0.8980 0.0000
v -0.423995 -0.027020 1.146204 1.0000 0.8980 0.0000
v -1.083113 -0.027020 0.558398 1.0000 0.8980 0.0000
v -1.083113 -0.095052 0.558398 1.0000 0.8980 0.0000
v -0.834596 -0.095052 0.887915 1.0000 0.8980 0.0000
v -0.834596 -0.027020 0.887915 1.0000 0.8980 0.0000
v -1.218597 -0.027020 0.092619 1.0000 0.8980 0.0000
v -1.218597 -0.095052 0.092619 1.0000 0.8980 0.0000
v -1.115097 -0.095052 0.492157 1.0000 0.8980 0.0000
v -1.115097 -0.027020 0.492157 1.0000 0.8980 0.0000
v 0.037702 -0.027020 1.217999 1.0000 0.8980 0.0000
v 0.037702 -0.095052 1.217999 1.0000 0.8980 0.0000
v -0.371030 -0.027020 1.160724 1.0000 0.8980 0.0000
v -0.371030 -0.095052 1.160724 1.0000 0.8980 0.0000
v -0.071419 -0.044028 1.253196 1.0000 0.8980 0.0000
v -0.071419 -0.078044 1.253196 1.0000 0.8980 0.0000
v -0.275786 -0.044028 1.224558 1.0000 0.8980 0.0000
v -0.275786 -0.078044 1.224558 1.0000 0.8980 0.0000
v -0.716131 -0.044028 1.032298 1.0000 0.8980 0.0000
v -0.716131 -0.078044 1.032298 1.0000 0.8980 0.0000
v -0.538280 -0.078044 1.136964 1.0000 0.8980 0.0000
v -0.538280 -0.044028 1.136964 1.0000 0.8980 0.0000
v -1.060903 -0.044028 0.670884 1.0000 0.8980 0.0000
v -1.060903 -0.078044 0.670884 1.0000 0.8980 0.0000
v -0.936645 -0.078044 0.835643 1.0000 0.8980 0.0000
v -0.936645 -0.044028 0.835643 1.0000 0.8980 0.0000
v -1.241125 -0.044028 0.205042 1.0000 0.8980 0.0000
v -1.241125 -0.078044 0.205042 1.0000 0.8980 0.0000
v -1.189375 -0.078044 0.404811 1.0000 0.8980 0.0000
v -1.189375 -0.044028 0.404811 1.0000 0.8980 0.0000
v -0.480434 -0.181731 0.998307 0.6472 0.6511 0.6433
v -0.377043 -0.274357 0.701855 0.6472 0.6511 0.6433
v -0.061828 -0.181731 1.106169 0.6472 0.6511 0.6433
v -0.079754 -0.274357 0.792717 0.6472 0.6511 0.6433
v -0.825898 -0.181731 0.738461 0.6472 0.6511 0.6433
v -0.411636 -0.145052 1.180278 0.6472 0.6511 0.6433
v -0.616930 -0.274357 0.504141 0.6472 0.6511 0.6433
v -0.226363 -0.311036 0.649046 0.6472 0.6511 0.6433
v -1.045627 -0.181731 0.366192 0.6472 0.6511 0.6433
v -0.831975 -0.145052 0.932908 0.6472 0.6511 0.6433
v -0.762896 -0.274357 0.229677 0.6472 0.6511 0.6433
v -0.457511 -0.311036 0.513015 0.6472 0.6511 0.6433
v -1.125653 -0.145052 0.543512 0.6472 0.6511 0.6433
v -1.091908 -0.181731 0.187535 0.6472 0.6511 0.6433
v -0.619008 -0.311036 0.298882 0.6472 0.6511 0.6433
v -0.778456 -0.274357 0.169608 0.6472 0.6511 0.6433
v -0.060828 -0.157790 1.099038 1.0000 0.8980 0.0000
v -0.078754 -0.250417 0.785585 1.0000 0.8980 0.0000
v -0.243597 -0.157790 1.073426 1.0000 0.8980 0.0000
v -0.140205 -0.250417 0.776974 1.0000 0.8980 0.0000
v -0.635836 -0.157790 0.898496 1.0000 0.8980 0.0000
v -0.476781 -0.157790 0.992100 1.0000 0.8980 0.0000
v -0.426868 -0.250417 0.664177 1.0000 0.8980 0.0000
v -0.373390 -0.250417 0.695648 1.0000 0.8980 0.0000
v -0.931276 -0.157790 0.586778 1.0000 0.8980 0.0000
v -0.820149 -0.157790 0.734125 1.0000 0.8980 0.0000
v -0.648544 -0.250417 0.450264 1.0000 0.8980 0.0000
v -0.611181 -0.250417 0.499805 1.0000 0.8980 0.0000
v -1.084937 -0.157790 0.185729 1.0000 0.8980 0.0000
v -0.771485 -0.250417 0.167803 1.0000 0.8980 0.0000
v -1.038656 -0.157790 0.364386 1.0000 0.8980 0.0000
v -0.755924 -0.250417 0.227871 1.0000 0.8980 0.0000
v -0.035685 0.061036 -0.623981 0.5569 0.9490 0.6863
v -0.178504 0.638460 -0.159192 0.5569 0.9490 0.6863
v -0.329833 0.502977 -0.294148 0.5569 0.9490 0.6863
v -0.430947 0.300213 -0.384323 0.5569 0.9490 0.6863
v -0.466454 0.061036 -0.415988 0.5569 0.9490 0.6863
v -0.430947 -0.178141 -0.384323 0.5569 0.9490 0.6863
v -0.329833 -0.380906 -0.294148 0.5569 0.9490 0.6863
v -0.178504 -0.516389 -0.159192 0.5569 0.9490 0.6863
v -0.159192 0.638460 0.178504 0.5569 0.9490 0.6863
v -0.294148 0.502977 0.329833 0.5569 0.9490 0.6863
v -0.384322 0.300213 0.430947 0.5569 0.9490 0.6863
v -0.415988 0.061036 0.466454 0.5569 0.9490 0.6863
v -0.384322 -0.178142 0.430947 0.5569 0.9490 0.6863
v -0.294148 -0.380906 0.329833 0.5569 0.9490 0.6863
v -0.159192 -0.516389 0.178504 0.5569 0.9490 0.6863
v 0.013656 0.638460 0.238787 0.5569 0.9490 0.6863
v 0.025233 0.502977 0.441221 0.5569 0.9490 0.6863
v 0.032969 0.300213 0.576483 0.5569 0.9490 0.6863
v 0.035685 0.061036 0.623980 0.5569 0.9490 0.6863
v 0.032969 -0.178142 0.576483 0.5569 0.9490 0.6863
v 0.025233 -0.380906 0.441221 0.5569 0.9490 0.6863
v 0.013656 -0.516389 0.238787 0.5569 0.9490 0.6863
v 0.178504 0.638460 0.159192 0.5569 0.9490 0.6863
v 0.329833 0.502977 0.294148 0.5569 0.9490 0.6863
v 0.430947 0.300213 0.384322 0.5569 0.9490 0.6863
v 0.466454 0.061036 0.415987 0.5569 0.9490 0.6863
v 0.430947 -0.178142 0.384322 0.5569 0.9490 0.6863
v 0.329833 -0.380906 0.294147 0.5569 0.9490 0.6863
v 0.178504 -0.516389 0.159191 0.5569 0.9490 0.6863
v 0.159192 0.638460 -0.178504 0.5569 0.9490 0.6863
v 0.294148 0.502977 -0.329833 0.5569 0.9490 0.6863
v 0.384322 0.300213 -0.430947 0.5569 0.9490 0.6863
v 0.415988 0.061036 -0.466454 0.5569 0.9490 0.6863
v 0.384322 -0.178141 -0.430947 0.5569 0.9490 0.6863
v 0.294148 -0.380906 -0.329833 0.5569 0.9490 0.6863
v 0.159192 -0.516389 -0.178504 0.5569 0.9490 0.6863
v -0.013656 0.638460 -0.238787 0.5569 0.9490 0.6863
v -0.025233 0.502978 -0.441221 0.5569 0.9490 0.6863
v -0.032969 0.300213 -0.576483 0.5569 0.9490 0.6863
v -0.032969 -0.178141 -0.576483 0.5569 0.9490 0.6863
v -0.025233 -0.380906 -0.441221 0.5569 0.9490 0.6863
v -0.013656 -0.516389 -0.238787 0.5569 0.9490 0.6863
v -0.200317 -0.392833 0.483607 0.6472 0.6511 0.6433
v -0.179957 -0.414870 0.434454 0.6472 0.6511 0.6433
v -0.159597 -0.392833 0.385301 0.6472 0.6511 0.6433
v -0.151164 -0.339630 0.364942 0.6472 0.6511 0.6433
v -0.159597 -0.286428 0.385301 0.6472 0.6511 0.6433
v -0.179957 -0.264390 0.434454 0.6472 0.6511 0.6433
v -0.200317 -0.286428 0.483607 0.6472 0.6511 0.6433
v -0.208750 -0.339630 0.503967 0.6472 0.6511 0.6433
v -0.370137 -0.392833 0.370137 0.6472 0.6511 0.6433
v -0.332517 -0.414870 0.332517 0.6472 0.6511 0.6433
v -0.294897 -0.392833 0.294897 0.6472 0.6511 0.6433
v -0.279314 -0.339630 0.279314 0.6472 0.6511 0.6433
v -0.294897 -0.286427 0.294897 0.6472 0.6511 0.6433
v -0.332517 -0.264390 0.332517 0.6472 0.6511 0.6433
v -0.370137 -0.286427 0.370137 0.6472 0.6511 0.6433
v -0.385720 -0.339630 0.385720 0.6472 0.6511 0.6433
v -0.483607 -0.392833 0.200317 0.6472 0.6511 0.6433
v -0.434454 -0.414870 0.179957 0.6472 0.6511 0.6433
v -0.385301 -0.392833 0.159597 0.6472 0.6511 0.6433
v -0.364942 -0.339630 0.151164 0.6472 0.6511 0.6433
v -0.385301 -0.286427 0.159597 0.6472 0.6511 0.6433
v -0.434454 -0.264390 0.179957 0.6472 0.6511 0.6433
v -0.483607 -0.286427 0.200317 0.6472 0.6511 0.6433
v -0.503967 -0.339630 0.208750 0.6472 0.6511 0.6433
v -0.523453 -0.392833 0.000000 0.6472 0.6511 0.6433
v -0.470250 -0.414870 0.000000 0.6472 0.6511 0.6433
v -0.417047 -0.392833 0.000000 0.6472 0.6511 0.6433
v -0.395010 -0.339630 0.000000 0.6472 0.6511 0.6433
v -0.417047 -0.286427 0.000000 0.6472 0.6511 0.6433
v -0.470250 -0.264390 0.000000 0.6472 0.6511 0.6433
v -0.523453 -0.286427 0.000000 0.6472 0.6511 0.6433
v -0.545490 -0.339630 0.000000 0.6472 0.6511 0.6433
v 0.483607 -0.392833 -0.200317 0.6472 0.6511 0.6433
v 0.434454 -0.414870 -0.179957 0.6472 0.6511 0.6433
v 0.385301 -0.392833 -0.159597 0.6472 0.6511 0.6433
v 0.364942 -0.339630 -0.151164 0.6472 0.6511 0.6433
v 0.385301 -0.286428 -0.159597 0.6472 0.6511 0.6433
v 0.434454 -0.264390 -0.179957 0.6472 0.6511 0.6433
v 0.483607 -0.286428 -0.200317 0.6472 0.6511 0.6433
v 0.503967 -0.339630 -0.208750 0.6472 0.6511 0.6433
v 0.370137 -0.392833 -0.370137 0.6472 0.6511 0.6433
v 0.332517 -0.414870 -0.332517 0.6472 0.6511 0.6433
v 0.294897 -0.392833 -0.294897 0.6472 0.6511 0.6433
v 0.279314 -0.339630 -0.279314 0.6472 0.6511 0.6433
v 0.294897 -0.286428 -0.294897 0.6472 0.6511 0.6433
v 0.332517 -0.264390 -0.332517 0.6472 0.6511 0.6433
v 0.370137 -0.286428 -0.370137 0.6472 0.6511 0.6433
v 0.385720 -0.339630 -0.385720 0.6472 0.6511 0.6433
v 0.200317 -0.392833 -0.483607 0.6472 0.6511 0.6433
v 0.179957 -0.414870 -0.434454 0.6472 0.6511 0.6433
v 0.159597 -0.392833 -0.385301 0.6472 0.6511 0.6433
v 0.151164 -0.339630 -0.364942 0.6472 0.6511 0.6433
v 0.159597 -0.286428 -0.385301 0.6472 0.6511 0.6433
v 0.179957 -0.264390 -0.434454 0.6472 0.6511 0.6433
v 0.200317 -0.286428 -0.483607 0.6472 0.6511 0.6433
v 0.208750 -0.339630 -0.503967 0.6472 0.6511 0.6433
v -0.200317 -0.392833 -0.483607 0.6472 0.6511 0.6433
v -0.179957 -0.414870 -0.434454 0.6472 0.6511 0.6433
v -0.159597 -0.392833 -0.385301 0.6472 0.6511 0.6433
v -0.151164 -0.339630 -0.364942 0.6472 0.6511 0.6433
v -0.159597 -0.286428 -0.385301 0.6472 0.6511 0.6433
v -0.179957 -0.264390 -0.434454 0.6472 0.6511 0.6433
v -0.200317 -0.286428 -0.483607 0.6472 0.6511 0.6433
v -0.208750 -0.339630 -0.503967 0.6472 0.6511 0.6433
v -0.370137 -0.392833 -0.370137 0.6472 0.6511 0.6433
v -0.332517 -0.414870 -0.332517 0.6472 0.6511 0.6433
v -0.294897 -0.392833 -0.294897 0.6472 0.6511 0.6433
v -0.279314 -0.339630 -0.279314 0.6472 0.6511 0.6433
v -0.294897 -0.286427 -0.294897 0.6472 0.6511 0.6433
v -0.332517 -0.264390 -0.332517 0.6472 0.6511 0.6433
v -0.370137 -0.286427 -0.370137 0.6472 0.6511 0.6433
v -0.385720 -0.339630 -0.385720 0.6472 0.6511 0.6433
v -0.483607 -0.392833 -0.200317 0.6472 0.6511 0.6433
v -0.434454 -0.414870 -0.179957 0.6472 0.6511 0.6433
v -0.385302 -0.392833 -0.159597 0.6472 0.6511 0.6433
v -0.364942 -0.339630 -0.151164 0.6472 0.6511 0.6433
v -0.385302 -0.286427 -0.159597 0.6472 0.6511 0.6433
v -0.434454 -0.264390 -0.179957 0.6472 0.6511 0.6433
v -0.483607 -0.286427 -0.200317 0.6472 0.6511 0.6433
v -0.503967 -0.339630 -0.208750 0.6472 0.6511 0.6433
v -0.523453 -0.392833 0.000000 0.6472 0.6511 0.6433
v -0.470250 -0.414870 0.000000 0.6472 0.6511 0.6433
v -0.417047 -0.392833 0.000000 0.6472 0.6511 0.6433
v -0.395010 -0.339630 0.000000 0.6472 0.6511 0.6433
v -0.417047 -0.286427 0.000000 0.6472 0.6511 0.6433
v -0.470250 -0.264390 0.000000 0.6472 0.6511 0.6433
v -0.523453 -0.286427 0.000000 0.6472 0.6511 0.6433
v -0.545490 -0.339630 0.000000 0.6472 0.6511 0.6433
v -0.483607 -0.392833 0.200317 0.6472 0.6511 0.6433
v -0.434454 -0.414870 0.179957 0.6472 0.6511 0.6433
v -0.385301 -0.392833 0.159597 0.6472 0.6511 0.6433
v -0.364942 -0.339630 0.151164 0.6472 0.6511 0.6433
v -0.385301 -0.286427 0.159597 0.6472 0.6511 0.6433
v -0.434454 -0.264390 0.179957 0.6472 0.6511 0.6433
v -0.483607 -0.286427 0.200317 0.6472 0.6511 0.6433
v -0.503967 -0.339630 0.208750 0.6472 0.6511 0.6433
v -0.370137 -0.392833 0.370137 0.6472 0.6511 0.6433
v -0.332517 -0.414870 0.332517 0.6472 0.6511 0.6433
v -0.294897 -0.392833 0.294897 0.6472 0.6511 0.6433
v -0.279314 -0.339630 0.279314 0.6472 0.6511 0.6433
v -0.294897 -0.286427 0.294897 0.6472 0.6511 0.6433
v -0.332517 -0.264390 0.332517 0.6472 0.6511 0.6433
v -0.370137 -0.286427 0.370137 0.6472 0.6511 0.6433
v -0.385720 -0.339630 0.385720 0.6472 0.6511 0.6433
v -0.200317 -0.392833 0.483607 0.6472 0.6511 0.6433
v -0.179957 -0.414870 0.434454 0.6472 0.6511 0.6433
v -0.159597 -0.392833 0.385301 0.6472 0.6511 0.6433
v -0.151164 -0.339630 0.364942 0.6472 0.6511 0.6433
v -0.159597 -0.286428 0.385301 0.6472 0.6511 0.6433
v -0.179957 -0.264390 0.434454 0.6472 0.6511 0.6433
v -0.200317 -0.286428 0.483607 0.6472 0.6511 0.6433
v -0.208750 -0.339630 0.503967 0.6472 0.6511 0.6433
v -0.509058 -0.339630 -0.210859 0.6472 0.6511 0.6433
v -0.488492 -0.285890 -0.202340 0.6472 0.6511 0.6433
v -0.438843 -0.263630 -0.181775 0.6472 0.6511 0.6433
v -0.389193 -0.285890 -0.161209 0.6472 0.6511 0.6433
v -0.368628 -0.339630 -0.152691 0.6472 0.6511 0.6433
v -0.389193 -0.393370 -0.161209 0.6472 0.6511 0.6433
v -0.438843 -0.415630 -0.181775 0.6472 0.6511 0.6433
v -0.488492 -0.393370 -0.202340 0.6472 0.6511 0.6433
v -0.389616 -0.339630 -0.389616 0.6472 0.6511 0.6433
v -0.373876 -0.285890 -0.373876 0.6472 0.6511 0.6433
v -0.335876 -0.263630 -0.335876 0.6472 0.6511 0.6433
v -0.297876 -0.285890 -0.297876 0.6472 0.6511 0.6433
v -0.282136 -0.339630 -0.282136 0.6472 0.6511 0.6433
v -0.297876 -0.393370 -0.297876 0.6472 0.6511 0.6433
v -0.335876 -0.415630 -0.335876 0.6472 0.6511 0.6433
v -0.373876 -0.393370 -0.373876 0.6472 0.6511 0.6433
v -0.210859 -0.339630 -0.509058 0.6472 0.6511 0.6433
v -0.202340 -0.285890 -0.488492 0.6472 0.6511 0.6433
v -0.181775 -0.263630 -0.438843 0.6472 0.6511 0.6433
v -0.161209 -0.285890 -0.389193 0.6472 0.6511 0.6433
v -0.152691 -0.339630 -0.368628 0.6472 0.6511 0.6433
v -0.161209 -0.393370 -0.389193 0.6472 0.6511 0.6433
v -0.181775 -0.415630 -0.438843 0.6472 0.6511 0.6433
v -0.202340 -0.393370 -0.488492 0.6472 0.6511 0.6433
v 0.000000 -0.339630 -0.551000 0.6472 0.6511 0.6433
v 0.000000 -0.285890 -0.528740 0.6472 0.6511 0.6433
v 0.000000 -0.263630 -0.475000 0.6472 0.6511 0.6433
v 0.000000 -0.285890 -0.421260 0.6472 0.6511 0.6433
v 0.000000 -0.339630 -0.399000 0.6472 0.6511 0.6433
v 0.000000 -0.393370 -0.421260 0.6472 0.6511 0.6433
v 0.000000 -0.415630 -0.475000 0.6472 0.6511 0.6433
v 0.000000 -0.393370 -0.528740 0.6472 0.6511 0.6433
v 0.210859 -0.339630 -0.509058 0.6472 0.6511 0.6433
v 0.202340 -0.285890 -0.488492 0.6472 0.6511 0.6433
v 0.181775 -0.263630 -0.438843 0.6472 0.6511 0.6433
v 0.161209 -0.285890 -0.389193 0.6472 0.6511 0.6433
v 0.152691 -0.339630 -0.368628 0.6472 0.6511 0.6433
v 0.161209 -0.393370 -0.389193 0.6472 0.6511 0.6433
v 0.181775 -0.415630 -0.438843 0.6472 0.6511 0.6433
v 0.202340 -0.393370 -0.488492 0.6472 0.6511 0.6433
v 0.389616 -0.339630 -0.389616 0.6472 0.6511 0.6433
v 0.373876 -0.285890 -0.373876 0.6472 0.6511 0.6433
v 0.335876 -0.263630 -0.335876 0.6472 0.6511 0.6433
v 0.297876 -0.285890 -0.297876 0.6472 0.6511 0.6433
v 0.282136 -0.339630 -0.282136 0.6472 0.6511 0.6433
v 0.297876 -0.393370 -0.297876 0.6472 0.6511 0.6433
v 0.335876 -0.415630 -0.335876 0.6472 0.6511 0.6433
v 0.373876 -0.393370 -0.373876 0.6472 0.6511 0.6433
v 0.509058 -0.339630 -0.210859 0.6472 0.6511 0.6433
v 0.488492 -0.285890 -0.202340 0.6472 0.6511 0.6433
v 0.438843 -0.263630 -0.181775 0.6472 0.6511 0.6433
v 0.389193 -0.285890 -0.161209 0.6472 0.6511 0.6433
v 0.368628 -0.339630 -0.152691 0.6472 0.6511 0.6433
v 0.389193 -0.393370 -0.161209 0.6472 0.6511 0.6433
v 0.438843 -0.415630 -0.181775 0.6472 0.6511 0.6433
v 0.488492 -0.393370 -0.202340 0.6472 0.6511 0.6433
v 0.509058 -0.339630 0.210858 0.6472 0.6511 0.6433
v 0.488492 -0.285890 0.202340 0.6472 0.6511 0.6433
v 0.438843 -0.263630 0.181774 0.6472 0.6511 0.6433
v 0.389193 -0.285890 0.161209 0.6472 0.6511 0.6433
v 0.368628 -0.339630 0.152691 0.6472 0.6511 0.6433
v 0.389193 -0.393370 0.161209 0.6472 0.6511 0.6433
v 0.438843 -0.415630 0.181774 0.6472 0.6511 0.6433
v 0.488492 -0.393370 0.202340 0.6472 0.6511 0.6433
v 0.389616 -0.339630 0.389616 0.6472 0.6511 0.6433
v 0.373876 -0.285890 0.373876 0.6472 0.6511 0.6433
v 0.335876 -0.263630 0.335876 0.6472 0.6511 0.6433
v 0.297876 -0.285890 0.297876 0.6472 0.6511 0.6433
v 0.282136 -0.339630 0.282136 0.6472 0.6511 0.6433
v 0.297876 -0.393370 0.297876 0.6472 0.6511 0.6433
v 0.335876 -0.415630 0.335876 0.6472 0.6511 0.6433
v 0.373876 -0.393370 0.373876 0.6472 0.6511 0.6433
v 0.210859 -0.339630 0.509058 0.6472 0.6511 0.6433
v 0.202340 -0.285890 0.488492 0.6472 0.6511 0.6433
v 0.181775 -0.263630 0.438843 0.6472 0.6511 0.6433
v 0.161209 -0.285890 0.389193 0.6472 0.6511 0.6433
v 0.152691 -0.339630 0.368628 0.6472 0.6511 0.6433
v 0.161209 -0.393370 0.389193 0.6472 0.6511 0.6433
v 0.181775 -0.415630 0.438843 0.6472 0.6511 0.6433
v 0.202340 -0.393370 0.488492 0.6472 0.6511 0.6433
v 0.000000 -0.339630 0.551000 0.6472 0.6511 0.6433
v 0.000000 -0.285890 0.528740 0.6472 0.6511 0.6433
v 0.000000 -0.263630 0.475000 0.6472 0.6511 0.6433
v 0.000000 -0.285890 0.421260 0.6472 0.6511 0.6433
v 0.000000 -0.339630 0.399000 0.6472 0.6511 0.6433
v 0.000000 -0.393370 0.421260 0.6472 0.6511 0.6433
v 0.000000 -0.415630 0.475000 0.6472 0.6511 0.6433
v 0.000000 -0.393370 0.528740 0.6472 0.6511 0.6433
v -0.210859 -0.339630 0.509058 0.6472 0.6511 0.6433
v -0.202340 -0.285890 0.488492 0.6472 0.6511 0.6433
v -0.181775 -0.263630 0.438843 0.6472 0.6511 0.6433
v -0.161209 -0.285890 0.389193 0.6472 0.6511 0.6433
v -0.152691 -0.339630 0.368628 0.6472 0.6511 0.6433
v -0.161209 -0.393370 0.389193 0.6472 0.6511 0.6433
v -0.181775 -0.415630 0.438843 0.6472 0.6511 0.6433
v -0.202340 -0.393370 0.488492 0.6472 0.6511 0.6433
v -0.389616 -0.339630 0.389616 0.6472 0.6511 0.6433
v -0.373876 -0.285890 0.373876 0.6472 0.6511 0.6433
v -0.335876 -0.263630 0.335876 0.6472 0.6511 0.6433
v -0.297876 -0.285890 0.297876 0.6472 0.6511 0.6433
v -0.282136 -0.339630 0.282136 0.6472 0.6511 0.6433
v -0.297876 -0.393370 0.297876 0.6472 0.6511 0.6433
v -0.335876 -0.415630 0.335876 0.6472 0.6511 0.6433
v -0.373876 -0.393370 0.373876 0.6472 0.6511 0.6433
v -0.509058 -0.339630 0.210859 0.6472 0.6511 0.6433
v -0.488492 -0.285890 0.202340 0.6472 0.6511 0.6433
v -0.438843 -0.263630 0.181775 0.6472 0.6511 0.6433
v -0.389193 -0.285890 0.161209 0.6472 0.6511 0.6433
v -0.368628 -0.339630 0.152691 0.6472 0.6511 0.6433
v -0.389193 -0.393370 0.161209 0.6472 0.6511 0.6433
v -0.438843 -0.415630 0.181775 0.6472 0.6511 0.6433
v -0.488492 -0.393370 0.202340 0.6472 0.6511 0.6433
v 0.686266 -0.311036 -0.039247 0.6472 0.6511 0.6433
v 0.686266 0.188964 -0.039247 0.6472 0.6511 0.6433
v 0.654294 -0.274357 -0.454600 0.6472 0.6511 0.6433
v 0.619008 0.188964 -0.298882 0.6472 0.6511 0.6433
v 0.430521 -0.274357 -0.670383 0.6472 0.6511 0.6433
v 0.457511 0.188964 -0.513015 0.6472 0.6511 0.6433
v 0.141205 -0.274357 -0.784106 0.6472 0.6511 0.6433
v 0.226363 0.188964 -0.649046 0.6472 0.6511 0.6433
v 1.247961 -0.145052 -0.071370 0.6472 0.6511 0.6433
v 1.247961 0.022980 -0.071370 0.6472 0.6511 0.6433
v 1.110600 -0.111719 -0.563471 0.6472 0.6511 0.6433
v 1.110600 -0.010353 -0.563471 0.6472 0.6511 0.6433
v 0.810429 -0.111719 -0.945588 0.6472 0.6511 0.6433
v 0.810429 -0.010353 -0.945588 0.6472 0.6511 0.6433
v 0.386878 -0.111719 -1.183747 0.6472 0.6511 0.6433
v 0.386878 -0.010353 -1.183747 0.6472 0.6511 0.6433
v 0.686266 -0.311036 -0.039247 0.6472 0.6511 0.6433
v 0.541118 -0.311036 -0.261332 0.6472 0.6511 0.6433
v 0.399966 -0.311036 -0.448489 0.6472 0.6511 0.6433
v 0.197793 -0.311036 -0.567468 0.6472 0.6511 0.6433
v 0.619008 -0.311036 -0.298882 0.6472 0.6511 0.6433
v 0.457511 -0.311036 -0.513015 0.6472 0.6511 0.6433
v 0.226363 -0.311036 -0.649046 0.6472 0.6511 0.6433
v 0.600414 -0.311036 -0.034337 0.6472 0.6511 0.6433
v 0.183677 -0.424976 -0.525678 0.6472 0.6511 0.6433
v 0.486895 -0.424976 -0.239908 0.6472 0.6511 0.6433
v 0.371074 -0.424976 -0.416258 0.6472 0.6511 0.6433
v 0.566210 -0.424977 -0.032381 0.6472 0.6511 0.6433
v 0.177421 -0.424976 -0.507996 0.6472 0.6511 0.6433
v 0.469965 -0.424976 -0.231778 0.6472 0.6511 0.6433
v 0.358579 -0.424976 -0.402247 0.6472 0.6511 0.6433
v 0.548620 -0.424977 -0.031375 0.6472 0.6511 0.6433
v 0.622324 0.087499 -0.714102 1.0000 0.8980 0.0000
v 0.624927 0.099330 -0.721566 1.0000 0.8980 0.0000
v 0.625841 0.113284 -0.724187 1.0000 0.8980 0.0000
v 0.624927 0.127239 -0.721566 1.0000 0.8980 0.0000
v 0.305721 0.113284 -0.833473 1.0000 0.8980 0.0000
v 0.622324 0.139070 -0.714102 1.0000 0.8980 0.0000
v 0.618428 0.146974 -0.702931 1.0000 0.8980 0.0000
v 0.613832 0.076819 -0.689755 1.0000 0.8980 0.0000
v 0.626399 0.079594 -0.695823 1.0000 0.8980 0.0000
v 0.303639 0.149750 -0.869879 1.0000 0.8980 0.0000
v 0.314054 0.146974 -0.860591 1.0000 0.8980 0.0000
v 0.322883 0.139070 -0.852717 1.0000 0.8980 0.0000
v 0.328783 0.127239 -0.847456 1.0000 0.8980 0.0000
v 0.330855 0.113284 -0.845608 1.0000 0.8980 0.0000
v 0.328783 0.099330 -0.847456 1.0000 0.8980 0.0000
v 0.322883 0.087499 -0.852717 1.0000 0.8980 0.0000
v 0.314054 0.079594 -0.860591 1.0000 0.8980 0.0000
v 0.637052 0.087499 -0.700967 1.0000 0.8980 0.0000
v 0.644171 0.099330 -0.704404 1.0000 0.8980 0.0000
v 0.317571 0.146974 -0.870676 1.0000 0.8980 0.0000
v 0.329382 0.139070 -0.871351 1.0000 0.8980 0.0000
v 0.337274 0.127239 -0.871803 1.0000 0.8980 0.0000
v 0.340045 0.113284 -0.871961 1.0000 0.8980 0.0000
v 0.337274 0.099330 -0.871803 1.0000 0.8980 0.0000
v 0.329382 0.087499 -0.871351 1.0000 0.8980 0.0000
v 0.317571 0.079594 -0.870676 1.0000 0.8980 0.0000
v 0.303639 0.076819 -0.869879 1.0000 0.8980 0.0000
v 0.646671 0.113284 -0.705611 1.0000 0.8980 0.0000
v 0.312927 0.146974 -0.880294 1.0000 0.8980 0.0000
v 0.320801 0.139070 -0.889123 1.0000 0.8980 0.0000
v 0.326063 0.127239 -0.895023 1.0000 0.8980 0.0000
v 0.327910 0.113284 -0.897094 1.0000 0.8980 0.0000
v 0.326063 0.099330 -0.895023 1.0000 0.8980 0.0000
v 0.320801 0.087499 -0.889123 1.0000 0.8980 0.0000
v 0.312927 0.079594 -0.880294 1.0000 0.8980 0.0000
v 0.644171 0.127239 -0.704404 1.0000 0.8980 0.0000
v 0.637052 0.139070 -0.700967 1.0000 0.8980 0.0000
v 0.302842 0.146974 -0.883811 1.0000 0.8980 0.0000
v 0.302167 0.139070 -0.895622 1.0000 0.8980 0.0000
v 0.301715 0.127239 -0.903514 1.0000 0.8980 0.0000
v 0.301557 0.113284 -0.906285 1.0000 0.8980 0.0000
v 0.301715 0.099330 -0.903514 1.0000 0.8980 0.0000
v 0.302167 0.087499 -0.895622 1.0000 0.8980 0.0000
v 0.302842 0.079594 -0.883811 1.0000 0.8980 0.0000
v 0.626399 0.146974 -0.695823 1.0000 0.8980 0.0000
v 0.627009 0.079594 -0.685160 1.0000 0.8980 0.0000
v 0.293224 0.146974 -0.879167 1.0000 0.8980 0.0000
v 0.284395 0.139070 -0.887041 1.0000 0.8980 0.0000
v 0.278495 0.127239 -0.892302 1.0000 0.8980 0.0000
v 0.276424 0.113284 -0.894150 1.0000 0.8980 0.0000
v 0.278495 0.099330 -0.892302 1.0000 0.8980 0.0000
v 0.284395 0.087499 -0.887041 1.0000 0.8980 0.0000
v 0.293224 0.079594 -0.879167 1.0000 0.8980 0.0000
v 0.638179 0.087499 -0.681264 1.0000 0.8980 0.0000
v 0.645643 0.099330 -0.678661 1.0000 0.8980 0.0000
v 0.289707 0.146974 -0.869082 1.0000 0.8980 0.0000
v 0.277896 0.139070 -0.868407 1.0000 0.8980 0.0000
v 0.270004 0.127239 -0.867955 1.0000 0.8980 0.0000
v 0.267233 0.113284 -0.867797 1.0000 0.8980 0.0000
v 0.270004 0.099330 -0.867955 1.0000 0.8980 0.0000
v 0.277896 0.087499 -0.868407 1.0000 0.8980 0.0000
v 0.289707 0.079594 -0.869082 1.0000 0.8980 0.0000
v 0.648264 0.113284 -0.677746 1.0000 0.8980 0.0000
v 0.645643 0.127239 -0.678661 1.0000 0.8980 0.0000
v 0.294351 0.146974 -0.859464 1.0000 0.8980 0.0000
v 0.286477 0.139070 -0.850635 1.0000 0.8980 0.0000
v 0.281216 0.127239 -0.844735 1.0000 0.8980 0.0000
v 0.279368 0.113284 -0.842663 1.0000 0.8980 0.0000
v 0.281216 0.099330 -0.844735 1.0000 0.8980 0.0000
v 0.286477 0.087499 -0.850635 1.0000 0.8980 0.0000
v 0.294351 0.079594 -0.859464 1.0000 0.8980 0.0000
v 0.638179 0.139070 -0.681264 1.0000 0.8980 0.0000
v 0.627009 0.146974 -0.685160 1.0000 0.8980 0.0000
v 0.304436 0.146974 -0.855947 1.0000 0.8980 0.0000
v 0.305111 0.139070 -0.844136 1.0000 0.8980 0.0000
v 0.305563 0.127239 -0.836244 1.0000 0.8980 0.0000
v 0.613832 0.149750 -0.689755 1.0000 0.8980 0.0000
v 0.305563 0.099330 -0.836244 1.0000 0.8980 0.0000
v 0.305111 0.087499 -0.844136 1.0000 0.8980 0.0000
v 0.304436 0.079594 -0.855947 1.0000 0.8980 0.0000
v 0.629688 0.113284 -0.656917 1.0000 0.8980 0.0000
v 0.618428 0.079594 -0.702931 1.0000 0.8980 0.0000
v 0.607764 0.146974 -0.702322 1.0000 0.8980 0.0000
v 0.602620 0.139070 -0.712975 1.0000 0.8980 0.0000
v 0.599183 0.127239 -0.720094 1.0000 0.8980 0.0000
v 0.597977 0.113284 -0.722593 1.0000 0.8980 0.0000
v 0.599183 0.099330 -0.720094 1.0000 0.8980 0.0000
v 0.602620 0.087499 -0.712975 1.0000 0.8980 0.0000
v 0.607764 0.079594 -0.702322 1.0000 0.8980 0.0000
v 0.600656 0.146974 -0.694351 1.0000 0.8980 0.0000
v 0.589485 0.139070 -0.698246 1.0000 0.8980 0.0000
v 0.582021 0.127239 -0.700849 1.0000 0.8980 0.0000
v 0.579400 0.113284 -0.701764 1.0000 0.8980 0.0000
v 0.582021 0.099330 -0.700849 1.0000 0.8980 0.0000
v 0.589485 0.087499 -0.698246 1.0000 0.8980 0.0000
v 0.600656 0.079594 -0.694351 1.0000 0.8980 0.0000
v 0.601265 0.146974 -0.683687 1.0000 0.8980 0.0000
v 0.590612 0.139070 -0.678543 1.0000 0.8980 0.0000
v 0.583494 0.127239 -0.675106 1.0000 0.8980 0.0000
v 0.580994 0.113284 -0.673899 1.0000 0.8980 0.0000
v 0.583494 0.099330 -0.675106 1.0000 0.8980 0.0000
v 0.590612 0.087499 -0.678543 1.0000 0.8980 0.0000
v 0.601265 0.079594 -0.683687 1.0000 0.8980 0.0000
v 0.609237 0.146974 -0.676579 1.0000 0.8980 0.0000
v 0.605341 0.139070 -0.665408 1.0000 0.8980 0.0000
v 0.602738 0.127239 -0.657944 1.0000 0.8980 0.0000
v 0.601824 0.113284 -0.655323 1.0000 0.8980 0.0000
v 0.602738 0.099330 -0.657944 1.0000 0.8980 0.0000
v 0.605341 0.087499 -0.665408 1.0000 0.8980 0.0000
v 0.609237 0.079594 -0.676579 1.0000 0.8980 0.0000
v 0.619900 0.146974 -0.677188 1.0000 0.8980 0.0000
v 0.625044 0.139070 -0.666535 1.0000 0.8980 0.0000
v 0.628481 0.127239 -0.659416 1.0000 0.8980 0.0000
v 0.628481 0.099330 -0.659416 1.0000 0.8980 0.0000
v 0.625044 0.087499 -0.666535 1.0000 0.8980 0.0000
v 0.619900 0.079594 -0.677188 1.0000 0.8980 0.0000
v 0.829696 0.087499 -0.427158 1.0000 0.8980 0.0000
v 0.829245 0.099329 -0.435050 1.0000 0.8980 0.0000
v 0.829086 0.113284 -0.437821 1.0000 0.8980 0.0000
v 0.829245 0.127239 -0.435050 1.0000 0.8980 0.0000
v 0.829696 0.139070 -0.427158 1.0000 0.8980 0.0000
v 0.830371 0.146974 -0.415347 1.0000 0.8980 0.0000
v 0.831168 0.076818 -0.401415 1.0000 0.8980 0.0000
v 0.840456 0.079594 -0.411830 1.0000 0.8980 0.0000
v 0.848330 0.087499 -0.420659 1.0000 0.8980 0.0000
v 0.853592 0.099329 -0.426559 1.0000 0.8980 0.0000
v 0.855439 0.113284 -0.428630 1.0000 0.8980 0.0000
v 0.853592 0.127239 -0.426559 1.0000 0.8980 0.0000
v 0.848330 0.139070 -0.420659 1.0000 0.8980 0.0000
v 0.840456 0.146974 -0.411830 1.0000 0.8980 0.0000
v 0.845100 0.079594 -0.402212 1.0000 0.8980 0.0000
v 0.856911 0.087499 -0.402887 1.0000 0.8980 0.0000
v 0.864803 0.099329 -0.403338 1.0000 0.8980 0.0000
v 0.867575 0.113284 -0.403497 1.0000 0.8980 0.0000
v 0.864803 0.127239 -0.403338 1.0000 0.8980 0.0000
v 0.856911 0.139070 -0.402887 1.0000 0.8980 0.0000
v 0.845100 0.146974 -0.402212 1.0000 0.8980 0.0000
v 0.831168 0.149750 -0.401415 1.0000 0.8980 0.0000
v 0.858384 0.113284 -0.377144 1.0000 0.8980 0.0000
v 0.830371 0.079594 -0.415347 1.0000 0.8980 0.0000
v 0.820753 0.146974 -0.410703 1.0000 0.8980 0.0000
v 0.811924 0.139070 -0.418577 1.0000 0.8980 0.0000
v 0.806024 0.127239 -0.423838 1.0000 0.8980 0.0000
v 0.803953 0.113284 -0.425686 1.0000 0.8980 0.0000
v 0.806024 0.099329 -0.423838 1.0000 0.8980 0.0000
v 0.811924 0.087499 -0.418577 1.0000 0.8980 0.0000
v 0.820753 0.079594 -0.410703 1.0000 0.8980 0.0000
v 0.817236 0.146974 -0.400618 1.0000 0.8980 0.0000
v 0.805425 0.139070 -0.399943 1.0000 0.8980 0.0000
v 0.797533 0.127239 -0.399491 1.0000 0.8980 0.0000
v 0.794762 0.113284 -0.399333 1.0000 0.8980 0.0000
v 0.797533 0.099329 -0.399491 1.0000 0.8980 0.0000
v 0.805425 0.087499 -0.399943 1.0000 0.8980 0.0000
v 0.817236 0.079594 -0.400618 1.0000 0.8980 0.0000
v 0.821880 0.146974 -0.391000 1.0000 0.8980 0.0000
v 0.814006 0.139070 -0.382171 1.0000 0.8980 0.0000
v 0.808745 0.127239 -0.376271 1.0000 0.8980 0.0000
v 0.806897 0.113284 -0.374199 1.0000 0.8980 0.0000
v 0.808745 0.099329 -0.376271 1.0000 0.8980 0.0000
v 0.814006 0.087499 -0.382171 1.0000 0.8980 0.0000
v 0.821880 0.079594 -0.391000 1.0000 0.8980 0.0000
v 0.831965 0.146974 -0.387483 1.0000 0.8980 0.0000
v 0.832640 0.139070 -0.375672 1.0000 0.8980 0.0000
v 0.833092 0.127239 -0.367780 1.0000 0.8980 0.0000
v 0.833250 0.113284 -0.365008 1.0000 0.8980 0.0000
v 0.833092 0.099329 -0.367780 1.0000 0.8980 0.0000
v 0.832640 0.087499 -0.375672 1.0000 0.8980 0.0000
v 0.831965 0.079594 -0.387483 1.0000 0.8980 0.0000
v 0.841583 0.146974 -0.392127 1.0000 0.8980 0.0000
v 0.850412 0.139070 -0.384253 1.0000 0.8980 0.0000
v 0.856312 0.127239 -0.378991 1.0000 0.8980 0.0000
v 0.856312 0.099329 -0.378991 1.0000 0.8980 0.0000
v 0.850412 0.087499 -0.384253 1.0000 0.8980 0.0000
v 0.841583 0.079594 -0.392127 1.0000 0.8980 0.0000
v -0.037140 0.113284 -0.888891 1.0000 0.8980 0.0000
v -0.039819 0.146974 -0.917134 1.0000 0.8980 0.0000
v -0.028649 0.139070 -0.913238 1.0000 0.8980 0.0000
v -0.021185 0.127239 -0.910635 1.0000 0.8980 0.0000
v -0.018564 0.113284 -0.909721 1.0000 0.8980 0.0000
v -0.021185 0.099330 -0.910635 1.0000 0.8980 0.0000
v -0.028649 0.087499 -0.913238 1.0000 0.8980 0.0000
v -0.039819 0.079594 -0.917134 1.0000 0.8980 0.0000
v -0.040429 0.146974 -0.927797 1.0000 0.8980 0.0000
v -0.029776 0.139070 -0.932941 1.0000 0.8980 0.0000
v -0.022657 0.127239 -0.936378 1.0000 0.8980 0.0000
v -0.020158 0.113284 -0.937585 1.0000 0.8980 0.0000
v -0.022657 0.099330 -0.936378 1.0000 0.8980 0.0000
v -0.029776 0.087499 -0.932941 1.0000 0.8980 0.0000
v -0.040429 0.079594 -0.927797 1.0000 0.8980 0.0000
v -0.048400 0.146974 -0.934906 1.0000 0.8980 0.0000
v -0.044505 0.139070 -0.946077 1.0000 0.8980 0.0000
v -0.041901 0.127239 -0.953540 1.0000 0.8980 0.0000
v -0.040987 0.113284 -0.956161 1.0000 0.8980 0.0000
v -0.041901 0.099330 -0.953540 1.0000 0.8980 0.0000
v -0.044505 0.087499 -0.946077 1.0000 0.8980 0.0000
v -0.048400 0.079594 -0.934906 1.0000 0.8980 0.0000
v -0.046928 0.146974 -0.909163 1.0000 0.8980 0.0000
v -0.041784 0.139070 -0.898509 1.0000 0.8980 0.0000
v -0.038347 0.127239 -0.891391 1.0000 0.8980 0.0000
v -0.038347 0.099330 -0.891391 1.0000 0.8980 0.0000
v -0.041784 0.087499 -0.898509 1.0000 0.8980 0.0000
v -0.046928 0.079594 -0.909163 1.0000 0.8980 0.0000
v 0.911589 0.087499 -0.075383 1.0000 0.8980 0.0000
v 0.908151 0.099329 -0.082501 1.0000 0.8980 0.0000
v 0.906944 0.113284 -0.085001 1.0000 0.8980 0.0000
v 0.908151 0.127239 -0.082501 1.0000 0.8980 0.0000
v 0.911589 0.139070 -0.075383 1.0000 0.8980 0.0000
v 0.916733 0.146974 -0.064729 1.0000 0.8980 0.0000
v 0.922765 0.076818 -0.052773 1.0000 0.8980 0.0000
v 0.927396 0.079594 -0.065339 1.0000 0.8980 0.0000
v 0.931291 0.087499 -0.076510 1.0000 0.8980 0.0000
v 0.933895 0.099329 -0.083974 1.0000 0.8980 0.0000
v 0.934809 0.113284 -0.086595 1.0000 0.8980 0.0000
v 0.933895 0.127239 -0.083974 1.0000 0.8980 0.0000
v 0.931291 0.139070 -0.076510 1.0000 0.8980 0.0000
v 0.927396 0.146974 -0.065339 1.0000 0.8980 0.0000
v 0.935367 0.079594 -0.058230 1.0000 0.8980 0.0000
v 0.946020 0.087499 -0.063374 1.0000 0.8980 0.0000
v 0.953139 0.099329 -0.066811 1.0000 0.8980 0.0000
v 0.955639 0.113284 -0.068018 1.0000 0.8980 0.0000
v 0.953139 0.127239 -0.066811 1.0000 0.8980 0.0000
v 0.946020 0.139070 -0.063374 1.0000 0.8980 0.0000
v 0.935367 0.146974 -0.058230 1.0000 0.8980 0.0000
v 0.922765 0.149750 -0.052773 1.0000 0.8980 0.0000
v 0.956400 0.113284 -0.054696 1.0000 0.8980 0.0000
v 0.916733 0.079594 -0.064729 1.0000 0.8980 0.0000
v 0.909624 0.146974 -0.056758 1.0000 0.8980 0.0000
v 0.898453 0.139070 -0.060654 1.0000 0.8980 0.0000
v 0.890989 0.127239 -0.063257 1.0000 0.8980 0.0000
v 0.888368 0.113284 -0.064171 1.0000 0.8980 0.0000
v 0.890989 0.099329 -0.063257 1.0000 0.8980 0.0000
v 0.898453 0.087499 -0.060654 1.0000 0.8980 0.0000
v 0.909624 0.079594 -0.056758 1.0000 0.8980 0.0000
v 0.909894 0.146974 -0.052036 1.0000 0.8980 0.0000
v 0.898982 0.139070 -0.051412 1.0000 0.8980 0.0000
v 0.891691 0.127239 -0.050995 1.0000 0.8980 0.0000
v 0.889130 0.113284 -0.050849 1.0000 0.8980 0.0000
v 0.891691 0.099329 -0.050995 1.0000 0.8980 0.0000
v 0.898982 0.087499 -0.051412 1.0000 0.8980 0.0000
v 0.909894 0.079594 -0.052036 1.0000 0.8980 0.0000
v 0.917434 0.146974 -0.052468 1.0000 0.8980 0.0000
v 0.912914 0.139070 -0.052209 1.0000 0.8980 0.0000
v 0.909894 0.127239 -0.052036 1.0000 0.8980 0.0000
v 0.908833 0.113284 -0.051976 1.0000 0.8980 0.0000
v 0.909894 0.099329 -0.052036 1.0000 0.8980 0.0000
v 0.912914 0.087499 -0.052209 1.0000 0.8980 0.0000
v 0.917434 0.079594 -0.052468 1.0000 0.8980 0.0000
v 0.928097 0.146974 -0.053077 1.0000 0.8980 0.0000
v 0.932617 0.139070 -0.053336 1.0000 0.8980 0.0000
v 0.935637 0.127239 -0.053509 1.0000 0.8980 0.0000
v 0.936697 0.113284 -0.053569 1.0000 0.8980 0.0000
v 0.935637 0.099329 -0.053509 1.0000 0.8980 0.0000
v 0.932617 0.087499 -0.053336 1.0000 0.8980 0.0000
v 0.928097 0.079594 -0.053077 1.0000 0.8980 0.0000
v 0.935637 0.146974 -0.053509 1.0000 0.8980 0.0000
v 0.946549 0.139070 -0.054133 1.0000 0.8980 0.0000
v 0.953840 0.127239 -0.054550 1.0000 0.8980 0.0000
v 0.953840 0.099329 -0.054550 1.0000 0.8980 0.0000
v 0.946549 0.087499 -0.054133 1.0000 0.8980 0.0000
v 0.935637 0.079594 -0.053509 1.0000 0.8980 0.0000
v 0.433182 -0.010353 -1.167598 0.6472 0.6511 0.6433
v 0.433182 -0.111719 -1.167598 0.6472 0.6511 0.6433
v -0.046612 -0.111719 -1.244492 0.6472 0.6511 0.6433
v -0.046612 -0.010353 -1.244492 0.6472 0.6511 0.6433
v 0.847029 -0.010353 -0.912948 0.6472 0.6511 0.6433
v 0.847029 -0.111719 -0.912948 0.6472 0.6511 0.6433
v 0.244596 -0.181730 -1.080558 0.6472 0.6511 0.6433
v 0.411636 0.022981 -1.180278 0.6472 0.6511 0.6433
v 1.131922 -0.010353 -0.519310 0.6472 0.6511 0.6433
v 1.131922 -0.111719 -0.519310 0.6472 0.6511 0.6433
v 0.639489 -0.181730 -0.904703 0.6472 0.6511 0.6433
v 0.831975 0.022981 -0.932908 0.6472 0.6511 0.6433
v 1.241692 -0.010353 -0.095572 0.6472 0.6511 0.6433
v 1.241692 -0.111719 -0.095572 0.6472 0.6511 0.6433
v 0.937025 -0.181730 -0.591115 0.6472 0.6511 0.6433
v 1.125653 0.022981 -0.543512 0.6472 0.6511 0.6433
v -0.037702 -0.027019 -1.217999 0.6472 0.6511 0.6433
v -0.037702 -0.095052 -1.217999 0.6472 0.6511 0.6433
v 0.371030 -0.027019 -1.160724 0.6472 0.6511 0.6433
v 0.371030 -0.095052 -1.160724 0.6472 0.6511 0.6433
v 1.218597 -0.027020 -0.092619 0.6472 0.6511 0.6433
v 1.218597 -0.095052 -0.092619 0.6472 0.6511 0.6433
v 0.779696 -0.027019 -0.936874 0.6472 0.6511 0.6433
v 0.779696 -0.095052 -0.936874 0.6472 0.6511 0.6433
v 0.423995 -0.095052 -1.146204 0.6472 0.6511 0.6433
v 0.423995 -0.027019 -1.146204 0.6472 0.6511 0.6433
v 1.083113 -0.027019 -0.558398 0.6472 0.6511 0.6433
v 1.083113 -0.095052 -0.558398 0.6472 0.6511 0.6433
v 0.834596 -0.095052 -0.887915 0.6472 0.6511 0.6433
v 0.834596 -0.027019 -0.887915 0.6472 0.6511 0.6433
v 1.115097 -0.095052 -0.492157 0.6472 0.6511 0.6433
v 1.115097 -0.027019 -0.492157 0.6472 0.6511 0.6433
v -0.050081 -0.010353 -1.219734 0.6472 0.6511 0.6433
v -0.050081 -0.111719 -1.219734 0.6472 0.6511 0.6433
v 0.383409 -0.010353 -1.158989 0.6472 0.6511 0.6433
v 0.383409 -0.111719 -1.158989 0.6472 0.6511 0.6433
v 0.790469 -0.010353 -0.930534 0.6472 0.6511 0.6433
v 0.790469 -0.111719 -0.930534 0.6472 0.6511 0.6433
v 0.413223 -0.111719 -1.152544 0.6472 0.6511 0.6433
v 0.413223 -0.010353 -1.152544 0.6472 0.6511 0.6433
v 1.090640 -0.010353 -0.548418 0.6472 0.6511 0.6433
v 1.090640 -0.111719 -0.548418 0.6472 0.6511 0.6433
v 0.827069 -0.111719 -0.897895 0.6472 0.6511 0.6433
v 0.827069 -0.010353 -0.897895 0.6472 0.6511 0.6433
v 1.221732 -0.010353 -0.080518 0.6472 0.6511 0.6433
v 1.221732 -0.111719 -0.080518 0.6472 0.6511 0.6433
v 1.111963 -0.111719 -0.504257 0.6472 0.6511 0.6433
v 1.111963 -0.010353 -0.504257 0.6472 0.6511 0.6433
v -0.037702 -0.027019 -1.217999 0.6472 0.6511 0.6433
v -0.037702 -0.095052 -1.217999 0.6472 0.6511 0.6433
v 0.371030 -0.027019 -1.160724 0.6472 0.6511 0.6433
v 0.371030 -0.095052 -1.160724 0.6472 0.6511 0.6433
v 0.779696 -0.027019 -0.936874 1.0000 0.8980 0.0000
v 0.779696 -0.095052 -0.936874 1.0000 0.8980 0.0000
v 0.423995 -0.095052 -1.146204 1.0000 0.8980 0.0000
v 0.423995 -0.027019 -1.146204 1.0000 0.8980 0.0000
v 1.083113 -0.027019 -0.558398 1.0000 0.8980 0.0000
v 1.083113 -0.095052 -0.558398 1.0000 0.8980 0.0000
v 0.834596 -0.095052 -0.887915 1.0000 0.8980 0.0000
v 0.834596 -0.027019 -0.887915 1.0000 0.8980 0.0000
v 1.218597 -0.027020 -0.092619 1.0000 0.8980 0.0000
v 1.218597 -0.095052 -0.092619 1.0000 0.8980 0.0000
v 1.115097 -0.095052 -0.492157 1.0000 0.8980 0.0000
v 1.115097 -0.027019 -0.492157 1.0000 0.8980 0.0000
v -0.037702 -0.027019 -1.217999 1.0000 0.8980 0.0000
v -0.037702 -0.095052 -1.217999 1.0000 0.8980 0.0000
v 0.371030 -0.027019 -1.160724 1.0000 0.8980 0.0000
v 0.371030 -0.095052 -1.160724 1.0000 0.8980 0.0000
v 0.071419 -0.044027 -1.253196 1.0000 0.8980 0.0000
v 0.071419 -0.078044 -1.253196 1.0000 0.8980 0.0000
v 0.275786 -0.044027 -1.224558 1.0000 0.8980 0.0000
v 0.275786 -0.078044 -1.224558 1.0000 0.8980 0.0000
v 0.716131 -0.044027 -1.032298 1.0000 0.8980 0.0000
v 0.716131 -0.078044 -1.032298 1.0000 0.8980 0.0000
v 0.538280 -0.078044 -1.136964 1.0000 0.8980 0.0000
v 0.538280 -0.044027 -1.136964 1.0000 0.8980 0.0000
v 1.060903 -0.044028 -0.670884 1.0000 0.8980 0.0000
v 1.060903 -0.078044 -0.670884 1.0000 0.8980 0.0000
v 0.936645 -0.078044 -0.835643 1.0000 0.8980 0.0000
v 0.936645 -0.044028 -0.835643 1.0000 0.8980 0.0000
v 1.241125 -0.044028 -0.205042 1.0000 0.8980 0.0000
v 1.241125 -0.078044 -0.205042 1.0000 0.8980 0.0000
v 1.189375 -0.078044 -0.404811 1.0000 0.8980 0.0000
v 1.189375 -0.044028 -0.404811 1.0000 0.8980 0.0000
v 0.480434 -0.181730 -0.998307 0.6472 0.6511 0.6433
v 0.377043 -0.274357 -0.701855 0.6472 0.6511 0.6433
v 0.061828 -0.181730 -1.106169 0.6472 0.6511 0.6433
v 0.079754 -0.274357 -0.792717 0.6472 0.6511 0.6433
v 0.825898 -0.181730 -0.738461 0.6472 0.6511 0.6433
v 0.411636 -0.145052 -1.180278 0.6472 0.6511 0.6433
v 0.616930 -0.274357 -0.504141 0.6472 0.6511 0.6433
v 0.226363 -0.311036 -0.649046 0.6472 0.6511 0.6433
v 1.045627 -0.181731 -0.366192 0.6472 0.6511 0.6433
v 0.831975 -0.145052 -0.932908 0.6472 0.6511 0.6433
v 0.762896 -0.274357 -0.229677 0.6472 0.6511 0.6433
v 0.457511 -0.311036 -0.513015 0.6472 0.6511 0.6433
v 1.125653 -0.145052 -0.543512 0.6472 0.6511 0.6433
v 1.091908 -0.181731 -0.187535 0.6472 0.6511 0.6433
v 0.619008 -0.311036 -0.298882 0.6472 0.6511 0.6433
v 0.778456 -0.274357 -0.169608 0.6472 0.6511 0.6433
v 0.060828 -0.157790 -1.099038 1.0000 0.8980 0.0000
v 0.078754 -0.250417 -0.785585 1.0000 0.8980 0.0000
v 0.243597 -0.157790 -1.073426 1.0000 0.8980 0.0000
v 0.140205 -0.250417 -0.776974 1.0000 0.8980 0.0000
v 0.635836 -0.157790 -0.898496 1.0000 0.8980 0.0000
v 0.476781 -0.157790 -0.992100 1.0000 0.8980 0.0000
v 0.426868 -0.250417 -0.664177 1.0000 0.8980 0.0000
v 0.373390 -0.250417 -0.695648 1.0000 0.8980 0.0000
v 0.931276 -0.157790 -0.586778 1.0000 0.8980 0.0000
v 0.820149 -0.157790 -0.734125 1.0000 0.8980 0.0000
v 0.648544 -0.250417 -0.450264 1.0000 0.8980 0.0000
v 0.611181 -0.250417 -0.499805 1.0000 0.8980 0.0000
v 1.084937 -0.157790 -0.185729 1.0000 0.8980 0.0000
v 0.771485 -0.250417 -0.167803 1.0000 0.8980 0.0000
v 1.038656 -0.157790 -0.364386 1.0000 0.8980 0.0000
v 0.755924 -0.250417 -0.227871 1.0000 0.8980 0.0000
v 0.178504 0.638460 0.159192 0.5569 0.9490 0.6863
v 0.329833 0.502977 0.294148 0.5569 0.9490 0.6863
v 0.430947 0.300213 0.384323 0.5569 0.9490 0.6863
v 0.466454 0.061036 0.415988 0.5569 0.9490 0.6863
v 0.430947 -0.178142 0.384323 0.5569 0.9490 0.6863
v 0.329833 -0.380906 0.294148 0.5569 0.9490 0.6863
v 0.178504 -0.516389 0.159192 0.5569 0.9490 0.6863
v 0.238787 0.638460 -0.013656 0.5569 0.9490 0.6863
v 0.441221 0.502977 -0.025233 0.5569 0.9490 0.6863
v 0.576483 0.300213 -0.032969 0.5569 0.9490 0.6863
v 0.623980 0.061036 -0.035685 0.5569 0.9490 0.6863
v 0.576483 -0.178141 -0.032969 0.5569 0.9490 0.6863
v 0.441221 -0.380906 -0.025233 0.5569 0.9490 0.6863
v 0.238787 -0.516389 -0.013656 0.5569 0.9490 0.6863
v 0.159192 0.638460 -0.178504 0.5569 0.9490 0.6863
v 0.294148 0.502977 -0.329833 0.5569 0.9490 0.6863
v 0.384322 0.300213 -0.430947 0.5569 0.9490 0.6863
v 0.415988 0.061036 -0.466454 0.5569 0.9490 0.6863
v 0.384322 -0.178141 -0.430947 0.5569 0.9490 0.6863
v 0.294148 -0.380906 -0.329833 0.5569 0.9490 0.6863
v 0.159192 -0.516389 -0.178504 0.5569 0.9490 0.6863
v -0.178504 0.638460 -0.159191 0.5569 0.9490 0.6863
v -0.329833 0.502977 -0.294147 0.5569 0.9490 0.6863
v -0.430947 0.300213 -0.384322 0.5569 0.9490 0.6863
v -0.466454 0.061036 -0.415987 0.5569 0.9490 0.6863
v -0.430947 -0.178141 -0.384322 0.5569 0.9490 0.6863
v -0.329833 -0.380906 -0.294148 0.5569 0.9490 0.6863
v -0.178504 -0.516389 -0.159192 0.5569 0.9490 0.6863
v -0.238787 0.638460 0.013656 0.5569 0.9490 0.6863
v -0.441221 0.502977 0.025233 0.5569 0.9490 0.6863
v -0.576483 0.300213 0.032969 0.5569 0.9490 0.6863
v -0.623980 0.061036 0.035685 0.5569 0.9490 0.6863
v -0.576483 -0.178141 0.032969 0.5569 0.9490 0.6863
v -0.441221 -0.380906 0.025233 0.5569 0.9490 0.6863
v -0.238787 -0.516389 0.013656 0.5569 0.9490 0.6863
v -0.159192 0.638460 0.178504 0.5569 0.9490 0.6863
v -0.294148 0.502977 0.329833 0.5569 0.9490 0.6863
v -0.384322 0.300213 0.430947 0.5569 0.9490 0.6863
v -0.415988 0.061036 0.466454 0.5569 0.9490 0.6863
v -0.384322 -0.178142 0.430947 0.5569 0.9490 0.6863
v -0.294148 -0.380906 0.329833 0.5569 0.9490 0.6863
v -0.159192 -0.516389 0.178504 0.5569 0.9490 0.6863
v 0.200317 -0.392833 0.483607 0.6472 0.6511 0.6433
v 0.179957 -0.414870 0.434454 0.6472 0.6511 0.6433
v 0.159597 -0.392833 0.385301 0.6472 0.6511 0.6433
v 0.151164 -0.339630 0.364942 0.6472 0.6511 0.6433
v 0.159597 -0.286428 0.385301 0.6472 0.6511 0.6433
v 0.179957 -0.264390 0.434454 0.6472 0.6511 0.6433
v 0.200317 -0.286428 0.483607 0.6472 0.6511 0.6433
v 0.208750 -0.339630 0.503967 0.6472 0.6511 0.6433
v 0.370137 -0.392833 0.370137 0.6472 0.6511 0.6433
v 0.332517 -0.414870 0.332517 0.6472 0.6511 0.6433
v 0.294897 -0.392833 0.294897 0.6472 0.6511 0.6433
v 0.279314 -0.339630 0.279314 0.6472 0.6511 0.6433
v 0.294897 -0.286428 0.294897 0.6472 0.6511 0.6433
v 0.332517 -0.264390 0.332517 0.6472 0.6511 0.6433
v 0.370137 -0.286428 0.370137 0.6472 0.6511 0.6433
v 0.385720 -0.339630 0.385720 0.6472 0.6511 0.6433
v 0.483607 -0.392833 0.200317 0.6472 0.6511 0.6433
v 0.434454 -0.414870 0.179957 0.6472 0.6511 0.6433
v 0.385301 -0.392833 0.159597 0.6472 0.6511 0.6433
v 0.364942 -0.339630 0.151164 0.6472 0.6511 0.6433
v 0.385301 -0.286428 0.159597 0.6472 0.6511 0.6433
v 0.434454 -0.264390 0.179957 0.6472 0.6511 0.6433
v 0.483607 -0.286428 0.200317 0.6472 0.6511 0.6433
v 0.503967 -0.339630 0.208750 0.6472 0.6511 0.6433
v 0.523453 -0.392833 0.000000 0.6472 0.6511 0.6433
v 0.470250 -0.414870 0.000000 0.6472 0.6511 0.6433
v 0.417047 -0.392833 0.000000 0.6472 0.6511 0.6433
v 0.395010 -0.339630 0.000000 0.6472 0.6511 0.6433
v 0.417047 -0.286428 0.000000 0.6472 0.6511 0.6433
v 0.470250 -0.264390 0.000000 0.6472 0.6511 0.6433
v 0.523453 -0.286428 0.000000 0.6472 0.6511 0.6433
v 0.545490 -0.339630 0.000000 0.6472 0.6511 0.6433
v -0.483607 -0.392833 0.200317 0.6472 0.6511 0.6433
v -0.434454 -0.414870 0.179957 0.6472 0.6511 0.6433
v -0.385301 -0.392833 0.159597 0.6472 0.6511 0.6433
v -0.364942 -0.339630 0.151164 0.6472 0.6511 0.6433
v -0.385301 -0.286427 0.159597 0.6472 0.6511 0.6433
v -0.434454 -0.264390 0.179957 0.6472 0.6511 0.6433
v -0.483607 -0.286427 0.200317 0.6472 0.6511 0.6433
v -0.503967 -0.339630 0.208750 0.6472 0.6511 0.6433
v -0.370137 -0.392833 0.370137 0.6472 0.6511 0.6433
v -0.332517 -0.414870 0.332517 0.6472 0.6511 0.6433
v -0.294897 -0.392833 0.294897 0.6472 0.6511 0.6433
v -0.279314 -0.339630 0.279314 0.6472 0.6511 0.6433
v -0.294897 -0.286427 0.294897 0.6472 0.6511 0.6433
v -0.332517 -0.264390 0.332517 0.6472 0.6511 0.6433
v -0.370137 -0.286427 0.370137 0.6472 0.6511 0.6433
v -0.385720 -0.339630 0.385720 0.6472 0.6511 0.6433
v -0.200317 -0.392833 0.483607 0.6472 0.6511 0.6433
v -0.179957 -0.414870 0.434454 0.6472 0.6511 0.6433
v -0.159597 -0.392833 0.385301 0.6472 0.6511 0.6433
v -0.151164 -0.339630 0.364942 0.6472 0.6511 0.6433
v -0.159597 -0.286428 0.385301 0.6472 0.6511 0.6433
v -0.179957 -0.264390 0.434454 0.6472 0.6511 0.6433
v -0.200317 -0.286428 0.483607 0.6472 0.6511 0.6433
v -0.208750 -0.339630 0.503967 0.6472 0.6511 0.6433
v 0.000000 -0.392833 0.523453 0.6472 0.6511 0.6433
v 0.000000 -0.414870 0.470250 0.6472 0.6511 0.6433
v 0.000000 -0.392833 0.417047 0.6472 0.6511 0.6433
v 0.000000 -0.339630 0.395010 0.6472 0.6511 0.6433
v 0.000000 -0.286428 0.417047 0.6472 0.6511 0.6433
v 0.000000 -0.264390 0.470250 0.6472 0.6511 0.6433
v 0.000000 -0.286428 0.523453 0.6472 0.6511 0.6433
v 0.000000 -0.339630 0.545490 0.6472 0.6511 0.6433
v 0.200317 -0.392833 0.483607 0.6472 0.6511 0.6433
v 0.179957 -0.414870 0.434454 0.6472 0.6511 0.6433
v 0.159597 -0.392833 0.385301 0.6472 0.6511 0.6433
v 0.151164 -0.339630 0.364942 0.6472 0.6511 0.6433
v 0.159597 -0.286428 0.385301 0.6472 0.6511 0.6433
v 0.179957 -0.264390 0.434454 0.6472 0.6511 0.6433
v 0.200317 -0.286428 0.483607 0.6472 0.6511 0.6433
v 0.208750 -0.339630 0.503967 0.6472 0.6511 0.6433
v 0.370137 -0.392833 0.370137 0.6472 0.6511 0.6433
v 0.332517 -0.414870 0.332517 0.6472 0.6511 0.6433
v 0.294897 -0.392833 0.294897 0.6472 0.6511 0.6433
v 0.279314 -0.339630 0.279314 0.6472 0.6511 0.6433
v 0.294897 -0.286428 0.294897 0.6472 0.6511 0.6433
v 0.332517 -0.264390 0.332517 0.6472 0.6511 0.6433
v 0.370137 -0.286428 0.370137 0.6472 0.6511 0.6433
v 0.385720 -0.339630 0.385720 0.6472 0.6511 0.6433
v 0.483607 -0.392833 0.200317 0.6472 0.6511 0.6433
v 0.434454 -0.414870 0.179957 0.6472 0.6511 0.6433
v 0.385302 -0.392833 0.159597 0.6472 0.6511 0.6433
v 0.364942 -0.339630 0.151164 0.6472 0.6511 0.6433
v 0.385302 -0.286428 0.159597 0.6472 0.6511 0.6433
v 0.434454 -0.264390 0.179957 0.6472 0.6511 0.6433
v 0.483607 -0.286428 0.200317 0.6472 0.6511 0.6433
v 0.503967 -0.339630 0.208750 0.6472 0.6511 0.6433
v 0.483607 -0.392833 -0.200317 0.6472 0.6511 0.6433
v 0.434454 -0.414870 -0.179957 0.6472 0.6511 0.6433
v 0.385301 -0.392833 -0.159597 0.6472 0.6511 0.6433
v 0.364942 -0.339630 -0.151164 0.6472 0.6511 0.6433
v 0.385301 -0.286428 -0.159597 0.6472 0.6511 0.6433
v 0.434454 -0.264390 -0.179957 0.6472 0.6511 0.6433
v 0.483607 -0.286428 -0.200317 0.6472 0.6511 0.6433
v 0.503967 -0.339630 -0.208750 0.6472 0.6511 0.6433
v 0.370137 -0.392833 -0.370137 0.6472 0.6511 0.6433
v 0.332517 -0.414870 -0.332517 0.6472 0.6511 0.6433
v 0.294897 -0.392833 -0.294897 0.6472 0.6511 0.6433
v 0.279314 -0.339630 -0.279314 0.6472 0.6511 0.6433
v 0.294897 -0.286428 -0.294897 0.6472 0.6511 0.6433
v 0.332517 -0.264390 -0.332517 0.6472 0.6511 0.6433
v 0.370137 -0.286428 -0.370137 0.6472 0.6511 0.6433
v 0.385720 -0.339630 -0.385720 0.6472 0.6511 0.6433
v 0.200317 -0.392833 -0.483607 0.6472 0.6511 0.6433
v 0.179957 -0.414870 -0.434454 0.6472 0.6511 0.6433
v 0.159597 -0.392833 -0.385301 0.6472 0.6511 0.6433
v 0.151164 -0.339630 -0.364942 0.6472 0.6511 0.6433
v 0.159597 -0.286428 -0.385301 0.6472 0.6511 0.6433
v 0.179957 -0.264390 -0.434454 0.6472 0.6511 0.6433
v 0.200317 -0.286428 -0.483607 0.6472 0.6511 0.6433
v 0.208750 -0.339630 -0.503967 0.6472 0.6511 0.6433
v 0.551000 -0.339630 0.000000 0.6472 0.6511 0.6433
v 0.528740 -0.285890 0.000000 0.6472 0.6511 0.6433
v 0.475000 -0.263630 0.000000 0.6472 0.6511 0.6433
v 0.421260 -0.285890 0.000000 0.6472 0.6511 0.6433
v 0.399000 -0.339630 0.000000 0.6472 0.6511 0.6433
v 0.421260 -0.393370 0.000000 0.6472 0.6511 0.6433
v 0.475000 -0.415630 0.000000 0.6472 0.6511 0.6433
v 0.528740 -0.393370 0.000000 0.6472 0.6511 0.6433
v 0.509058 -0.339630 0.210859 0.6472 0.6511 0.6433
v 0.488492 -0.285890 0.202340 0.6472 0.6511 0.6433
v 0.438843 -0.263630 0.181775 0.6472 0.6511 0.6433
v 0.389193 -0.285890 0.161209 0.6472 0.6511 0.6433
v 0.368628 -0.339630 0.152691 0.6472 0.6511 0.6433
v 0.389193 -0.393370 0.161209 0.6472 0.6511 0.6433
v 0.438843 -0.415630 0.181775 0.6472 0.6511 0.6433
v 0.488492 -0.393370 0.202340 0.6472 0.6511 0.6433
v 0.389616 -0.339630 0.389616 0.6472 0.6511 0.6433
v 0.373876 -0.285890 0.373876 0.6472 0.6511 0.6433
v 0.335876 -0.263630 0.335876 0.6472 0.6511 0.6433
v 0.297876 -0.285890 0.297876 0.6472 0.6511 0.6433
v 0.282136 -0.339630 0.282136 0.6472 0.6511 0.6433
v 0.297876 -0.393370 0.297876 0.6472 0.6511 0.6433
v 0.335876 -0.415630 0.335876 0.6472 0.6511 0.6433
v 0.373876 -0.393370 0.373876 0.6472 0.6511 0.6433
v 0.210859 -0.339630 0.509058 0.6472 0.6511 0.6433
v 0.202340 -0.285890 0.488492 0.6472 0.6511 0.6433
v 0.181775 -0.263630 0.438843 0.6472 0.6511 0.6433
v 0.161209 -0.285890 0.389193 0.6472 0.6511 0.6433
v 0.152691 -0.339630 0.368628 0.6472 0.6511 0.6433
v 0.161209 -0.393370 0.389193 0.6472 0.6511 0.6433
v 0.181775 -0.415630 0.438843 0.6472 0.6511 0.6433
v 0.202340 -0.393370 0.488492 0.6472 0.6511 0.6433
v -0.210859 -0.339630 0.509058 0.6472 0.6511 0.6433
v -0.202340 -0.285890 0.488492 0.6472 0.6511 0.6433
v -0.181775 -0.263630 0.438843 0.6472 0.6511 0.6433
v -0.161209 -0.285890 0.389193 0.6472 0.6511 0.6433
v -0.152691 -0.339630 0.368628 0.6472 0.6511 0.6433
v -0.161209 -0.393370 0.389193 0.6472 0.6511 0.6433
v -0.181775 -0.415630 0.438843 0.6472 0.6511 0.6433
v -0.202340 -0.393370 0.488492 0.6472 0.6511 0.6433
v -0.389616 -0.339630 0.389616 0.6472 0.6511 0.6433
v -0.373876 -0.285890 0.373876 0.6472 0.6511 0.6433
v -0.335876 -0.263630 0.335876 0.6472 0.6511 0.6433
v -0.297876 -0.285890 0.297876 0.6472 0.6511 0.6433
v -0.282136 -0.339630 0.282136 0.6472 0.6511 0.6433
v -0.297876 -0.393370 0.297876 0.6472 0.6511 0.6433
v -0.335876 -0.415630 0.335876 0.6472 0.6511 0.6433
v -0.373876 -0.393370 0.373876 0.6472 0.6511 0.6433
v -0.509058 -0.339630 0.210859 0.6472 0.6511 0.6433
v -0.488492 -0.285890 0.202340 0.6472 0.6511 0.6433
v -0.438843 -0.263630 0.181775 0.6472 0.6511 0.6433
v -0.389193 -0.285890 0.161209 0.6472 0.6511 0.6433
v -0.368628 -0.339630 0.152691 0.6472 0.6511 0.6433
v -0.389193 -0.393370 0.161209 0.6472 0.6511 0.6433
v -0.438843 -0.415630 0.181775 0.6472 0.6511 0.6433
v -0.488492 -0.393370 0.202340 0.6472 0.6511 0.6433
v -0.551000 -0.339630 0.000000 0.6472 0.6511 0.6433
v -0.528740 -0.285890 0.000000 0.6472 0.6511 0.6433
v -0.475000 -0.263630 0.000000 0.6472 0.6511 0.6433
v -0.421260 -0.285890 0.000000 0.6472 0.6511 0.6433
v -0.399000 -0.339630 0.000000 0.6472 0.6511 0.6433
v -0.421260 -0.393370 0.000000 0.6472 0.6511 0.6433
v -0.475000 -0.415630 0.000000 0.6472 0.6511 0.6433
v -0.528740 -0.393370 0.000000 0.6472 0.6511 0.6433
v -0.509058 -0.339630 -0.210858 0.6472 0.6511 0.6433
v -0.488492 -0.285890 -0.202340 0.6472 0.6511 0.6433
v -0.438843 -0.263630 -0.181774 0.6472 0.6511 0.6433
v -0.389193 -0.285890 -0.161209 0.6472 0.6511 0.6433
v -0.368628 -0.339630 -0.152691 0.6472 0.6511 0.6433
v -0.389193 -0.393370 -0.161209 0.6472 0.6511 0.6433
v -0.438843 -0.415630 -0.181774 0.6472 0.6511 0.6433
v -0.488492 -0.393370 -0.202340 0.6472 0.6511 0.6433
v -0.389616 -0.339630 -0.389616 0.6472 0.6511 0.6433
v -0.373876 -0.285890 -0.373876 0.6472 0.6511 0.6433
v -0.335876 -0.263630 -0.335876 0.6472 0.6511 0.6433
v -0.297876 -0.285890 -0.297876 0.6472 0.6511 0.6433
v -0.282136 -0.339630 -0.282136 0.6472 0.6511 0.6433
v -0.297876 -0.393370 -0.297876 0.6472 0.6511 0.6433
v -0.335876 -0.415630 -0.335876 0.6472 0.6511 0.6433
v -0.373876 -0.393370 -0.373876 0.6472 0.6511 0.6433
v -0.210859 -0.339630 -0.509058 0.6472 0.6511 0.6433
v -0.202340 -0.285890 -0.488492 0.6472 0.6511 0.6433
v -0.181775 -0.263630 -0.438843 0.6472 0.6511 0.6433
v -0.161209 -0.285890 -0.389193 0.6472 0.6511 0.6433
v -0.152691 -0.339630 -0.368628 0.6472 0.6511 0.6433
v -0.161209 -0.393370 -0.389193 0.6472 0.6511 0.6433
v -0.181775 -0.415630 -0.438843 0.6472 0.6511 0.6433
v -0.202340 -0.393370 -0.488492 0.6472 0.6511 0.6433
v 0.210859 -0.339630 -0.509058 0.6472 0.6511 0.6433
v 0.202340 -0.285890 -0.488492 0.6472 0.6511 0.6433
v 0.181775 -0.263630 -0.438843 0.6472 0.6511 0.6433
v 0.161209 -0.285890 -0.389193 0.6472 0.6511 0.6433
v 0.152691 -0.339630 -0.368628 0.6472 0.6511 0.6433
v 0.161209 -0.393370 -0.389193 0.6472 0.6511 0.6433
v 0.181775 -0.415630 -0.438843 0.6472 0.6511 0.6433
v 0.202340 -0.393370 -0.488492 0.6472 0.6511 0.6433
v 0.389616 -0.339630 -0.389616 0.6472 0.6511 0.6433
v 0.373876 -0.285890 -0.373876 0.6472 0.6511 0.6433
v 0.335876 -0.263630 -0.335876 0.6472 0.6511 0.6433
v 0.297876 -0.285890 -0.297876 0.6472 0.6511 0.6433
v 0.282135 -0.339630 -0.282136 0.6472 0.6511 0.6433
v 0.297876 -0.393370 -0.297876 0.6472 0.6511 0.6433
v 0.335876 -0.415630 -0.335876 0.6472 0.6511 0.6433
v 0.373876 -0.393370 -0.373876 0.6472 0.6511 0.6433
v 0.509058 -0.339630 -0.210859 0.6472 0.6511 0.6433
v 0.488492 -0.285890 -0.202340 0.6472 0.6511 0.6433
v 0.438843 -0.263630 -0.181775 0.6472 0.6511 0.6433
v 0.389193 -0.285890 -0.161209 0.6472 0.6511 0.6433
v 0.368628 -0.339630 -0.152691 0.6472 0.6511 0.6433
v 0.389193 -0.393370 -0.161209 0.6472 0.6511 0.6433
v 0.438843 -0.415630 -0.181775 0.6472 0.6511 0.6433
v 0.488492 -0.393370 -0.202340 0.6472 0.6511 0.6433
v -0.686266 -0.311036 0.039247 0.6472 0.6511 0.6433
v -0.686266 0.188964 0.039247 0.6472 0.6511 0.6433
v -0.701855 -0.274357 -0.377043 0.6472 0.6511 0.6433
v -0.649046 0.188964 -0.226363 0.6472 0.6511 0.6433
v -0.504141 -0.274357 -0.616930 0.6472 0.6511 0.6433
v -0.513015 0.188964 -0.457511 0.6472 0.6511 0.6433
v -0.229677 -0.274357 -0.762896 0.6472 0.6511 0.6433
v -0.298882 0.188964 -0.619008 0.6472 0.6511 0.6433
v -0.039247 -0.311036 -0.686266 0.6472 0.6511 0.6433
v -0.039247 0.188964 -0.686266 0.6472 0.6511 0.6433
v -1.247961 -0.145052 0.071370 0.6472 0.6511 0.6433
v -1.247961 0.022980 0.071370 0.6472 0.6511 0.6433
v -1.167598 -0.111719 -0.433182 0.6472 0.6511 0.6433
v -1.167598 -0.010353 -0.433182 0.6472 0.6511 0.6433
v -0.912948 -0.111719 -0.847029 0.6472 0.6511 0.6433
v -0.912948 -0.010353 -0.847029 0.6472 0.6511 0.6433
v -0.519310 -0.111719 -1.131922 0.6472 0.6511 0.6433
v -0.519310 -0.010353 -1.131922 0.6472 0.6511 0.6433
v -0.071370 -0.145052 -1.247961 0.6472 0.6511 0.6433
v -0.071370 0.022981 -1.247961 0.6472 0.6511 0.6433
v -0.686266 -0.311036 0.039247 0.6472 0.6511 0.6433
v -0.567383 -0.311036 -0.197937 0.6472 0.6511 0.6433
v -0.448489 -0.311036 -0.399966 0.6472 0.6511 0.6433
v -0.261198 -0.311036 -0.541218 0.6472 0.6511 0.6433
v -0.039247 -0.311036 -0.686266 0.6472 0.6511 0.6433
v 0.000000 0.188964 0.000000 0.6472 0.6511 0.6433
v -0.649046 -0.311036 -0.226363 0.6472 0.6511 0.6433
v -0.513015 -0.311036 -0.457511 0.6472 0.6511 0.6433
v -0.298882 -0.311036 -0.619008 0.6472 0.6511 0.6433
v -0.034285 -0.311036 -0.599499 0.6472 0.6511 0.6433
v -0.600414 -0.311036 0.034337 0.6472 0.6511 0.6433
v -0.242410 -0.424976 -0.501310 0.6472 0.6511 0.6433
v -0.032529 -0.424976 -0.568789 0.6472 0.6511 0.6433
v -0.511071 -0.424976 -0.182835 0.6472 0.6511 0.6433
v -0.416111 -0.424976 -0.371239 0.6472 0.6511 0.6433
v -0.566210 -0.424977 0.032381 0.6472 0.6511 0.6433
v -0.234179 -0.424976 -0.484457 0.6472 0.6511 0.6433
v -0.031339 -0.424976 -0.547987 0.6472 0.6511 0.6433
v -0.493325 -0.424976 -0.176688 0.6472 0.6511 0.6433
v -0.402100 -0.424976 -0.358744 0.6472 0.6511 0.6433
v -0.548620 -0.424977 0.031375 0.6472 0.6511 0.6433
v -0.699678 0.087499 -0.638497 1.0000 0.8980 0.0000
v -0.703115 0.099330 -0.645616 1.0000 0.8980 0.0000
v -0.704322 0.113284 -0.648116 1.0000 0.8980 0.0000
v -0.703115 0.127239 -0.645616 1.0000 0.8980 0.0000
v -0.398749 0.113284 -0.793184 1.0000 0.8980 0.0000
v -0.699678 0.139070 -0.638497 1.0000 0.8980 0.0000
v -0.694534 0.146974 -0.627844 1.0000 0.8980 0.0000
v -0.688466 0.076819 -0.615277 1.0000 0.8980 0.0000
v -0.701643 0.079594 -0.619873 1.0000 0.8980 0.0000
v -0.400831 0.149750 -0.829591 1.0000 0.8980 0.0000
v -0.410119 0.146974 -0.819176 1.0000 0.8980 0.0000
v -0.417993 0.139070 -0.810346 1.0000 0.8980 0.0000
v -0.423254 0.127239 -0.804447 1.0000 0.8980 0.0000
v -0.425102 0.113284 -0.802375 1.0000 0.8980 0.0000
v -0.423254 0.099330 -0.804447 1.0000 0.8980 0.0000
v -0.417993 0.087499 -0.810346 1.0000 0.8980 0.0000
v -0.410119 0.079594 -0.819176 1.0000 0.8980 0.0000
v -0.712813 0.087499 -0.623769 1.0000 0.8980 0.0000
v -0.720277 0.099330 -0.626372 1.0000 0.8980 0.0000
v -0.414763 0.146974 -0.828794 1.0000 0.8980 0.0000
v -0.426574 0.139070 -0.828118 1.0000 0.8980 0.0000
v -0.434466 0.127239 -0.827667 1.0000 0.8980 0.0000
v -0.437237 0.113284 -0.827509 1.0000 0.8980 0.0000
v -0.434466 0.099330 -0.827667 1.0000 0.8980 0.0000
v -0.426574 0.087499 -0.828118 1.0000 0.8980 0.0000
v -0.414763 0.079594 -0.828794 1.0000 0.8980 0.0000
v -0.400831 0.076819 -0.829591 1.0000 0.8980 0.0000
v -0.722898 0.113284 -0.627286 1.0000 0.8980 0.0000
v -0.411246 0.146974 -0.838879 1.0000 0.8980 0.0000
v -0.420075 0.139070 -0.846753 1.0000 0.8980 0.0000
v -0.425975 0.127239 -0.852014 1.0000 0.8980 0.0000
v -0.428046 0.113284 -0.853862 1.0000 0.8980 0.0000
v -0.425975 0.099330 -0.852014 1.0000 0.8980 0.0000
v -0.420075 0.087499 -0.846753 1.0000 0.8980 0.0000
v -0.411246 0.079594 -0.838879 1.0000 0.8980 0.0000
v -0.720277 0.127239 -0.626372 1.0000 0.8980 0.0000
v -0.712813 0.139070 -0.623769 1.0000 0.8980 0.0000
v -0.401628 0.146974 -0.843523 1.0000 0.8980 0.0000
v -0.402303 0.139070 -0.855334 1.0000 0.8980 0.0000
v -0.402755 0.127239 -0.863226 1.0000 0.8980 0.0000
v -0.402913 0.113284 -0.865997 1.0000 0.8980 0.0000
v -0.402755 0.099330 -0.863226 1.0000 0.8980 0.0000
v -0.402303 0.087499 -0.855334 1.0000 0.8980 0.0000
v -0.401628 0.079594 -0.843523 1.0000 0.8980 0.0000
v -0.701643 0.146974 -0.619873 1.0000 0.8980 0.0000
v -0.701033 0.079594 -0.609209 1.0000 0.8980 0.0000
v -0.391543 0.146974 -0.840005 1.0000 0.8980 0.0000
v -0.383669 0.139070 -0.848835 1.0000 0.8980 0.0000
v -0.378408 0.127239 -0.854734 1.0000 0.8980 0.0000
v -0.376560 0.113284 -0.856806 1.0000 0.8980 0.0000
v -0.378408 0.099330 -0.854734 1.0000 0.8980 0.0000
v -0.383669 0.087499 -0.848835 1.0000 0.8980 0.0000
v -0.391543 0.079594 -0.840005 1.0000 0.8980 0.0000
v -0.711687 0.087499 -0.604065 1.0000 0.8980 0.0000
v -0.718805 0.099330 -0.600628 1.0000 0.8980 0.0000
v -0.386899 0.146974 -0.830387 1.0000 0.8980 0.0000
v -0.375088 0.139070 -0.831063 1.0000 0.8980 0.0000
v -0.367196 0.127239 -0.831514 1.0000 0.8980 0.0000
v -0.364425 0.113284 -0.831673 1.0000 0.8980 0.0000
v -0.367196 0.099330 -0.831514 1.0000 0.8980 0.0000
v -0.375088 0.087499 -0.831063 1.0000 0.8980 0.0000
v -0.386899 0.079594 -0.830387 1.0000 0.8980 0.0000
v -0.721305 0.113284 -0.599421 1.0000 0.8980 0.0000
v -0.718805 0.127239 -0.600628 1.0000 0.8980 0.0000
v -0.390416 0.146974 -0.820302 1.0000 0.8980 0.0000
v -0.381587 0.139070 -0.812428 1.0000 0.8980 0.0000
v -0.375687 0.127239 -0.807167 1.0000 0.8980 0.0000
v -0.373616 0.113284 -0.805320 1.0000 0.8980 0.0000
v -0.375687 0.099330 -0.807167 1.0000 0.8980 0.0000
v -0.381587 0.087499 -0.812428 1.0000 0.8980 0.0000
v -0.390416 0.079594 -0.820302 1.0000 0.8980 0.0000
v -0.711687 0.139070 -0.604065 1.0000 0.8980 0.0000
v -0.701033 0.146974 -0.609209 1.0000 0.8980 0.0000
v -0.400034 0.146974 -0.815659 1.0000 0.8980 0.0000
v -0.399359 0.139070 -0.803847 1.0000 0.8980 0.0000
v -0.398907 0.127239 -0.795955 1.0000 0.8980 0.0000
v -0.688466 0.149750 -0.615277 1.0000 0.8980 0.0000
v -0.398907 0.099330 -0.795955 1.0000 0.8980 0.0000
v -0.399359 0.087499 -0.803847 1.0000 0.8980 0.0000
v -0.400034 0.079594 -0.815659 1.0000 0.8980 0.0000
v -0.700475 0.113284 -0.580845 1.0000 0.8980 0.0000
v -0.694534 0.079594 -0.627844 1.0000 0.8980 0.0000
v -0.683871 0.146974 -0.628454 1.0000 0.8980 0.0000
v -0.679975 0.139070 -0.639624 1.0000 0.8980 0.0000
v -0.677372 0.127239 -0.647088 1.0000 0.8980 0.0000
v -0.676458 0.113284 -0.649709 1.0000 0.8980 0.0000
v -0.677372 0.099330 -0.647088 1.0000 0.8980 0.0000
v -0.679975 0.087499 -0.639624 1.0000 0.8980 0.0000
v -0.683871 0.079594 -0.628454 1.0000 0.8980 0.0000
v -0.675900 0.146974 -0.621345 1.0000 0.8980 0.0000
v -0.665246 0.139070 -0.626489 1.0000 0.8980 0.0000
v -0.658128 0.127239 -0.629926 1.0000 0.8980 0.0000
v -0.655628 0.113284 -0.631133 1.0000 0.8980 0.0000
v -0.658128 0.099330 -0.629926 1.0000 0.8980 0.0000
v -0.665246 0.087499 -0.626489 1.0000 0.8980 0.0000
v -0.675900 0.079594 -0.621345 1.0000 0.8980 0.0000
v -0.675290 0.146974 -0.610682 1.0000 0.8980 0.0000
v -0.664119 0.139070 -0.606786 1.0000 0.8980 0.0000
v -0.656655 0.127239 -0.604183 1.0000 0.8980 0.0000
v -0.654034 0.113284 -0.603269 1.0000 0.8980 0.0000
v -0.656655 0.099330 -0.604183 1.0000 0.8980 0.0000
v -0.664119 0.087499 -0.606786 1.0000 0.8980 0.0000
v -0.675290 0.079594 -0.610682 1.0000 0.8980 0.0000
v -0.682399 0.146974 -0.602710 1.0000 0.8980 0.0000
v -0.677255 0.139070 -0.592057 1.0000 0.8980 0.0000
v -0.673818 0.127239 -0.584939 1.0000 0.8980 0.0000
v -0.672611 0.113284 -0.582439 1.0000 0.8980 0.0000
v -0.673818 0.099330 -0.584939 1.0000 0.8980 0.0000
v -0.677255 0.087499 -0.592057 1.0000 0.8980 0.0000
v -0.682399 0.079594 -0.602710 1.0000 0.8980 0.0000
v -0.693062 0.146974 -0.602100 1.0000 0.8980 0.0000
v -0.696958 0.139070 -0.590930 1.0000 0.8980 0.0000
v -0.699561 0.127239 -0.583466 1.0000 0.8980 0.0000
v -0.699561 0.099330 -0.583466 1.0000 0.8980 0.0000
v -0.696958 0.087499 -0.590930 1.0000 0.8980 0.0000
v -0.693062 0.079594 -0.602101 1.0000 0.8980 0.0000
v -0.872985 0.087499 -0.329782 1.0000 0.8980 0.0000
v -0.873436 0.099329 -0.337674 1.0000 0.8980 0.0000
v -0.873595 0.113284 -0.340446 1.0000 0.8980 0.0000
v -0.873436 0.127239 -0.337674 1.0000 0.8980 0.0000
v -0.872985 0.139070 -0.329782 1.0000 0.8980 0.0000
v -0.872310 0.146974 -0.317971 1.0000 0.8980 0.0000
v -0.871513 0.076818 -0.304039 1.0000 0.8980 0.0000
v -0.881927 0.079594 -0.313327 1.0000 0.8980 0.0000
v -0.890757 0.087499 -0.321201 1.0000 0.8980 0.0000
v -0.896657 0.099329 -0.326463 1.0000 0.8980 0.0000
v -0.898728 0.113284 -0.328310 1.0000 0.8980 0.0000
v -0.896657 0.127239 -0.326463 1.0000 0.8980 0.0000
v -0.890757 0.139070 -0.321201 1.0000 0.8980 0.0000
v -0.881927 0.146974 -0.313327 1.0000 0.8980 0.0000
v -0.885445 0.079594 -0.303242 1.0000 0.8980 0.0000
v -0.897256 0.087499 -0.302567 1.0000 0.8980 0.0000
v -0.905148 0.099329 -0.302116 1.0000 0.8980 0.0000
v -0.907919 0.113284 -0.301957 1.0000 0.8980 0.0000
v -0.905148 0.127239 -0.302116 1.0000 0.8980 0.0000
v -0.897256 0.139070 -0.302567 1.0000 0.8980 0.0000
v -0.885445 0.146974 -0.303242 1.0000 0.8980 0.0000
v -0.871513 0.149750 -0.304039 1.0000 0.8980 0.0000
v -0.895784 0.113284 -0.276824 1.0000 0.8980 0.0000
v -0.872310 0.079594 -0.317971 1.0000 0.8980 0.0000
v -0.862225 0.146974 -0.314454 1.0000 0.8980 0.0000
v -0.854351 0.139070 -0.323283 1.0000 0.8980 0.0000
v -0.849089 0.127239 -0.329183 1.0000 0.8980 0.0000
v -0.847242 0.113284 -0.331255 1.0000 0.8980 0.0000
v -0.849089 0.099329 -0.329183 1.0000 0.8980 0.0000
v -0.854351 0.087499 -0.323283 1.0000 0.8980 0.0000
v -0.862225 0.079594 -0.314454 1.0000 0.8980 0.0000
v -0.857581 0.146974 -0.304836 1.0000 0.8980 0.0000
v -0.845770 0.139070 -0.305511 1.0000 0.8980 0.0000
v -0.837878 0.127239 -0.305963 1.0000 0.8980 0.0000
v -0.835106 0.113284 -0.306121 1.0000 0.8980 0.0000
v -0.837878 0.099329 -0.305963 1.0000 0.8980 0.0000
v -0.845770 0.087499 -0.305512 1.0000 0.8980 0.0000
v -0.857581 0.079594 -0.304836 1.0000 0.8980 0.0000
v -0.861098 0.146974 -0.294751 1.0000 0.8980 0.0000
v -0.852268 0.139070 -0.286877 1.0000 0.8980 0.0000
v -0.846369 0.127239 -0.281616 1.0000 0.8980 0.0000
v -0.844297 0.113284 -0.279768 1.0000 0.8980 0.0000
v -0.846369 0.099329 -0.281616 1.0000 0.8980 0.0000
v -0.852268 0.087499 -0.286877 1.0000 0.8980 0.0000
v -0.861098 0.079594 -0.294751 1.0000 0.8980 0.0000
v -0.870716 0.146974 -0.290107 1.0000 0.8980 0.0000
v -0.870040 0.139070 -0.278296 1.0000 0.8980 0.0000
v -0.869589 0.127239 -0.270404 1.0000 0.8980 0.0000
v -0.869431 0.113284 -0.267633 1.0000 0.8980 0.0000
v -0.869589 0.099329 -0.270404 1.0000 0.8980 0.0000
v -0.870040 0.087499 -0.278296 1.0000 0.8980 0.0000
v -0.870716 0.079594 -0.290107 1.0000 0.8980 0.0000
v -0.880801 0.146974 -0.293624 1.0000 0.8980 0.0000
v -0.888675 0.139070 -0.284795 1.0000 0.8980 0.0000
v -0.893936 0.127239 -0.278895 1.0000 0.8980 0.0000
v -0.893936 0.099329 -0.278895 1.0000 0.8980 0.0000
v -0.888675 0.087499 -0.284795 1.0000 0.8980 0.0000
v -0.880801 0.079594 -0.293624 1.0000 0.8980 0.0000
v -0.064441 0.113284 -0.887330 1.0000 0.8980 0.0000
v -0.052714 0.149750 -0.921746 1.0000 0.8980 0.0000
v -0.064999 0.146974 -0.915694 1.0000 0.8980 0.0000
v -0.075653 0.139070 -0.910550 1.0000 0.8980 0.0000
v -0.082771 0.127239 -0.907113 1.0000 0.8980 0.0000
v -0.085271 0.113284 -0.905906 1.0000 0.8980 0.0000
v -0.082771 0.099330 -0.907113 1.0000 0.8980 0.0000
v -0.075653 0.087499 -0.910550 1.0000 0.8980 0.0000
v -0.064999 0.079594 -0.915694 1.0000 0.8980 0.0000
v -0.065609 0.146974 -0.926357 1.0000 0.8980 0.0000
v -0.076780 0.139070 -0.930253 1.0000 0.8980 0.0000
v -0.084243 0.127239 -0.932856 1.0000 0.8980 0.0000
v -0.086864 0.113284 -0.933770 1.0000 0.8980 0.0000
v -0.084243 0.099330 -0.932856 1.0000 0.8980 0.0000
v -0.076780 0.087499 -0.930253 1.0000 0.8980 0.0000
v -0.065609 0.079594 -0.926357 1.0000 0.8980 0.0000
v -0.052714 0.076819 -0.921746 1.0000 0.8980 0.0000
v -0.058500 0.146974 -0.934328 1.0000 0.8980 0.0000
v -0.063644 0.139070 -0.944982 1.0000 0.8980 0.0000
v -0.067081 0.127239 -0.952100 1.0000 0.8980 0.0000
v -0.068288 0.113284 -0.954600 1.0000 0.8980 0.0000
v -0.067081 0.099330 -0.952100 1.0000 0.8980 0.0000
v -0.063644 0.087499 -0.944982 1.0000 0.8980 0.0000
v -0.058500 0.079594 -0.934328 1.0000 0.8980 0.0000
v -0.053450 0.146974 -0.934617 1.0000 0.8980 0.0000
v -0.054074 0.139070 -0.945529 1.0000 0.8980 0.0000
v -0.054491 0.127239 -0.952820 1.0000 0.8980 0.0000
v -0.054638 0.113284 -0.955381 1.0000 0.8980 0.0000
v -0.054491 0.099330 -0.952820 1.0000 0.8980 0.0000
v -0.054074 0.087499 -0.945529 1.0000 0.8980 0.0000
v -0.053450 0.079594 -0.934617 1.0000 0.8980 0.0000
v -0.053019 0.146974 -0.927077 1.0000 0.8980 0.0000
v -0.053278 0.139070 -0.931597 1.0000 0.8980 0.0000
v -0.053450 0.127239 -0.934617 1.0000 0.8980 0.0000
v -0.053511 0.113284 -0.935678 1.0000 0.8980 0.0000
v -0.053450 0.099330 -0.934617 1.0000 0.8980 0.0000
v -0.053278 0.087499 -0.931597 1.0000 0.8980 0.0000
v -0.053019 0.079594 -0.927077 1.0000 0.8980 0.0000
v -0.052409 0.146974 -0.916414 1.0000 0.8980 0.0000
v -0.052151 0.139070 -0.911894 1.0000 0.8980 0.0000
v -0.051978 0.127239 -0.908874 1.0000 0.8980 0.0000
v -0.051917 0.113284 -0.907814 1.0000 0.8980 0.0000
v -0.051978 0.099330 -0.908874 1.0000 0.8980 0.0000
v -0.052151 0.087499 -0.911894 1.0000 0.8980 0.0000
v -0.052409 0.079594 -0.916414 1.0000 0.8980 0.0000
v -0.051978 0.146974 -0.908874 1.0000 0.8980 0.0000
v -0.051354 0.139070 -0.897962 1.0000 0.8980 0.0000
v -0.050937 0.127239 -0.890671 1.0000 0.8980 0.0000
v -0.050791 0.113284 -0.888111 1.0000 0.8980 0.0000
v -0.050937 0.099330 -0.890671 1.0000 0.8980 0.0000
v -0.051354 0.087499 -0.897962 1.0000 0.8980 0.0000
v -0.051978 0.079594 -0.908874 1.0000 0.8980 0.0000
v -0.057028 0.146974 -0.908585 1.0000 0.8980 0.0000
v -0.060924 0.139070 -0.897415 1.0000 0.8980 0.0000
v -0.063527 0.127239 -0.889951 1.0000 0.8980 0.0000
v -0.063527 0.099330 -0.889951 1.0000 0.8980 0.0000
v -0.060924 0.087499 -0.897415 1.0000 0.8980 0.0000
v -0.057028 0.079594 -0.908585 1.0000 0.8980 0.0000
v -0.914239 0.087499 0.029035 1.0000 0.8980 0.0000
v -0.911636 0.099329 0.021572 1.0000 0.8980 0.0000
v -0.910722 0.113284 0.018951 1.0000 0.8980 0.0000
v -0.911636 0.127239 0.021572 1.0000 0.8980 0.0000
v -0.914239 0.139070 0.029035 1.0000 0.8980 0.0000
v -0.918135 0.146974 0.040206 1.0000 0.8980 0.0000
v -0.922765 0.076818 0.052773 1.0000 0.8980 0.0000
v -0.928798 0.079594 0.040816 1.0000 0.8980 0.0000
v -0.933942 0.087499 0.030162 1.0000 0.8980 0.0000
v -0.937379 0.099329 0.023044 1.0000 0.8980 0.0000
v -0.938586 0.113284 0.020544 1.0000 0.8980 0.0000
v -0.937379 0.127239 0.023044 1.0000 0.8980 0.0000
v -0.933942 0.139070 0.030162 1.0000 0.8980 0.0000
v -0.928798 0.146974 0.040816 1.0000 0.8980 0.0000
v -0.935907 0.079594 0.048787 1.0000 0.8980 0.0000
v -0.947077 0.087499 0.044891 1.0000 0.8980 0.0000
v -0.954541 0.099329 0.042288 1.0000 0.8980 0.0000
v -0.957162 0.113284 0.041374 1.0000 0.8980 0.0000
v -0.954541 0.127239 0.042288 1.0000 0.8980 0.0000
v -0.947077 0.139070 0.044891 1.0000 0.8980 0.0000
v -0.935907 0.146974 0.048787 1.0000 0.8980 0.0000
v -0.922765 0.149750 0.052773 1.0000 0.8980 0.0000
v -0.956400 0.113284 0.054696 1.0000 0.8980 0.0000
v -0.918135 0.079594 0.040206 1.0000 0.8980 0.0000
v -0.910164 0.146974 0.047315 1.0000 0.8980 0.0000
v -0.899510 0.139070 0.042171 1.0000 0.8980 0.0000
v -0.892392 0.127239 0.038734 1.0000 0.8980 0.0000
v -0.889892 0.113284 0.037527 1.0000 0.8980 0.0000
v -0.892392 0.099329 0.038734 1.0000 0.8980 0.0000
v -0.899510 0.087499 0.042171 1.0000 0.8980 0.0000
v -0.910164 0.079594 0.047315 1.0000 0.8980 0.0000
v -0.909894 0.146974 0.052036 1.0000 0.8980 0.0000
v -0.898982 0.139070 0.051412 1.0000 0.8980 0.0000
v -0.891691 0.127239 0.050995 1.0000 0.8980 0.0000
v -0.889130 0.113284 0.050849 1.0000 0.8980 0.0000
v -0.891691 0.099329 0.050995 1.0000 0.8980 0.0000
v -0.898982 0.087499 0.051412 1.0000 0.8980 0.0000
v -0.909894 0.079594 0.052036 1.0000 0.8980 0.0000
v -0.917434 0.146974 0.052468 1.0000 0.8980 0.0000
v -0.912914 0.139070 0.052209 1.0000 0.8980 0.0000
v -0.909894 0.127239 0.052036 1.0000 0.8980 0.0000
v -0.908833 0.113284 0.051976 1.0000 0.8980 0.0000
v -0.909894 0.099329 0.052036 1.0000 0.8980 0.0000
v -0.912914 0.087499 0.052209 1.0000 0.8980 0.0000
v -0.917434 0.079594 0.052468 1.0000 0.8980 0.0000
v -0.928097 0.146974 0.053077 1.0000 0.8980 0.0000
v -0.932617 0.139070 0.053336 1.0000 0.8980 0.0000
v -0.935637 0.127239 0.053509 1.0000 0.8980 0.0000
v -0.936697 0.113284 0.053569 1.0000 0.8980 0.0000
v -0.935637 0.099329 0.053509 1.0000 0.8980 0.0000
v -0.932617 0.087499 0.053336 1.0000 0.8980 0.0000
v -0.928097 0.079594 0.053077 1.0000 0.8980 0.0000
v -0.935637 0.146974 0.053509 1.0000 0.8980 0.0000
v -0.946549 0.139070 0.054133 1.0000 0.8980 0.0000
v -0.953840 0.127239 0.054550 1.0000 0.8980 0.0000
v -0.953840 0.099329 0.054550 1.0000 0.8980 0.0000
v -0.946549 0.087499 0.054133 1.0000 0.8980 0.0000
v -0.935637 0.079594 0.053509 1.0000 0.8980 0.0000
v 0.000000 -0.311036 0.000000 0.6472 0.6511 0.6433
v -0.563471 -0.010353 -1.110600 0.6472 0.6511 0.6433
v -0.563471 -0.111719 -1.110600 0.6472 0.6511 0.6433
v -0.095572 -0.111719 -1.241692 0.6472 0.6511 0.6433
v -0.095572 -0.010353 -1.241692 0.6472 0.6511 0.6433
v -0.945588 -0.010353 -0.810429 0.6472 0.6511 0.6433
v -0.945588 -0.111719 -0.810429 0.6472 0.6511 0.6433
v -0.366192 -0.181730 -1.045627 0.6472 0.6511 0.6433
v -0.543512 0.022981 -1.125653 0.6472 0.6511 0.6433
v -1.183747 -0.010353 -0.386878 0.6472 0.6511 0.6433
v -1.183747 -0.111719 -0.386878 0.6472 0.6511 0.6433
v -0.738461 -0.181730 -0.825898 0.6472 0.6511 0.6433
v -0.932908 0.022981 -0.831975 0.6472 0.6511 0.6433
v -1.244492 -0.010353 0.046612 0.6472 0.6511 0.6433
v -1.244492 -0.111719 0.046612 0.6472 0.6511 0.6433
v -0.998307 -0.181730 -0.480434 0.6472 0.6511 0.6433
v -1.180278 0.022981 -0.411636 0.6472 0.6511 0.6433
v -0.101403 -0.027019 -1.214356 0.6472 0.6511 0.6433
v -0.101403 -0.095052 -1.214356 0.6472 0.6511 0.6433
v -0.500941 -0.027019 -1.110856 0.6472 0.6511 0.6433
v -0.500941 -0.095052 -1.110856 0.6472 0.6511 0.6433
v -1.221211 -0.027020 0.046913 0.6472 0.6511 0.6433
v -1.221211 -0.095052 0.046913 0.6472 0.6511 0.6433
v -0.881422 -0.027019 -0.841876 0.6472 0.6511 0.6433
v -0.881422 -0.095052 -0.841876 0.6472 0.6511 0.6433
v -0.551905 -0.095052 -1.090393 0.6472 0.6511 0.6433
v -0.551905 -0.027019 -1.090393 0.6472 0.6511 0.6433
v -1.139712 -0.027019 -0.431276 0.6472 0.6511 0.6433
v -1.139712 -0.095052 -0.431276 0.6472 0.6511 0.6433
v -0.930382 -0.095052 -0.786977 0.6472 0.6511 0.6433
v -0.930382 -0.027019 -0.786977 0.6472 0.6511 0.6433
v -1.163936 -0.095052 -0.361820 0.6472 0.6511 0.6433
v -1.163936 -0.027019 -0.361820 0.6472 0.6511 0.6433
v -0.089302 -0.010353 -1.217490 0.6472 0.6511 0.6433
v -0.089302 -0.111719 -1.217490 0.6472 0.6511 0.6433
v -0.513041 -0.010353 -1.107721 0.6472 0.6511 0.6433
v -0.513041 -0.111719 -1.107721 0.6472 0.6511 0.6433
v -0.891402 -0.010353 -0.834349 0.6472 0.6511 0.6433
v -0.891402 -0.111719 -0.834349 0.6472 0.6511 0.6433
v -0.541926 -0.111719 -1.097920 0.6472 0.6511 0.6433
v -0.541926 -0.010353 -1.097920 0.6472 0.6511 0.6433
v -1.146052 -0.010353 -0.420503 0.6472 0.6511 0.6433
v -1.146052 -0.111719 -0.420503 0.6472 0.6511 0.6433
v -0.924042 -0.111719 -0.797750 0.6472 0.6511 0.6433
v -0.924042 -0.010353 -0.797750 0.6472 0.6511 0.6433
v -1.222946 -0.010353 0.059292 0.6472 0.6511 0.6433
v -1.222946 -0.111719 0.059292 0.6472 0.6511 0.6433
v -1.162201 -0.111719 -0.374199 0.6472 0.6511 0.6433
v -1.162201 -0.010353 -0.374199 0.6472 0.6511 0.6433
v -0.101403 -0.027019 -1.214356 0.6472 0.6511 0.6433
v -0.101403 -0.095052 -1.214356 0.6472 0.6511 0.6433
v -0.500941 -0.027019 -1.110856 0.6472 0.6511 0.6433
v -0.500941 -0.095052 -1.110856 0.6472 0.6511 0.6433
v -0.881422 -0.027019 -0.841876 1.0000 0.8980 0.0000
v -0.881422 -0.095052 -0.841876 1.0000 0.8980 0.0000
v -0.551905 -0.095052 -1.090393 1.0000 0.8980 0.0000
v -0.551905 -0.027019 -1.090393 1.0000 0.8980 0.0000
v -1.139712 -0.027019 -0.431276 1.0000 0.8980 0.0000
v -1.139712 -0.095052 -0.431276 1.0000 0.8980 0.0000
v -0.930382 -0.095052 -0.786977 1.0000 0.8980 0.0000
v -0.930382 -0.027019 -0.786977 1.0000 0.8980 0.0000
v -1.221211 -0.027020 0.046913 1.0000 0.8980 0.0000
v -1.221211 -0.095052 0.046913 1.0000 0.8980 0.0000
v -1.163936 -0.095052 -0.361820 1.0000 0.8980 0.0000
v -1.163936 -0.027019 -0.361820 1.0000 0.8980 0.0000
v -0.101403 -0.027019 -1.214356 1.0000 0.8980 0.0000
v -0.101403 -0.095052 -1.214356 1.0000 0.8980 0.0000
v -0.500941 -0.027019 -1.110856 1.0000 0.8980 0.0000
v -0.500941 -0.095052 -1.110856 1.0000 0.8980 0.0000
v -0.213826 -0.044027 -1.236883 1.0000 0.8980 0.0000
v -0.213826 -0.078044 -1.236883 1.0000 0.8980 0.0000
v -0.413595 -0.044027 -1.185133 1.0000 0.8980 0.0000
v -0.413595 -0.078044 -1.185133 1.0000 0.8980 0.0000
v -0.829150 -0.044027 -0.943925 1.0000 0.8980 0.0000
v -0.829150 -0.078044 -0.943925 1.0000 0.8980 0.0000
v -0.664392 -0.078044 -1.068183 1.0000 0.8980 0.0000
v -0.664392 -0.044027 -1.068183 1.0000 0.8980 0.0000
v -1.130471 -0.044028 -0.545560 1.0000 0.8980 0.0000
v -1.130471 -0.078044 -0.545560 1.0000 0.8980 0.0000
v -1.025806 -0.078044 -0.723411 1.0000 0.8980 0.0000
v -1.025806 -0.044028 -0.723411 1.0000 0.8980 0.0000
v -1.256408 -0.044028 -0.062209 1.0000 0.8980 0.0000
v -1.256408 -0.078044 -0.062209 1.0000 0.8980 0.0000
v -1.227771 -0.078044 -0.266575 1.0000 0.8980 0.0000
v -1.227771 -0.044028 -0.266575 1.0000 0.8980 0.0000
v -0.591115 -0.181730 -0.937025 0.6472 0.6511 0.6433
v -0.454600 -0.274357 -0.654294 0.6472 0.6511 0.6433
v -0.187535 -0.181730 -1.091908 0.6472 0.6511 0.6433
v -0.169609 -0.274357 -0.778456 0.6472 0.6511 0.6433
v -0.904703 -0.181730 -0.639489 0.6472 0.6511 0.6433
v -0.543512 -0.145052 -1.125653 0.6472 0.6511 0.6433
v -0.670383 -0.274357 -0.430521 0.6472 0.6511 0.6433
v -0.298882 -0.311036 -0.619008 0.6472 0.6511 0.6433
v -1.080558 -0.181731 -0.244596 0.6472 0.6511 0.6433
v -0.932908 -0.145052 -0.831975 0.6472 0.6511 0.6433
v -0.784106 -0.274357 -0.141205 0.6472 0.6511 0.6433
v -0.513015 -0.311036 -0.457511 0.6472 0.6511 0.6433
v -1.180278 -0.145052 -0.411637 0.6472 0.6511 0.6433
v -1.106169 -0.181731 -0.061828 0.6472 0.6511 0.6433
v -0.649046 -0.311036 -0.226363 0.6472 0.6511 0.6433
v -0.792717 -0.274357 -0.079754 0.6472 0.6511 0.6433
v -0.185729 -0.157790 -1.084937 1.0000 0.8980 0.0000
v -0.167803 -0.250417 -0.771485 1.0000 0.8980 0.0000
v -0.364386 -0.157790 -1.038656 1.0000 0.8980 0.0000
v -0.227871 -0.250417 -0.755924 1.0000 0.8980 0.0000
v -0.734125 -0.157790 -0.820149 1.0000 0.8980 0.0000
v -0.586778 -0.157790 -0.931276 1.0000 0.8980 0.0000
v -0.499805 -0.250417 -0.611181 1.0000 0.8980 0.0000
v -0.450264 -0.250417 -0.648544 1.0000 0.8980 0.0000
v -0.992100 -0.157790 -0.476781 1.0000 0.8980 0.0000
v -0.898496 -0.157790 -0.635836 1.0000 0.8980 0.0000
v -0.695648 -0.250417 -0.373390 1.0000 0.8980 0.0000
v -0.664177 -0.250417 -0.426868 1.0000 0.8980 0.0000
v -1.099038 -0.157790 -0.060828 1.0000 0.8980 0.0000
v -0.785585 -0.250417 -0.078754 1.0000 0.8980 0.0000
v -1.073426 -0.157790 -0.243597 1.0000 0.8980 0.0000
v -0.776974 -0.250417 -0.140205 1.0000 0.8980 0.0000
v 0.035685 0.061036 0.623981 0.5569 0.9490 0.6863
v 0.000000 0.686036 0.000000 0.5569 0.9490 0.6863
v -0.159192 0.638460 0.178504 0.5569 0.9490 0.6863
v -0.294148 0.502977 0.329833 0.5569 0.9490 0.6863
v -0.384322 0.300213 0.430947 0.5569 0.9490 0.6863
v -0.415988 0.061036 0.466454 0.5569 0.9490 0.6863
v -0.384322 -0.178142 0.430947 0.5569 0.9490 0.6863
v -0.294148 -0.380906 0.329833 0.5569 0.9490 0.6863
v -0.159192 -0.516389 0.178504 0.5569 0.9490 0.6863
v -0.238787 0.638460 0.013656 0.5569 0.9490 0.6863
v -0.441221 0.502977 0.025233 0.5569 0.9490 0.6863
v -0.576483 0.300213 0.032969 0.5569 0.9490 0.6863
v -0.623980 0.061036 0.035685 0.5569 0.9490 0.6863
v -0.576483 -0.178141 0.032969 0.5569 0.9490 0.6863
v -0.441221 -0.380906 0.025233 0.5569 0.9490 0.6863
v -0.238787 -0.516389 0.013656 0.5569 0.9490 0.6863
v 0.000000 -0.563964 0.000000 0.5569 0.9490 0.6863
v -0.178504 0.638460 -0.159191 0.5569 0.9490 0.6863
v -0.329833 0.502977 -0.294147 0.5569 0.9490 0.6863
v -0.430947 0.300213 -0.384322 0.5569 0.9490 0.6863
v -0.466454 0.061036 -0.415987 0.5569 0.9490 0.6863
v -0.430947 -0.178141 -0.384322 0.5569 0.9490 0.6863
v -0.329833 -0.380906 -0.294148 0.5569 0.9490 0.6863
v -0.178504 -0.516389 -0.159192 0.5569 0.9490 0.6863
v -0.013656 0.638460 -0.238787 0.5569 0.9490 0.6863
v -0.025233 0.502978 -0.441221 0.5569 0.9490 0.6863
v -0.032969 0.300213 -0.576483 0.5569 0.9490 0.6863
v -0.035685 0.061036 -0.623980 0.5569 0.9490 0.6863
v -0.032969 -0.178141 -0.576483 0.5569 0.9490 0.6863
v -0.025233 -0.380906 -0.441221 0.5569 0.9490 0.6863
v -0.013656 -0.516389 -0.238787 0.5569 0.9490 0.6863
v 0.159192 0.638460 -0.178504 0.5569 0.9490 0.6863
v 0.294148 0.502977 -0.329833 0.5569 0.9490 0.6863
v 0.384322 0.300213 -0.430947 0.5569 0.9490 0.6863
v 0.415988 0.061036 -0.466454 0.5569 0.9490 0.6863
v 0.384322 -0.178141 -0.430947 0.5569 0.9490 0.6863
v 0.294148 -0.380906 -0.329833 0.5569 0.9490 0.6863
v 0.159192 -0.516389 -0.178504 0.5569 0.9490 0.6863
v 0.238787 0.638460 -0.013656 0.5569 0.9490 0.6863
v 0.441221 0.502977 -0.025233 0.5569 0.9490 0.6863
v 0.576483 0.300213 -0.032969 0.5569 0.9490 0.6863
v 0.623980 0.061036 -0.035685 0.5569 0.9490 0.6863
v 0.576483 -0.178141 -0.032969 0.5569 0.9490 0.6863
v 0.441221 -0.380906 -0.025233 0.5569 0.9490 0.6863
v 0.238787 -0.516389 -0.013656 0.5569 0.9490 0.6863
v 0.178504 0.638460 0.159192 0.5569 0.9490 0.6863
v 0.329833 0.502977 0.294148 0.5569 0.9490 0.6863
v 0.430947 0.300213 0.384322 0.5569 0.9490 0.6863
v 0.466454 0.061036 0.415988 0.5569 0.9490 0.6863
v 0.430947 -0.178142 0.384322 0.5569 0.9490 0.6863
v 0.329833 -0.380906 0.294148 0.5569 0.9490 0.6863
v 0.178504 -0.516389 0.159192 0.5569 0.9490 0.6863
v 0.013656 0.638460 0.238787 0.5569 0.9490 0.6863
v 0.025233 0.502977 0.441221 0.5569 0.9490 0.6863
v 0.032969 0.300213 0.576483 0.5569 0.9490 0.6863
v 0.032969 -0.178142 0.576483 0.5569 0.9490 0.6863
v 0.025233 -0.380906 0.441221 0.5569 0.9490 0.6863
v 0.013656 -0.516389 0.238787 0.5569 0.9490 0.6863
v 0.000000 -0.392833 -0.523453 0.6472 0.6511 0.6433
v 0.000000 -0.414870 -0.470250 0.6472 0.6511 0.6433
v 0.000000 -0.392833 -0.417047 0.6472 0.6511 0.6433
v 0.000000 -0.339630 -0.395010 0.6472 0.6511 0.6433
v 0.000000 -0.286428 -0.417047 0.6472 0.6511 0.6433
v 0.000000 -0.264390 -0.470250 0.6472 0.6511 0.6433
v 0.000000 -0.286428 -0.523453 0.6472 0.6511 0.6433
v 0.000000 -0.339630 -0.545490 0.6472 0.6511 0.6433
v -0.200317 -0.392833 -0.483607 0.6472 0.6511 0.6433
v -0.179957 -0.414870 -0.434454 0.6472 0.6511 0.6433
v -0.159597 -0.392833 -0.385301 0.6472 0.6511 0.6433
v -0.151164 -0.339630 -0.364942 0.6472 0.6511 0.6433
v -0.159597 -0.286428 -0.385301 0.6472 0.6511 0.6433
v -0.179957 -0.264390 -0.434454 0.6472 0.6511 0.6433
v -0.200317 -0.286428 -0.483607 0.6472 0.6511 0.6433
v -0.208750 -0.339630 -0.503967 0.6472 0.6511 0.6433
v -0.370137 -0.392833 -0.370137 0.6472 0.6511 0.6433
v -0.332517 -0.414870 -0.332517 0.6472 0.6511 0.6433
v -0.294897 -0.392833 -0.294897 0.6472 0.6511 0.6433
v -0.279314 -0.339630 -0.279314 0.6472 0.6511 0.6433
v -0.294897 -0.286427 -0.294897 0.6472 0.6511 0.6433
v -0.332517 -0.264390 -0.332517 0.6472 0.6511 0.6433
v -0.370137 -0.286427 -0.370137 0.6472 0.6511 0.6433
v -0.385720 -0.339630 -0.385720 0.6472 0.6511 0.6433
v -0.483607 -0.392833 -0.200317 0.6472 0.6511 0.6433
v -0.434454 -0.414870 -0.179957 0.6472 0.6511 0.6433
v -0.385301 -0.392833 -0.159597 0.6472 0.6511 0.6433
v -0.364942 -0.339630 -0.151164 0.6472 0.6511 0.6433
v -0.385301 -0.286427 -0.159597 0.6472 0.6511 0.6433
v -0.434454 -0.264390 -0.179957 0.6472 0.6511 0.6433
v -0.483607 -0.286427 -0.200317 0.6472 0.6511 0.6433
v -0.503967 -0.339630 -0.208750 0.6472 0.6511 0.6433
v 0.483607 -0.392833 0.200317 0.6472 0.6511 0.6433
v 0.434454 -0.414870 0.179957 0.6472 0.6511 0.6433
v 0.385301 -0.392833 0.159597 0.6472 0.6511 0.6433
v 0.364942 -0.339630 0.151164 0.6472 0.6511 0.6433
v 0.385301 -0.286428 0.159597 0.6472 0.6511 0.6433
v 0.434454 -0.264390 0.179957 0.6472 0.6511 0.6433
v 0.483607 -0.286428 0.200317 0.6472 0.6511 0.6433
v 0.503967 -0.339630 0.208750 0.6472 0.6511 0.6433
v 0.370137 -0.392833 0.370137 0.6472 0.6511 0.6433
v 0.332517 -0.414870 0.332517 0.6472 0.6511 0.6433
v 0.294897 -0.392833 0.294897 0.6472 0.6511 0.6433
v 0.279314 -0.339630 0.279314 0.6472 0.6511 0.6433
v 0.294897 -0.286428 0.294897 0.6472 0.6511 0.6433
v 0.332517 -0.264390 0.332517 0.6472 0.6511 0.6433
v 0.370137 -0.286428 0.370137 0.6472 0.6511 0.6433
v 0.385719 -0.339630 0.385720 0.6472 0.6511 0.6433
v 0.200317 -0.392833 0.483607 0.6472 0.6511 0.6433
v 0.179957 -0.414870 0.434454 0.6472 0.6511 0.6433
v 0.159597 -0.392833 0.385301 0.6472 0.6511 0.6433
v 0.151164 -0.339630 0.364942 0.6472 0.6511 0.6433
v 0.159597 -0.286428 0.385301 0.6472 0.6511 0.6433
v 0.179957 -0.264390 0.434454 0.6472 0.6511 0.6433
v 0.200317 -0.286428 0.483607 0.6472 0.6511 0.6433
v 0.208750 -0.339630 0.503967 0.6472 0.6511 0.6433
v -0.200317 -0.392833 0.483607 0.6472 0.6511 0.6433
v -0.179957 -0.414870 0.434454 0.6472 0.6511 0.6433
v -0.159597 -0.392833 0.385301 0.6472 0.6511 0.6433
v -0.151164 -0.339630 0.364942 0.6472 0.6511 0.6433
v -0.159597 -0.286428 0.385301 0.6472 0.6511 0.6433
v -0.179957 -0.264390 0.434454 0.6472 0.6511 0.6433
v -0.200317 -0.286428 0.483607 0.6472 0.6511 0.6433
v -0.208750 -0.339630 0.503967 0.6472 0.6511 0.6433
v -0.370137 -0.392833 0.370137 0.6472 0.6511 0.6433
v -0.332517 -0.414870 0.332517 0.6472 0.6511 0.6433
v -0.294897 -0.392833 0.294897 0.6472 0.6511 0.6433
v -0.279314 -0.339630 0.279314 0.6472 0.6511 0.6433
v -0.294897 -0.286427 0.294897 0.6472 0.6511 0.6433
v -0.332517 -0.264390 0.332517 0.6472 0.6511 0.6433
v -0.370137 -0.286427 0.370137 0.6472 0.6511 0.6433
v -0.385720 -0.339630 0.385720 0.6472 0.6511 0.6433
v -0.483607 -0.392833 0.200316 0.6472 0.6511 0.6433
v -0.434454 -0.414870 0.179957 0.6472 0.6511 0.6433
v -0.385302 -0.392833 0.159597 0.6472 0.6511 0.6433
v -0.364942 -0.339630 0.151164 0.6472 0.6511 0.6433
v -0.385302 -0.286427 0.159597 0.6472 0.6511 0.6433
v -0.434454 -0.264390 0.179957 0.6472 0.6511 0.6433
v -0.483607 -0.286427 0.200316 0.6472 0.6511 0.6433
v -0.503967 -0.339630 0.208750 0.6472 0.6511 0.6433
v -0.483607 -0.392833 -0.200317 0.6472 0.6511 0.6433
v -0.434454 -0.414870 -0.179957 0.6472 0.6511 0.6433
v -0.385301 -0.392833 -0.159597 0.6472 0.6511 0.6433
v -0.364942 -0.339630 -0.151164 0.6472 0.6511 0.6433
v -0.385301 -0.286427 -0.159597 0.6472 0.6511 0.6433
v -0.434454 -0.264390 -0.179957 0.6472 0.6511 0.6433
v -0.483607 -0.286427 -0.200317 0.6472 0.6511 0.6433
v -0.503967 -0.339630 -0.208750 0.6472 0.6511 0.6433
v -0.370137 -0.392833 -0.370137 0.6472 0.6511 0.6433
v -0.332517 -0.414870 -0.332517 0.6472 0.6511 0.6433
v -0.294897 -0.392833 -0.294897 0.6472 0.6511 0.6433
v -0.279314 -0.339630 -0.279314 0.6472 0.6511 0.6433
v -0.294897 -0.286427 -0.294897 0.6472 0.6511 0.6433
v -0.332517 -0.264390 -0.332517 0.6472 0.6511 0.6433
v -0.370137 -0.286427 -0.370137 0.6472 0.6511 0.6433
v -0.385720 -0.339630 -0.385720 0.6472 0.6511 0.6433
v -0.200317 -0.392833 -0.483607 0.6472 0.6511 0.6433
v -0.179957 -0.414870 -0.434454 0.6472 0.6511 0.6433
v -0.159597 -0.392833 -0.385301 0.6472 0.6511 0.6433
v -0.151164 -0.339630 -0.364942 0.6472 0.6511 0.6433
v -0.159597 -0.286428 -0.385301 0.6472 0.6511 0.6433
v -0.179957 -0.264390 -0.434454 0.6472 0.6511 0.6433
v -0.200317 -0.286428 -0.483607 0.6472 0.6511 0.6433
v -0.208750 -0.339630 -0.503967 0.6472 0.6511 0.6433
v 0.200317 -0.392833 -0.483607 0.6472 0.6511 0.6433
v 0.179957 -0.414870 -0.434454 0.6472 0.6511 0.6433
v 0.159597 -0.392833 -0.385301 0.6472 0.6511 0.6433
v 0.151164 -0.339630 -0.364942 0.6472 0.6511 0.6433
v 0.159597 -0.286428 -0.385301 0.6472 0.6511 0.6433
v 0.179957 -0.264390 -0.434454 0.6472 0.6511 0.6433
v 0.200317 -0.286428 -0.483607 0.6472 0.6511 0.6433
v 0.208750 -0.339630 -0.503967 0.6472 0.6511 0.6433
v 0.370137 -0.392833 -0.370137 0.6472 0.6511 0.6433
v 0.332517 -0.414870 -0.332517 0.6472 0.6511 0.6433
v 0.294897 -0.392833 -0.294897 0.6472 0.6511 0.6433
v 0.279314 -0.339630 -0.279314 0.6472 0.6511 0.6433
v 0.294897 -0.286428 -0.294897 0.6472 0.6511 0.6433
v 0.332517 -0.264390 -0.332517 0.6472 0.6511 0.6433
v 0.370137 -0.286428 -0.370137 0.6472 0.6511 0.6433
v 0.385720 -0.339630 -0.385720 0.6472 0.6511 0.6433
v 0.483607 -0.392833 -0.200317 0.6472 0.6511 0.6433
v 0.434454 -0.414870 -0.179957 0.6472 0.6511 0.6433
v 0.385301 -0.392833 -0.159597 0.6472 0.6511 0.6433
v 0.364942 -0.339630 -0.151164 0.6472 0.6511 0.6433
v 0.385301 -0.286428 -0.159597 0.6472 0.6511 0.6433
v 0.434454 -0.264390 -0.179957 0.6472 0.6511 0.6433
v 0.483607 -0.286428 -0.200317 0.6472 0.6511 0.6433
v 0.503967 -0.339630 -0.208750 0.6472 0.6511 0.6433
v -0.551000 -0.339630 0.000000 0.6472 0.6511 0.6433
v -0.528740 -0.285890 0.000000 0.6472 0.6511 0.6433
v -0.475000 -0.263630 0.000000 0.6472 0.6511 0.6433
v -0.421260 -0.285890 0.000000 0.6472 0.6511 0.6433
v -0.399000 -0.339630 0.000000 0.6472 0.6511 0.6433
v -0.421260 -0.393370 0.000000 0.6472 0.6511 0.6433
v -0.475000 -0.415630 0.000000 0.6472 0.6511 0.6433
v -0.528740 -0.393370 0.000000 0.6472 0.6511 0.6433
v -0.509058 -0.339630 0.210858 0.6472 0.6511 0.6433
v -0.488492 -0.285890 0.202340 0.6472 0.6511 0.6433
v -0.438843 -0.263630 0.181775 0.6472 0.6511 0.6433
v -0.389193 -0.285890 0.161209 0.6472 0.6511 0.6433
v -0.368628 -0.339630 0.152691 0.6472 0.6511 0.6433
v -0.389193 -0.393370 0.161209 0.6472 0.6511 0.6433
v -0.438843 -0.415630 0.181775 0.6472 0.6511 0.6433
v -0.488492 -0.393370 0.202340 0.6472 0.6511 0.6433
v -0.389616 -0.339630 0.389616 0.6472 0.6511 0.6433
v -0.373876 -0.285890 0.373876 0.6472 0.6511 0.6433
v -0.335876 -0.263630 0.335876 0.6472 0.6511 0.6433
v -0.297876 -0.285890 0.297876 0.6472 0.6511 0.6433
v -0.282136 -0.339630 0.282136 0.6472 0.6511 0.6433
v -0.297876 -0.393370 0.297876 0.6472 0.6511 0.6433
v -0.335876 -0.415630 0.335876 0.6472 0.6511 0.6433
v -0.373876 -0.393370 0.373876 0.6472 0.6511 0.6433
v -0.210859 -0.339630 0.509058 0.6472 0.6511 0.6433
v -0.202340 -0.285890 0.488492 0.6472 0.6511 0.6433
v -0.181775 -0.263630 0.438843 0.6472 0.6511 0.6433
v -0.161209 -0.285890 0.389193 0.6472 0.6511 0.6433
v -0.152691 -0.339630 0.368628 0.6472 0.6511 0.6433
v -0.161209 -0.393370 0.389193 0.6472 0.6511 0.6433
v -0.181775 -0.415630 0.438843 0.6472 0.6511 0.6433
v -0.202340 -0.393370 0.488492 0.6472 0.6511 0.6433
v 0.000000 -0.339630 0.551000 0.6472 0.6511 0.6433
v 0.000000 -0.285890 0.528740 0.6472 0.6511 0.6433
v 0.000000 -0.263630 0.475000 0.6472 0.6511 0.6433
v 0.000000 -0.285890 0.421260 0.6472 0.6511 0.6433
v 0.000000 -0.339630 0.399000 0.6472 0.6511 0.6433
v 0.000000 -0.393370 0.421260 0.6472 0.6511 0.6433
v 0.000000 -0.415630 0.475000 0.6472 0.6511 0.6433
v 0.000000 -0.393370 0.528740 0.6472 0.6511 0.6433
v 0.210859 -0.339630 0.509058 0.6472 0.6511 0.6433
v 0.202340 -0.285890 0.488492 0.6472 0.6511 0.6433
v 0.181775 -0.263630 0.438843 0.6472 0.6511 0.6433
v 0.161209 -0.285890 0.389193 0.6472 0.6511 0.6433
v 0.152691 -0.339630 0.368628 0.6472 0.6511 0.6433
v 0.161209 -0.393370 0.389193 0.6472 0.6511 0.6433
v 0.181775 -0.415630 0.438843 0.6472 0.6511 0.6433
v 0.202340 -0.393370 0.488492 0.6472 0.6511 0.6433
v 0.389616 -0.339630 0.389616 0.6472 0.6511 0.6433
v 0.373876 -0.285890 0.373876 0.6472 0.6511 0.6433
v 0.335876 -0.263630 0.335876 0.6472 0.6511 0.6433
v 0.297876 -0.285890 0.297876 0.6472 0.6511 0.6433
v 0.282136 -0.339630 0.282136 0.6472 0.6511 0.6433
v 0.297876 -0.393370 0.297876 0.6472 0.6511 0.6433
v 0.335876 -0.415630 0.335876 0.6472 0.6511 0.6433
v 0.373876 -0.393370 0.373876 0.6472 0.6511 0.6433
v 0.509058 -0.339630 0.210859 0.6472 0.6511 0.6433
v 0.488492 -0.285890 0.202340 0.6472 0.6511 0.6433
v 0.438843 -0.263630 0.181775 0.6472 0.6511 0.6433
v 0.389193 -0.285890 0.161209 0.6472 0.6511 0.6433
v 0.368628 -0.339630 0.152691 0.6472 0.6511 0.6433
v 0.389193 -0.393370 0.161209 0.6472 0.6511 0.6433
v 0.438843 -0.415630 0.181775 0.6472 0.6511 0.6433
v 0.488492 -0.393370 0.202340 0.6472 0.6511 0.6433
v 0.551000 -0.339630 0.000000 0.6472 0.6511 0.6433
v 0.528740 -0.285890 0.000000 0.6472 0.6511 0.6433
v 0.475000 -0.263630 0.000000 0.6472 0.6511 0.6433
v 0.421260 -0.285890 0.000000 0.6472 0.6511 0.6433
v 0.399000 -0.339630 0.000000 0.6472 0.6511 0.6433
v 0.421260 -0.393370 0.000000 0.6472 0.6511 0.6433
v 0.475000 -0.415630 0.000000 0.6472 0.6511 0.6433
v 0.528740 -0.393370 0.000000 0.6472 0.6511 0.6433
v 0.509058 -0.339630 -0.210858 0.6472 0.6511 0.6433
v 0.488492 -0.285890 -0.202340 0.6472 0.6511 0.6433
v 0.438843 -0.263630 -0.181774 0.6472 0.6511 0.6433
v 0.389193 -0.285890 -0.161209 0.6472 0.6511 0.6433
v 0.368628 -0.339630 -0.152691 0.6472 0.6511 0.6433
v 0.389193 -0.393370 -0.161209 0.6472 0.6511 0.6433
v 0.438843 -0.415630 -0.181774 0.6472 0.6511 0.6433
v 0.488492 -0.393370 -0.202340 0.6472 0.6511 0.6433
v 0.389616 -0.339630 -0.389616 0.6472 0.6511 0.6433
v 0.373876 -0.285890 -0.373876 0.6472 0.6511 0.6433
v 0.335876 -0.263630 -0.335876 0.6472 0.6511 0.6433
v 0.297876 -0.285890 -0.297876 0.6472 0.6511 0.6433
v 0.282136 -0.339630 -0.282136 0.6472 0.6511 0.6433
v 0.297876 -0.393370 -0.297876 0.6472 0.6511 0.6433
v 0.335876 -0.415630 -0.335876 0.6472 0.6511 0.6433
v 0.373876 -0.393370 -0.373876 0.6472 0.6511 0.6433
v 0.210859 -0.339630 -0.509058 0.6472 0.6511 0.6433
v 0.202340 -0.285890 -0.488492 0.6472 0.6511 0.6433
v 0.181775 -0.263630 -0.438843 0.6472 0.6511 0.6433
v 0.161209 -0.285890 -0.389193 0.6472 0.6511 0.6433
v 0.152691 -0.339630 -0.368628 0.6472 0.6511 0.6433
v 0.161209 -0.393370 -0.389193 0.6472 0.6511 0.6433
v 0.181775 -0.415630 -0.438843 0.6472 0.6511 0.6433
v 0.202340 -0.393370 -0.488492 0.6472 0.6511 0.6433
v 0.000000 -0.339630 -0.551000 0.6472 0.6511 0.6433
v 0.000000 -0.285890 -0.528740 0.6472 0.6511 0.6433
v 0.000000 -0.263630 -0.475000 0.6472 0.6511 0.6433
v 0.000000 -0.285890 -0.421260 0.6472 0.6511 0.6433
v 0.000000 -0.339630 -0.399000 0.6472 0.6511 0.6433
v 0.000000 -0.393370 -0.421260 0.6472 0.6511 0.6433
v 0.000000 -0.415630 -0.475000 0.6472 0.6511 0.6433
v 0.000000 -0.393370 -0.528740 0.6472 0.6511 0.6433
v -0.210859 -0.339630 -0.509058 0.6472 0.6511 0.6433
v -0.202340 -0.285890 -0.488492 0.6472 0.6511 0.6433
v -0.181775 -0.263630 -0.438843 0.6472 0.6511 0.6433
v -0.161209 -0.285890 -0.389193 0.6472 0.6511 0.6433
v -0.152691 -0.339630 -0.368628 0.6472 0.6511 0.6433
v -0.161209 -0.393370 -0.389193 0.6472 0.6511 0.6433
v -0.181775 -0.415630 -0.438843 0.6472 0.6511 0.6433
v -0.202340 -0.393370 -0.488492 0.6472 0.6511 0.6433
v -0.389616 -0.339630 -0.389616 0.6472 0.6511 0.6433
v -0.373875 -0.285890 -0.373876 0.6472 0.6511 0.6433
v -0.335876 -0.263630 -0.335876 0.6472 0.6511 0.6433
v -0.297876 -0.285890 -0.297876 0.6472 0.6511 0.6433
v -0.282135 -0.339630 -0.282136 0.6472 0.6511 0.6433
v -0.297876 -0.393370 -0.297876 0.6472 0.6511 0.6433
v -0.335876 -0.415630 -0.335876 0.6472 0.6511 0.6433
v -0.373875 -0.393370 -0.373876 0.6472 0.6511 0.6433
v -0.509058 -0.339630 -0.210859 0.6472 0.6511 0.6433
v -0.488492 -0.285890 -0.202340 0.6472 0.6511 0.6433
v -0.438843 -0.263630 -0.181775 0.6472 0.6511 0.6433
v -0.389193 -0.285890 -0.161209 0.6472 0.6511 0.6433
v -0.368628 -0.339630 -0.152691 0.6472 0.6511 0.6433
v -0.389193 -0.393370 -0.161209 0.6472 0.6511 0.6433
v -0.438843 -0.415630 -0.181775 0.6472 0.6511 0.6433
v -0.488492 -0.393370 -0.202340 0.6472 0.6511 0.6433
vn 0.2853 0.9576 0.0400
vn 0.2483 0.9576 0.1461
vn 0.1734 0.9576 0.2300
vn 0.0722 0.9576 0.2788
vn 0.0949 0.3542 0.9303
vn 0.0953 -0.0203 -0.9952
vn -0.0000 -0.0000 -1.0000
vn -0.0000 1.0000 0.0001
vn -0.7486 -0.0001 -0.6630
vn -0.0000 -0.0000 1.0000
vn 0.9863 -0.0000 0.1647
vn -0.9984 -0.0001 0.0571
vn 0.9525 -0.0000 -0.3046
vn -0.6271 -0.0863 -0.7742
vn -0.8857 -0.1808 0.4277
vn -0.8857 -0.1808 0.4276
vn -0.9287 -0.1807 -0.3239
vn 0.2146 -0.9766 -0.0123
vn 0.5851 -0.8103 -0.0335
vn 0.0120 -0.9776 0.2102
vn 0.2508 -0.0000 0.9680
vn 0.6021 -0.0000 0.7984
vn 0.8618 -0.0000 0.5072
vn 0.9903 -0.0000 0.1388
vn -0.0000 1.0000 -0.0000
vn -0.0000 -1.0000 -0.0000
vn 0.0722 -0.9576 0.2788
vn 0.0722 -0.9576 0.2789
vn 0.1734 -0.9576 0.2300
vn 0.1735 -0.9576 0.2300
vn 0.2483 -0.9576 0.1461
vn 0.2853 -0.9576 0.0400
vn -0.2788 0.9576 0.0722
vn -0.2300 0.9576 0.1734
vn -0.1461 0.9576 0.2483
vn -0.0400 0.9576 0.2853
vn -0.0830 -0.0000 0.9965
vn -0.5350 0.7352 -0.4163
vn 0.9699 -0.0000 -0.2436
vn -0.0830 -0.0000 0.9966
vn 0.6877 0.0208 -0.7257
vn 0.9699 0.0015 -0.2435
vn 0.7969 -0.0000 0.6041
vn 0.9287 -0.1807 0.3239
vn 0.8857 -0.1808 -0.4276
vn 0.8857 -0.1807 -0.4277
vn -0.2146 -0.9766 0.0123
vn -0.5851 -0.8103 0.0335
vn -0.1388 -0.0000 0.9903
vn -0.5072 -0.0000 0.8618
vn -0.7984 -0.0000 0.6021
vn -0.9680 -0.0000 0.2508
vn 0.9088 0.3973 0.1273
vn 0.9088 0.3974 0.1273
vn -0.0400 -0.9576 0.2853
vn -0.1461 -0.9576 0.2483
vn -0.2300 -0.9576 0.1734
vn -0.2300 -0.9576 0.1735
vn -0.2789 -0.9576 0.0722
vn -0.2788 -0.9576 0.0722
vn 0.2788 0.9576 -0.0722
vn 0.2300 0.9576 -0.1734
vn 0.1461 0.9576 -0.2483
vn 0.0400 0.9576 -0.2853
vn 0.6478 -0.5145 -0.5618
vn 0.9984 -0.0000 -0.0570
vn -0.9982 0.0186 0.0573
vn 0.8646 0.0026 0.5024
vn 0.9525 0.0001 -0.3046
vn 0.8646 -0.0000 0.5024
vn -0.8857 -0.1807 0.4276
vn -0.0120 -0.9776 -0.2101
vn 0.1388 -0.0000 -0.9903
vn 0.5072 -0.0000 -0.8618
vn 0.7984 -0.0000 -0.6021
vn 0.9680 -0.0000 -0.2508
vn -0.8993 0.4189 -0.1259
vn -0.8992 0.4190 -0.1259
vn 0.0400 -0.9576 -0.2853
vn 0.1461 -0.9576 -0.2483
vn 0.2300 -0.9576 -0.1734
vn 0.2300 -0.9576 -0.1735
vn 0.2788 -0.9576 -0.0722
vn 0.2789 -0.9576 -0.0722
vn -0.2853 0.9576 -0.0400
vn -0.2483 0.9576 -0.1461
vn -0.1734 0.9576 -0.2300
vn -0.0722 0.9576 -0.2788
vn -0.9234 0.0016 0.3838
vn 0.5052 -0.0000 0.8630
vn -0.9759 -0.0000 -0.2183
vn -0.8389 -0.0465 -0.5422
vn 0.8857 -0.1808 -0.4277
vn -0.2508 -0.0000 -0.9680
vn -0.6021 -0.0000 -0.7984
vn -0.8618 -0.0000 -0.5072
vn -0.9903 -0.0000 -0.1388
vn -0.0722 -0.9576 -0.2788
vn -0.0722 -0.9576 -0.2789
vn -0.1734 -0.9576 -0.2300
vn -0.1735 -0.9576 -0.2300
vn -0.2483 -0.9576 -0.1461
vn -0.2853 -0.9576 -0.0400
vn -0.7486 -0.0000 -0.6630
vn 0.9863 0.0001 0.1647
vn -0.9984 -0.0000 0.0571
vn 0.9525 0.0001 -0.3047
vn -0.6270 -0.0863 -0.7742
vn 0.8292 -0.0000 -0.5589
vn 0.3293 -0.0000 -0.9442
vn 0.8293 0.0001 -0.5589
vn 0.3292 -0.0000 -0.9442
vn -0.0000 1.0000 -0.0001
vn -0.9872 -0.0181 0.1584
vn -0.9872 -0.0181 0.1583
vn -0.8993 0.4188 -0.1260
vn -0.9234 0.0017 0.3838
vn -0.9759 -0.0001 -0.2183
vn -0.8389 -0.0465 -0.5423
vn 0.7970 -0.0000 0.6040
vn 0.5072 -0.0000 -0.8619
vn -0.9483 -0.2881 -0.1329
vn -0.9484 -0.2880 -0.1329
vn -0.3438 0.0539 0.9375
vn 0.8922 0.0539 -0.4484
vn 0.8922 0.0539 -0.4485
vn -0.9060 0.0539 0.4198
vn -0.2524 0.4585 -0.8521
vn -0.2366 0.4253 -0.8736
vn -0.2273 0.4060 -0.8851
vn -0.8342 0.5180 -0.1891
vn -0.8797 0.4506 -0.1519
vn -0.8006 0.5601 -0.2128
vn -0.7694 0.4931 -0.4061
vn -0.7406 0.5265 -0.4174
vn -0.7912 0.4656 -0.3965
vn -0.5290 0.4721 -0.7052
vn -0.5294 0.4740 -0.7036
vn -0.5297 0.4755 -0.7024
vn 0.1930 -0.8103 -0.5533
vn 0.3239 -0.1807 -0.9287
vn 0.3239 -0.1808 -0.9287
vn 0.2802 0.5253 -0.8035
vn 0.0693 0.9776 -0.1988
vn 0.0693 -0.9776 -0.1988
vn 0.2802 -0.5253 -0.8035
vn 0.3239 0.1807 -0.9287
vn 0.3239 0.1808 -0.9287
vn 0.1930 0.8103 -0.5533
vn 0.7663 0.5253 -0.3700
vn 0.1896 0.9776 -0.0915
vn 0.1896 -0.9776 -0.0915
vn 0.7663 -0.5253 -0.3700
vn 0.8857 0.1808 -0.4276
vn 0.8857 0.1807 -0.4277
vn 0.5277 0.8103 -0.2548
vn 0.5277 -0.8103 -0.2548
vn 0.1988 -0.9776 0.0693
vn 0.8034 -0.5253 0.2802
vn 0.8035 -0.5253 0.2802
vn 0.9287 0.1807 0.3239
vn 0.5534 0.8103 0.1930
vn 0.5534 -0.8103 0.1930
vn 0.8034 0.5253 0.2802
vn 0.1988 0.9776 0.0693
vn 0.2548 0.8103 0.5277
vn 0.2548 -0.8103 0.5277
vn 0.4277 -0.1807 0.8857
vn 0.4276 -0.1807 0.8857
vn 0.4277 -0.1808 0.8857
vn 0.3700 0.5253 0.7663
vn 0.0915 0.9776 0.1896
vn 0.0915 -0.9776 0.1896
vn 0.3700 -0.5253 0.7663
vn 0.4276 0.1807 0.8857
vn 0.4277 0.1807 0.8857
vn -0.1930 -0.8103 0.5533
vn -0.3239 -0.1807 0.9287
vn -0.3239 -0.1808 0.9287
vn -0.2802 0.5253 0.8035
vn -0.0693 0.9776 0.1988
vn -0.0693 -0.9776 0.1988
vn -0.2802 -0.5253 0.8035
vn -0.3239 0.1807 0.9287
vn -0.3239 0.1808 0.9287
vn -0.1930 0.8103 0.5533
vn -0.1896 0.9776 0.0915
vn -0.1896 -0.9776 0.0915
vn -0.7663 -0.5253 0.3700
vn -0.8857 0.1808 0.4277
vn -0.8857 0.1808 0.4276
vn -0.8857 0.1807 0.4276
vn -0.5277 0.8103 0.2548
vn -0.5277 -0.8103 0.2548
vn -0.7663 0.5253 0.3700
vn -0.8034 -0.5253 -0.2802
vn -0.9287 0.1807 -0.3239
vn -0.5534 0.8103 -0.1930
vn -0.5534 -0.8103 -0.1930
vn -0.8034 0.5253 -0.2802
vn -0.1987 0.9776 -0.0693
vn -0.1987 -0.9776 -0.0693
vn -0.2548 -0.8103 -0.5277
vn -0.2548 -0.8103 -0.5278
vn -0.4277 -0.1807 -0.8857
vn -0.3700 0.5253 -0.7663
vn -0.0915 0.9776 -0.1896
vn -0.0915 -0.9776 -0.1896
vn -0.3700 -0.5253 -0.7663
vn -0.4277 0.1807 -0.8857
vn -0.2548 0.8103 -0.5277
vn 0.3900 -0.8103 -0.4374
vn 0.6546 -0.1807 -0.7340
vn 0.6546 -0.1808 -0.7340
vn 0.5664 0.5253 -0.6351
vn 0.5664 0.5253 -0.6350
vn 0.1401 0.9776 -0.1571
vn 0.1401 -0.9776 -0.1571
vn 0.5663 -0.5253 -0.6351
vn 0.5664 -0.5253 -0.6351
vn 0.6546 0.1807 -0.7340
vn 0.6546 0.1808 -0.7340
vn 0.3901 0.8103 -0.4373
vn 0.8495 0.5253 -0.0486
vn 0.2101 0.9776 -0.0120
vn 0.2101 -0.9776 -0.0120
vn 0.8495 -0.5253 -0.0486
vn 0.8495 -0.5253 -0.0485
vn 0.9819 0.1808 -0.0561
vn 0.5851 0.8103 -0.0334
vn 0.5851 -0.8103 -0.0334
vn 0.9819 -0.1808 -0.0561
vn 0.1571 -0.9776 0.1401
vn 0.6351 -0.5253 0.5664
vn 0.6350 -0.5253 0.5664
vn 0.7340 0.1808 0.6546
vn 0.7340 0.1807 0.6546
vn 0.4374 0.8103 0.3901
vn 0.4374 -0.8103 0.3901
vn 0.7340 -0.1808 0.6546
vn 0.6351 0.5253 0.5664
vn 0.6350 0.5253 0.5664
vn 0.1571 0.9776 0.1401
vn 0.0335 0.8103 0.5851
vn 0.0335 -0.8103 0.5851
vn 0.0561 -0.1808 0.9819
vn 0.0561 -0.1807 0.9819
vn 0.0486 0.5253 0.8495
vn 0.0120 0.9776 0.2101
vn 0.0120 -0.9776 0.2101
vn 0.0486 -0.5253 0.8495
vn 0.0561 0.1808 0.9819
vn -0.3901 -0.8103 0.4374
vn -0.6546 -0.1807 0.7340
vn -0.6546 -0.1808 0.7340
vn -0.5663 0.5253 0.6351
vn -0.5664 0.5253 0.6351
vn -0.1401 0.9776 0.1571
vn -0.1401 -0.9776 0.1571
vn -0.5664 -0.5253 0.6351
vn -0.6546 0.1807 0.7340
vn -0.6546 0.1808 0.7340
vn -0.3901 0.8103 0.4374
vn -0.3900 0.8103 0.4374
vn -0.2102 0.9776 0.0120
vn -0.2102 -0.9776 0.0120
vn -0.8495 -0.5253 0.0486
vn -0.9819 0.1808 0.0562
vn -0.5851 0.8103 0.0335
vn -0.9819 -0.1808 0.0562
vn -0.8495 0.5253 0.0486
vn -0.6350 -0.5253 -0.5664
vn -0.6351 -0.5253 -0.5664
vn -0.7340 0.1807 -0.6546
vn -0.4374 0.8103 -0.3900
vn -0.4374 -0.8103 -0.3901
vn -0.4374 -0.8103 -0.3900
vn -0.7340 -0.1807 -0.6546
vn -0.7340 -0.1808 -0.6546
vn -0.6351 0.5253 -0.5664
vn -0.6350 0.5253 -0.5664
vn -0.1571 0.9776 -0.1401
vn -0.1571 -0.9776 -0.1401
vn -0.0334 -0.8103 -0.5851
vn -0.0562 -0.1808 -0.9819
vn -0.0486 0.5253 -0.8496
vn -0.0486 0.5252 -0.8496
vn -0.0120 0.9776 -0.2102
vn -0.0120 -0.9776 -0.2102
vn -0.0486 -0.5253 -0.8495
vn -0.0562 0.1808 -0.9819
vn -0.0562 0.1807 -0.9819
vn -0.0334 0.8103 -0.5850
vn -0.0335 0.8103 -0.5850
vn 0.8857 -0.1807 -0.4276
vn 0.8857 0.1807 -0.4276
vn 0.8035 0.5253 0.2802
vn 0.1987 0.9776 0.0693
vn 0.5533 0.8103 0.1930
vn 0.5533 -0.8103 0.1930
vn 0.4276 0.1808 0.8857
vn -0.1930 -0.8103 0.5534
vn -0.2802 -0.5253 0.8034
vn -0.8857 0.1807 0.4277
vn -0.1988 0.9776 -0.0693
vn -0.1988 -0.9776 -0.0693
vn -0.8035 -0.5253 -0.2802
vn -0.9287 0.1808 -0.3239
vn -0.5533 0.8103 -0.1929
vn -0.9287 -0.1808 -0.3239
vn -0.8035 0.5253 -0.2802
vn -0.8035 0.5252 -0.2802
vn -0.4276 0.1808 -0.8857
vn -0.4276 0.1807 -0.8857
vn -0.4276 -0.1808 -0.8857
vn -0.4276 -0.1807 -0.8857
vn -0.4277 -0.1808 -0.8857
vn -0.3700 0.5252 -0.7663
vn 0.1930 -0.8103 -0.5534
vn 0.3901 -0.8103 -0.4374
vn 0.1422 0.9769 -0.1594
vn 0.1422 -0.9769 -0.1594
vn 0.3901 0.8103 -0.4374
vn 0.8496 0.5253 -0.0486
vn 0.2146 0.9766 -0.0123
vn 0.8496 -0.5253 -0.0486
vn 0.8496 -0.5252 -0.0486
vn 0.9819 0.1807 -0.0561
vn 0.5851 0.8103 -0.0335
vn 0.9819 -0.1807 -0.0561
vn 0.1595 -0.9769 0.1422
vn 0.7340 -0.1807 0.6546
vn 0.1595 0.9769 0.1422
vn 0.0334 0.8103 0.5851
vn 0.0562 -0.1808 0.9819
vn 0.0120 0.9776 0.2102
vn 0.0562 0.1808 0.9819
vn -0.0335 -0.8103 -0.5851
vn -0.0562 -0.1807 -0.9819
vn -0.0486 0.5253 -0.8495
vn -0.0120 0.9776 -0.2101
vn -0.0334 0.8103 -0.5851
vn -0.0335 0.8103 -0.5851
vn 0.8495 0.5253 -0.0485
vn 0.9819 0.1807 -0.0562
vn 0.5850 0.8103 -0.0334
vn 0.1623 0.9761 0.1447
vn 0.1623 -0.9761 0.1447
vn 0.6351 -0.5253 0.5663
vn 0.4373 0.8103 0.3900
vn 0.0126 -0.9754 0.2201
vn 0.0486 -0.5253 0.8496
vn 0.0335 0.8103 0.5850
vn 0.0486 0.5252 0.8496
vn 0.0126 0.9754 0.2201
vn -0.3900 0.8103 0.4373
vn -0.5664 0.5252 0.6351
vn -0.1447 0.9761 0.1623
vn -0.1447 -0.9761 0.1623
vn -0.5851 -0.8103 0.0334
vn -0.9819 -0.1808 0.0561
vn -0.8496 0.5252 0.0486
vn -0.8495 -0.5253 0.0485
vn -0.5850 0.8103 0.0334
vn 0.2507 -0.0000 0.9681
vn 0.2508 -0.0000 0.9681
vn 0.6022 -0.0000 0.7984
vn 0.8307 -0.0000 0.5567
vn 0.5544 -0.0000 0.8323
vn 0.8900 -0.0000 0.4559
vn 0.0808 0.9467 0.3118
vn 0.6478 -0.0000 0.7618
vn 0.0808 -0.9467 0.3117
vn 0.0808 -0.9467 0.3118
vn -0.1965 -0.0000 0.9805
vn 0.1937 -0.0000 0.9811
vn 0.1939 -0.9467 0.2571
vn 0.1939 0.9467 0.2571
vn 0.2775 -0.9467 0.1633
vn 0.2775 0.9467 0.1633
vn 0.9967 -0.0000 0.0806
vn 0.3189 -0.9467 0.0447
vn 0.3189 0.9467 0.0447
vn 0.9517 -0.0000 -0.3070
vn -0.2401 -0.2880 -0.9270
vn 0.9959 0.0539 -0.0729
vn 0.2401 0.2881 0.9270
vn 0.2402 0.2881 0.9270
vn 0.5766 0.2880 0.7646
vn -0.6764 0.0539 0.7346
vn -0.5766 -0.2880 -0.7646
vn -0.8253 -0.2881 -0.4857
vn 0.6527 0.0539 -0.7557
vn 0.8253 0.2880 0.4857
vn 0.8253 0.2881 0.4857
vn 0.3138 0.0539 -0.9480
vn 0.9483 0.2881 0.1329
vn 0.0411 0.0539 0.9977
vn 0.9270 -0.2880 -0.2401
vn 0.4484 0.0539 0.8922
vn 0.4485 0.0539 0.8922
vn -0.9375 0.0539 -0.3438
vn 0.9480 0.0539 0.3138
vn 0.1354 0.4253 -0.8949
vn 0.1536 0.4585 -0.8753
vn 0.1249 0.4060 -0.9053
vn 0.8072 0.5180 -0.2830
vn 0.8566 0.4506 -0.2512
vn 0.8835 0.4076 -0.2308
vn 0.7181 0.4931 -0.4912
vn 0.6882 0.5265 -0.4991
vn 0.6680 0.5478 -0.5038
vn 0.4458 0.4744 -0.7591
vn 0.4453 0.4725 -0.7606
vn 0.4462 0.4755 -0.7582
vn -0.1930 0.8103 0.5534
vn -0.2802 0.5253 0.8034
vn -0.3239 0.1810 0.9286
vn 0.2548 -0.8103 0.5278
vn 0.2548 0.8103 0.5278
vn 0.5278 0.8103 -0.2548
vn 0.2802 0.5253 -0.8034
vn 0.2802 -0.5253 -0.8034
vn 0.1930 0.8103 -0.5534
vn -0.7341 -0.1807 -0.6546
vn -0.6351 0.5253 -0.5663
vn -0.6351 -0.5253 -0.5663
vn -0.7340 0.1808 -0.6546
vn -0.7341 0.1807 -0.6546
vn -0.2101 0.9776 0.0120
vn -0.2101 -0.9776 0.0120
vn -0.9819 0.1808 0.0561
vn -0.9819 0.1807 0.0561
vn -0.9819 -0.1807 0.0561
vn -0.3900 -0.8103 0.4374
vn 0.0334 -0.8103 0.5851
vn 0.0562 -0.1807 0.9819
vn 0.0562 0.1807 0.9819
vn 0.4374 -0.8103 0.3900
vn 0.7340 -0.1807 0.6547
vn 0.6351 0.5253 0.5663
vn 0.7340 0.1807 0.6547
vn 0.4374 0.8103 0.3900
vn 0.2102 0.9776 -0.0120
vn 0.2102 -0.9776 -0.0120
vn 0.9819 0.1808 -0.0562
vn 0.5850 -0.8103 -0.0334
vn 0.9819 -0.1808 -0.0562
vn 0.9819 -0.1807 -0.0562
vn 0.3900 0.8103 -0.4374
vn -0.5533 0.8103 -0.1930
vn -0.8857 -0.1807 0.4277
vn -0.8858 -0.1805 0.4276
vn 0.4276 -0.1808 0.8857
vn 0.1895 0.9776 -0.0915
vn -0.1594 0.9769 -0.1422
vn -0.1594 -0.9769 -0.1422
vn -0.4374 0.8103 -0.3901
vn -0.2146 0.9766 0.0123
vn -0.9819 0.1807 0.0562
vn -0.9819 -0.1807 0.0562
vn -0.1422 -0.9769 0.1595
vn -0.5663 -0.5253 0.6351
vn -0.1422 0.9769 0.1595
vn 0.0486 0.5253 0.8496
vn 0.0561 0.1807 0.9819
vn 0.9984 -0.0001 -0.0571
vn 0.9984 -0.0000 -0.0571
vn 0.9984 0.0001 -0.0571
vn -0.0561 -0.1807 -0.9819
vn -0.0561 0.1807 -0.9819
vn -0.5850 0.8103 0.0335
vn -0.5664 0.5253 0.6350
vn -0.5664 -0.5253 0.6350
vn 0.5850 0.8103 -0.0335
vn -0.6022 -0.0000 -0.7984
vn -0.9681 -0.0000 0.2508
vn -0.7618 -0.0000 0.6478
vn -0.4559 -0.0000 0.8900
vn -0.8323 -0.0000 0.5544
vn -0.0447 0.9467 0.3189
vn -0.5567 -0.0000 0.8307
vn -0.0447 -0.9467 0.3189
vn 0.3070 -0.0000 0.9517
vn -0.0806 -0.0000 0.9967
vn -0.1633 -0.9467 0.2775
vn -0.1633 0.9467 0.2775
vn -0.2571 -0.9467 0.1939
vn -0.2571 0.9467 0.1939
vn -0.9811 -0.0000 0.1937
vn -0.3117 -0.9467 0.0808
vn -0.3117 0.9467 0.0808
vn -0.9805 -0.0000 -0.1965
vn 0.1329 -0.2881 -0.9483
vn 0.1329 -0.2880 -0.9484
vn -0.9977 0.0539 0.0411
vn -0.1329 0.2881 0.9483
vn -0.4857 0.2881 0.8253
vn 0.7557 0.0539 0.6527
vn 0.4857 -0.2881 -0.8253
vn 0.7646 -0.2880 -0.5766
vn -0.7346 0.0539 -0.6764
vn -0.7646 0.2880 0.5766
vn -0.7645 0.2881 0.5766
vn -0.4198 0.0539 -0.9060
vn -0.9270 0.2881 0.2401
vn 0.0729 0.0539 0.9959
vn -0.9270 -0.2880 0.2401
vn -0.4484 0.0539 -0.8922
vn -0.4485 0.0539 -0.8922
vn 0.9375 0.0539 0.3438
vn -0.9480 0.0539 -0.3138
vn -0.1354 0.4253 0.8949
vn -0.1536 0.4585 0.8753
vn -0.1249 0.4060 0.9053
vn -0.8072 0.5180 0.2830
vn -0.8566 0.4506 0.2512
vn -0.8835 0.4076 0.2308
vn -0.7181 0.4931 0.4912
vn -0.6882 0.5265 0.4991
vn -0.6679 0.5478 0.5038
vn -0.4457 0.4740 0.7594
vn -0.4453 0.4725 0.7606
vn -0.4462 0.4755 0.7582
vn 0.0915 -0.9776 0.1895
vn 0.1987 -0.9776 0.0693
vn 0.9287 0.1808 0.3239
vn 0.9287 -0.1808 0.3239
vn 0.1895 -0.9776 -0.0915
vn 0.0693 -0.9776 -0.1987
vn 0.3239 0.1810 -0.9286
vn -0.0915 -0.9776 -0.1895
vn -0.1895 -0.9776 0.0915
vn -0.0693 -0.9776 0.1987
vn 0.1570 -0.9776 0.1400
vn 0.7341 0.1807 0.6546
vn 0.1400 -0.9776 -0.1570
vn 0.3900 0.8103 -0.4373
vn -0.7340 -0.1807 -0.6547
vn -0.1570 -0.9776 -0.1400
vn -0.7340 0.1807 -0.6547
vn -0.8496 -0.5253 0.0486
vn -0.5850 -0.8103 0.0334
vn -0.8496 0.5253 0.0486
vn -0.5664 -0.5252 0.6351
vn -0.1400 -0.9776 0.1571
vn 0.0334 0.8103 0.5850
vn 0.8858 -0.1805 -0.4276
vn -0.1895 0.9776 0.0915
vn 0.4277 0.1808 0.8857
vn 0.1594 0.9769 0.1422
vn 0.1594 -0.9769 0.1422
vn 0.1422 0.9769 -0.1595
vn -0.0561 -0.1808 -0.9819
vn -0.0486 -0.5252 -0.8496
vn -0.0561 0.1808 -0.9819
vn 0.1447 0.9761 -0.1623
vn 0.1447 -0.9761 -0.1623
vn 0.5664 -0.5253 -0.6350
vn -0.0126 -0.9754 -0.2201
vn -0.0126 0.9754 -0.2201
vn -0.4373 0.8103 -0.3900
vn -0.1623 0.9761 -0.1447
vn -0.1623 -0.9761 -0.1447
vn 0.0572 -0.0000 0.9984
vn 0.0571 -0.0000 0.9984
vn 0.0571 0.0002 0.9984
vn 0.0571 -0.0002 0.9984
vn 0.0571 -0.0001 0.9984
vn 0.0572 -0.0001 0.9984
vn 0.0572 0.0001 0.9984
vn 0.9681 -0.0000 -0.2508
vn 0.7618 -0.0000 -0.6478
vn 0.4559 -0.0000 -0.8900
vn 0.8323 -0.0000 -0.5544
vn 0.0447 0.9467 -0.3189
vn 0.5567 -0.0000 -0.8307
vn 0.0447 -0.9467 -0.3189
vn -0.3070 -0.0000 -0.9517
vn 0.0806 -0.0000 -0.9967
vn 0.1633 -0.9467 -0.2775
vn 0.1633 0.9467 -0.2775
vn 0.2571 -0.9467 -0.1939
vn 0.2571 0.9467 -0.1939
vn 0.9811 -0.0000 -0.1937
vn 0.3117 -0.9467 -0.0808
vn 0.3117 0.9467 -0.0808
vn 0.3118 0.9467 -0.0808
vn 0.9805 -0.0000 0.1965
vn -0.1329 -0.2881 0.9483
vn -0.1329 -0.2880 0.9484
vn 0.9977 0.0539 -0.0411
vn 0.1329 0.2881 -0.9483
vn 0.4857 0.2881 -0.8253
vn -0.7557 0.0539 -0.6527
vn -0.4857 -0.2881 0.8253
vn -0.7646 -0.2881 0.5766
vn -0.7646 -0.2880 0.5766
vn 0.7346 0.0539 0.6764
vn 0.7646 0.2880 -0.5766
vn 0.7645 0.2881 -0.5766
vn 0.4198 0.0539 0.9060
vn 0.9270 0.2881 -0.2401
vn -0.0729 0.0539 -0.9959
vn -0.5072 -0.0000 0.8619
vn 0.9483 -0.2881 0.1329
vn 0.9484 -0.2880 0.1329
vn 0.3438 0.0539 -0.9375
vn -0.8922 0.0539 0.4484
vn -0.8922 0.0539 0.4485
vn 0.9060 0.0539 -0.4198
vn 0.2524 0.4585 0.8521
vn 0.2366 0.4253 0.8736
vn 0.2273 0.4060 0.8851
vn 0.8342 0.5180 0.1891
vn 0.8797 0.4506 0.1519
vn 0.8006 0.5601 0.2128
vn 0.7694 0.4931 0.4061
vn 0.7406 0.5265 0.4174
vn 0.7912 0.4656 0.3965
vn 0.5290 0.4721 0.7052
vn 0.5295 0.4743 0.7034
vn 0.5297 0.4755 0.7024
vn -0.2802 0.5252 0.8035
vn -0.2802 -0.5252 0.8035
vn -0.7663 -0.5252 0.3700
vn 0.2802 0.5252 -0.8035
vn 0.2802 -0.5252 -0.8035
vn 0.8857 0.1808 -0.4277
vn -0.1400 -0.9776 0.1570
vn -0.8496 -0.5252 0.0485
vn 0.1401 -0.9776 -0.1570
vn -0.5278 -0.8103 0.2548
vn -0.5533 -0.8103 -0.1930
vn 0.5533 0.8103 0.1929
vn 0.8035 0.5252 0.2802
vn -0.1422 0.9769 0.1594
vn -0.1422 -0.9769 0.1594
vn -0.8496 -0.5252 0.0486
vn -0.6351 -0.5252 -0.5664
vn -0.6351 0.5252 -0.5664
vn -0.1595 0.9769 -0.1422
vn -0.0486 -0.5253 -0.8496
vn -0.8495 0.5253 0.0485
vn 0.5664 0.5252 -0.6351
vn 0.8496 0.5252 -0.0486
vn 0.0571 0.0001 0.9984
vn -0.2507 -0.0000 -0.9681
vn -0.2508 -0.0000 -0.9681
vn -0.8307 -0.0000 -0.5567
vn -0.5544 -0.0000 -0.8323
vn -0.8900 -0.0000 -0.4559
vn -0.0808 0.9467 -0.3118
vn -0.0808 0.9467 -0.3117
vn -0.6478 -0.0000 -0.7618
vn -0.0808 -0.9467 -0.3117
vn 0.1965 -0.0000 -0.9805
vn -0.1937 -0.0000 -0.9811
vn -0.1939 -0.9467 -0.2571
vn -0.1939 0.9467 -0.2571
vn -0.2775 -0.9467 -0.1633
vn -0.2776 0.9467 -0.1633
vn -0.9967 -0.0000 -0.0806
vn -0.3189 -0.9467 -0.0447
vn -0.3189 0.9467 -0.0447
vn -0.9517 -0.0000 0.3070
vn 0.2401 -0.2881 0.9270
vn -0.9959 0.0539 0.0729
vn -0.2401 0.2881 -0.9270
vn -0.5766 0.2880 -0.7646
vn -0.5766 0.2881 -0.7645
vn 0.6764 0.0539 -0.7346
vn 0.5766 -0.2881 0.7646
vn 0.5766 -0.2880 0.7646
vn 0.8253 -0.2881 0.4857
vn -0.6527 0.0539 0.7557
vn -0.8253 0.2881 -0.4857
vn -0.3138 0.0539 0.9480
vn -0.9483 0.2881 -0.1329
vn -0.0411 0.0539 -0.9977
vn -0.2623 0.4794 -0.8375
vn -0.9041 0.4076 -0.1286
vn -0.7210 0.5478 -0.4243
vn -0.5287 0.4708 -0.7063
vn -0.2548 0.8103 -0.5278
vn 0.5532 0.8103 0.1930
vn 0.3699 -0.5253 0.7663
vn 0.2548 0.8104 0.5276
vn -0.4277 0.1808 -0.8857
vn 0.5663 0.5253 -0.6351
vn 0.8496 0.5253 -0.0485
vn 0.6351 0.5252 0.5664
vn -0.8496 0.5252 0.0485
vn 0.0808 0.9467 0.3117
vn 0.2401 0.2880 0.9270
vn 0.1651 0.4794 -0.8619
vn 0.7712 0.5601 -0.3027
vn 0.7409 0.4656 -0.4841
vn 0.4448 0.4708 -0.7619
vn -0.7662 0.5253 0.3700
vn 0.3238 -0.1807 -0.9287
vn -0.7662 -0.5253 0.3700
vn -0.9270 0.2880 0.2401
vn -0.1651 0.4794 0.8619
vn -0.7712 0.5601 0.3027
vn -0.7409 0.4656 0.4841
vn -0.4448 0.4708 0.7619
vn 0.5278 -0.8103 -0.2548
vn 0.1929 0.8103 -0.5533
vn -0.3238 -0.1807 0.9287
vn 0.7662 -0.5253 -0.3700
vn 0.0486 -0.5252 0.8496
vn 0.9270 0.2880 -0.2401
vn 0.2623 0.4794 0.8375
vn 0.9041 0.4076 0.1286
vn 0.7210 0.5478 0.4243
vn 0.5287 0.4708 0.7063
vn -0.7663 0.5252 0.3700
vn 0.7663 -0.5252 -0.3700
vn 0.7663 0.5252 -0.3700
vn 0.2547 0.8103 0.5277
vn -0.3699 -0.5253 -0.7663
vn 0.3700 0.5252 0.7663
vn -0.8496 0.5253 0.0485
vn 0.8496 0.5252 -0.0485
vn -0.0808 -0.9467 -0.3118
vn -0.3816 -0.9212 -0.0759
vn 0.9087 0.3764 0.1807
vn -0.3816 0.9212 -0.0759
vn -0.7703 -0.3764 -0.5147
vn 0.3235 -0.9212 0.2161
vn 0.7703 0.3764 0.5147
vn -0.3235 0.9212 -0.2161
vn -0.9087 -0.3764 -0.1807
vn 0.3816 -0.9212 0.0759
vn 0.3816 0.9212 0.0759
vn -0.9087 0.3764 -0.1807
vn -0.3235 -0.9212 -0.2161
vn 0.7703 -0.3764 0.5147
vn 0.3235 0.9212 0.2161
vn -0.7703 0.3764 -0.5147
vn 0.9087 -0.3764 0.1807
vn -0.5147 -0.3764 -0.7703
vn 0.2161 -0.9212 0.3235
vn 0.5147 -0.3764 0.7703
vn 0.5147 0.3764 0.7703
vn 0.2161 0.9212 0.3235
vn 0.2162 0.9212 0.3235
vn -0.2162 0.9212 -0.3235
vn -0.2161 0.9212 -0.3235
vn -0.5147 0.3764 -0.7703
vn -0.2161 -0.9212 -0.3235
vn -0.1807 -0.3764 -0.9087
vn 0.0759 -0.9212 0.3816
vn 0.1807 -0.3764 0.9087
vn 0.1807 0.3764 0.9087
vn 0.0759 0.9212 0.3816
vn -0.0759 0.9212 -0.3816
vn -0.1807 0.3764 -0.9087
vn -0.0759 -0.9212 -0.3816
vn 0.0759 -0.9212 -0.3816
vn -0.1807 0.3764 0.9087
vn 0.0759 0.9212 -0.3816
vn 0.5147 -0.3764 -0.7703
vn -0.2161 -0.9212 0.3235
vn -0.5147 0.3764 0.7703
vn 0.2162 0.9212 -0.3235
vn 0.1807 -0.3764 -0.9087
vn -0.0759 -0.9212 0.3816
vn -0.0759 0.9212 0.3816
vn 0.1807 0.3764 -0.9087
vn 0.2161 -0.9212 -0.3235
vn -0.5147 -0.3764 0.7703
vn -0.2162 0.9212 0.3235
vn 0.5147 0.3764 -0.7703
vn -0.1807 -0.3764 0.9087
vn 0.7703 -0.3764 -0.5147
vn -0.3235 -0.9212 0.2161
vn -0.7703 -0.3764 0.5147
vn -0.7703 0.3764 0.5147
vn -0.3235 0.9212 0.2162
vn 0.3235 0.9212 -0.2162
vn 0.7703 0.3764 -0.5147
vn 0.3235 -0.9212 -0.2161
vn 0.9087 -0.3764 -0.1807
vn -0.3816 -0.9212 0.0759
vn -0.9087 -0.3764 0.1807
vn -0.9087 0.3764 0.1807
vn -0.3816 0.9212 0.0759
vn 0.3816 0.9212 -0.0759
vn 0.9087 0.3764 -0.1807
vn 0.3816 -0.9212 -0.0759
vn 0.3235 0.9212 0.2162
vn -0.3235 0.9212 -0.2162
vn -0.2161 0.9212 0.3235
vn 0.2161 0.9212 -0.3235
vn 0.3235 0.9212 -0.2161
vn -0.3235 0.9212 0.2161
vn 0.3235 -0.9212 -0.2162
vn -0.2162 -0.9212 -0.3235
vn -0.3235 -0.9212 -0.2162
vn 0.2162 -0.9212 0.3235
vn 0.3235 -0.9212 0.2162
vn 0.2162 -0.9212 -0.3235
vn -0.2162 -0.9212 0.3235
vn -0.3235 -0.9212 0.2162
vn 0.0693 0.9776 -0.1987
vn 0.0915 0.9776 0.1895
vn -0.0693 0.9776 0.1987
vn -0.0915 0.9776 -0.1895
s 1
usemtl LightMEtal
f 2//1 1274//1 1266//1
f 2//2 266//2 270//2
f 4//3 262//3 266//3
f 598//4 262//4 6//4
s 0
f 346//5 610//6 18//7
f 350//8 18//9 17//10
f 353//11 17//12 16//7
f 1265//13 16//14 1281//7
s 1
f 74//15 84//16 75//15
f 83//17 93//17 84//17
f 813//18 206//18 213//18
f 206//19 212//19 213//19
f 813//20 220//20 827//20
f 12//21 344//21 262//21
f 257//21 344//21 11//21
f 258//21 262//21 606//21
f 258//21 605//21 257//21
f 9//22 266//22 10//22
f 256//22 348//22 9//22
f 255//22 266//22 262//22
f 255//22 344//22 256//22
f 7//23 270//23 8//23
f 7//23 348//23 351//23
f 8//23 266//23 259//23
f 260//23 266//23 348//23
f 268//24 1274//24 267//24
f 268//24 351//24 1273//24
f 267//24 270//24 263//24
f 264//24 270//24 351//24
s 0
f 282//10 311//10 312//10
f 274//10 305//10 306//7
f 278//10 307//10 308//10
f 271//10 304//10 303//7
f 304//10 322//10 320//10
f 279//10 308//10 309//10
f 276//10 315//10 316//10
f 272//10 306//25 304//10
f 283//10 312//10 313//10
f 277//10 310//10 307//10
f 273//10 303//26 305//10
f 281//10 314//10 311//10
f 280//10 309//10 310//10
f 284//10 313//10 314//10
f 286//10 317//10 318//10
f 303//26 320//10 319//10
f 305//10 319//10 321//10
f 306//25 321//10 322//10
s 1
f 261//27 605//28 341//28
f 342//28 346//28 5//28
f 261//27 346//28 344//27
f 341//28 597//28 342//27
f 265//29 344//29 339//29
f 340//29 350//29 3//29
f 265//29 350//29 348//29
f 339//29 346//30 340//30
f 269//31 348//31 343//31
f 345//31 353//31 1//31
f 269//31 353//31 351//31
f 343//31 350//31 345//31
f 352//32 351//32 347//32
f 349//32 1265//32 354//32
f 352//32 1265//32 1273//32
f 347//32 353//32 349//32
f 1940//33 898//33 592//33
f 898//34 594//34 592//34
f 894//35 596//35 594//35
f 596//36 606//36 598//36
s 0
f 974//37 610//7 597//38
f 978//39 613//10 974//40
f 981//41 612//7 978//42
f 1939//43 611//7 981//41
s 1
f 673//44 681//44 672//44
f 691//45 681//46 682//46
f 813//47 812//47 805//47
f 812//48 804//48 805//48
f 813//20 827//20 820//20
f 890//49 603//49 604//49
f 972//49 885//49 603//49
f 886//49 890//49 604//49
f 605//49 886//49 885//49
f 602//50 976//50 601//50
f 976//50 884//50 601//50
f 883//50 894//50 602//50
f 972//50 883//50 884//50
f 898//51 599//51 600//51
f 979//51 888//51 599//51
f 894//51 600//51 887//51
f 888//51 894//51 887//51
f 1950//52 896//52 895//52
f 896//52 979//52 892//52
f 898//52 895//52 891//52
f 979//52 891//52 892//52
s 0
f 910//10 939//10 909//10
f 902//10 933//7 901//10
f 906//10 935//10 905//10
f 899//10 932//7 900//10
f 932//25 950//10 934//53
f 907//10 936//10 906//10
f 904//10 943//10 903//10
f 900//10 934//10 902//10
f 911//10 940//10 910//10
f 905//10 938//10 908//10
f 901//10 931//7 899//10
f 909//10 942//10 912//10
f 908//10 937//10 907//10
f 912//10 941//10 911//10
f 914//10 945//10 913//10
f 931//26 948//10 932//25
f 933//26 947//10 931//26
f 934//54 949//10 933//26
s 1
f 605//55 889//55 969//55
f 974//55 970//55 595//55
f 889//55 974//55 595//55
f 597//55 969//55 970//55
f 972//56 893//56 967//56
f 978//56 968//56 593//56
f 893//56 978//56 593//56
f 974//56 967//56 968//56
f 971//57 979//57 897//57
f 981//57 973//58 591//58
f 897//57 981//57 591//58
f 978//57 971//57 973//57
f 979//59 980//59 975//60
f 982//60 981//60 977//60
f 980//59 1939//59 982//60
f 981//60 975//60 977//60
f 1274//61 1268//61 1266//61
f 1572//62 1270//62 1268//62
f 1568//63 1272//63 1270//63
f 1564//64 1948//64 1272//64
s 0
f 1648//65 1963//10 1947//66
f 1652//67 1287//7 1648//65
f 1655//68 1286//10 1652//67
f 1265//69 1285//10 1655//70
s 1
f 1347//17 1355//17 1346//17
f 1356//71 1364//16 1355//71
f 2170//18 1485//18 1478//18
f 1485//19 1477//19 1478//19
f 2170//72 2184//72 1492//72
f 1564//73 1279//73 1280//73
f 1646//73 1559//73 1279//73
f 1560//73 1564//73 1280//73
f 1559//73 1958//73 1560//73
f 1568//74 1277//74 1278//74
f 1650//74 1558//74 1277//74
f 1557//74 1568//74 1278//74
f 1646//74 1557//74 1558//74
f 1572//75 1275//75 1276//75
f 1653//75 1562//75 1275//75
f 1568//75 1276//75 1561//75
f 1650//75 1561//75 1562//75
f 1569//76 1273//76 1570//76
f 1273//76 1566//76 1570//76
f 1572//76 1569//76 1565//76
f 1653//76 1565//76 1566//76
s 0
f 1584//10 1613//10 1583//10
f 1576//10 1607//7 1575//10
f 1580//10 1609//10 1579//10
f 1573//10 1606//7 1574//10
f 1606//25 1624//10 1608//77
f 1581//10 1610//10 1580//10
f 1578//10 1617//10 1577//10
f 1574//10 1608//7 1576//10
f 1585//10 1614//10 1584//10
f 1579//10 1612//10 1582//10
f 1575//10 1605//7 1573//10
f 1583//10 1616//10 1586//10
f 1582//10 1611//10 1581//10
f 1586//10 1615//10 1585//10
f 1588//10 1619//10 1587//10
f 1605//26 1622//10 1606//25
f 1607//26 1621//10 1605//26
f 1608//78 1623//10 1607//26
s 1
f 1957//79 1563//79 1643//79
f 1648//79 1644//79 1271//79
f 1563//79 1648//79 1271//79
f 1947//79 1643//79 1644//79
f 1646//80 1567//80 1641//80
f 1652//80 1642//80 1269//80
f 1567//80 1652//80 1269//80
f 1648//80 1641//80 1642//80
f 1650//81 1571//81 1645//81
f 1655//82 1647//82 1267//82
f 1571//81 1655//82 1267//82
f 1652//81 1645//81 1647//81
f 1653//83 1654//84 1649//83
f 1265//84 1651//84 1656//84
f 1654//84 1265//84 1656//84
f 1655//83 1649//83 1651//83
f 1942//85 1950//85 1940//85
f 1942//86 2282//86 2286//86
f 1944//87 2278//87 2282//87
f 1948//88 2278//88 1946//88
s 0
f 2362//89 1963//90 1967//10
f 2366//25 1967//25 1966//7
f 2369//91 1966//92 1965//10
f 1939//43 1965//25 1959//7
s 1
f 2029//93 2039//45 2030//93
f 2038//44 2048//44 2039//44
f 2170//47 2162//47 2169//47
f 2161//48 2169//48 2162//48
f 2170//72 2177//72 2184//72
f 1956//94 2360//94 2278//94
f 2273//94 2360//94 1955//94
f 2274//94 2278//94 1958//94
f 2274//94 1957//94 2273//94
f 1953//95 2282//95 1954//95
f 2272//95 2364//95 1953//95
f 2271//95 2282//95 2278//95
f 2271//95 2360//95 2272//95
f 1951//96 2286//96 1952//96
f 1951//96 2364//96 2367//96
f 1952//96 2282//96 2275//96
f 2275//96 2364//96 2276//96
f 2284//97 1950//97 2283//97
f 2284//97 2367//97 1949//97
f 2283//97 2286//97 2279//97
f 2279//97 2367//97 2280//97
s 0
f 2298//10 2327//10 2328//10
f 2290//10 2321//10 2322//7
f 2294//10 2323//10 2324//10
f 2287//10 2320//10 2319//7
f 2320//10 2338//10 2336//10
f 2295//10 2324//10 2325//10
f 2292//10 2331//10 2332//10
f 2288//10 2322//25 2320//10
f 2299//10 2328//10 2329//10
f 2293//10 2326//10 2323//10
f 2289//10 2319//26 2321//10
f 2297//10 2330//10 2327//10
f 2296//10 2325//10 2326//10
f 2300//10 2329//10 2330//10
f 2302//10 2333//10 2334//10
f 2319//26 2336//10 2335//10
f 2321//10 2335//10 2337//10
f 2322//25 2337//10 2338//10
s 1
f 2277//98 1957//98 2357//98
f 2358//99 2362//99 1945//99
f 2277//98 2362//99 2360//98
f 2357//98 1947//99 2358//99
f 2281//100 2360//100 2355//100
f 2356//101 2366//100 1943//101
f 2281//100 2366//100 2364//100
f 2355//100 2362//101 2356//100
f 2285//102 2364//102 2359//102
f 1941//102 2366//102 2369//102
f 2285//102 2369//102 2367//102
f 2359//102 2366//102 2361//102
f 2368//103 2367//103 2363//103
f 2370//103 2369//103 1939//103
f 2368//103 1939//103 1949//103
f 2363//103 2369//103 2365//103
f 2//1 270//1 1274//1
f 2//2 4//2 266//2
f 4//3 6//3 262//3
f 598//4 606//4 262//4
s 0
f 346//5 597//7 610//6
f 350//25 346//10 18//104
f 353//105 350//10 17//106
f 1265//107 353//10 16//108
s 1
f 74//15 83//71 84//16
f 83//17 92//17 93//17
f 206//19 205//19 212//19
f 12//21 11//21 344//21
f 257//21 605//21 344//21
f 258//21 12//21 262//21
f 258//21 606//21 605//21
f 9//22 348//22 266//22
f 256//22 344//22 348//22
f 255//22 10//22 266//22
f 255//22 262//22 344//22
f 7//23 351//23 270//23
f 7//23 260//23 348//23
f 8//23 270//23 266//23
f 260//23 259//23 266//23
f 268//24 1273//24 1274//24
f 268//24 264//24 351//24
f 267//24 1274//24 270//24
f 264//24 263//24 270//24
s 0
f 282//10 281//10 311//10
f 274//10 273//10 305//10
f 278//10 277//10 307//10
f 271//10 272//10 304//10
f 304//10 306//10 322//10
f 279//10 278//10 308//10
f 276//10 275//10 315//10
f 272//10 274//10 306//25
f 283//10 282//10 312//10
f 277//10 280//10 310//10
f 273//10 271//10 303//26
f 281//10 284//10 314//10
f 280//10 279//10 309//10
f 284//10 283//10 313//10
f 286//10 285//10 317//10
f 303//26 304//10 320//10
f 305//10 303//10 319//10
f 306//25 305//10 321//10
s 1
f 261//27 344//27 605//28
f 342//27 597//28 346//28
f 261//27 5//28 346//28
f 341//28 605//28 597//28
f 265//29 348//29 344//29
f 340//30 346//30 350//30
f 265//29 3//29 350//29
f 339//29 344//29 346//30
f 269//31 351//31 348//31
f 345//31 350//31 353//31
f 269//31 1//31 353//31
f 343//31 348//31 350//31
f 352//32 1273//32 351//32
f 349//32 353//32 1265//32
f 352//32 354//32 1265//32
f 347//32 351//32 353//32
f 1940//33 1950//33 898//33
f 898//34 894//34 594//34
f 894//35 890//35 596//35
f 596//36 890//36 606//36
s 0
f 974//10 613//25 610//6
f 978//7 612//109 613//25
f 981//7 611//110 612//111
f 1939//10 1959//8 611//112
s 1
f 673//44 682//44 681//44
f 691//45 690//45 681//46
f 812//48 811//48 804//48
f 890//49 972//49 603//49
f 972//49 605//49 885//49
f 886//49 606//49 890//49
f 605//49 606//49 886//49
f 602//50 894//50 976//50
f 976//50 972//50 884//50
f 883//50 890//50 894//50
f 972//50 890//50 883//50
f 898//51 979//51 599//51
f 979//51 976//51 888//51
f 894//51 898//51 600//51
f 888//51 976//51 894//51
f 1950//52 1949//52 896//52
f 896//52 1949//52 979//52
f 898//52 1950//52 895//52
f 979//52 898//52 891//52
s 0
f 910//10 940//10 939//10
f 902//10 934//54 933//26
f 906//10 936//10 935//10
f 899//10 931//26 932//25
f 932//7 948//10 950//10
f 907//10 937//10 936//10
f 904//10 944//10 943//10
f 900//10 932//25 934//54
f 911//10 941//10 940//10
f 905//10 935//10 938//10
f 901//10 933//26 931//26
f 909//10 939//10 942//10
f 908//10 938//10 937//10
f 912//10 942//10 941//10
f 914//10 946//10 945//10
f 931//7 947//10 948//10
f 933//7 949//10 947//10
f 934//10 950//10 949//10
s 1
f 605//55 972//55 889//55
f 974//55 597//55 970//55
f 889//55 972//55 974//55
f 597//55 605//55 969//55
f 972//56 976//56 893//56
f 978//56 974//56 968//56
f 893//56 976//56 978//56
f 974//56 972//56 967//56
f 971//57 976//57 979//57
f 981//57 978//58 973//58
f 897//57 979//57 981//57
f 978//57 976//57 971//57
f 979//59 1949//59 980//59
f 982//60 1939//59 981//59
f 980//59 1949//59 1939//59
f 981//60 979//59 975//60
f 1274//61 1572//61 1268//61
f 1572//62 1568//62 1270//62
f 1568//63 1564//63 1272//63
f 1564//64 1958//64 1948//64
s 0
f 1648//7 1287//25 1963//90
f 1652//10 1286//25 1287//113
f 1655//10 1285//114 1286//113
f 1265//7 1281//25 1285//115
s 1
f 1347//17 1356//17 1355//17
f 1356//71 1365//15 1364//16
f 1485//19 1484//19 1477//19
f 1564//73 1646//73 1279//73
f 1646//73 1957//73 1559//73
f 1560//73 1958//73 1564//73
f 1559//73 1957//73 1958//73
f 1568//74 1650//74 1277//74
f 1650//74 1646//74 1558//74
f 1557//74 1564//74 1568//74
f 1646//74 1564//74 1557//74
f 1572//75 1653//75 1275//75
f 1653//75 1650//75 1562//75
f 1568//75 1572//75 1276//75
f 1650//75 1568//75 1561//75
f 1569//76 1274//76 1273//76
f 1273//76 1653//76 1566//76
f 1572//76 1274//76 1569//76
f 1653//76 1572//76 1565//76
s 0
f 1584//10 1614//10 1613//10
f 1576//10 1608//78 1607//26
f 1580//10 1610//10 1609//10
f 1573//10 1605//26 1606//25
f 1606//7 1622//10 1624//10
f 1581//10 1611//10 1610//10
f 1578//10 1618//10 1617//10
f 1574//10 1606//25 1608//116
f 1585//10 1615//10 1614//10
f 1579//10 1609//10 1612//10
f 1575//10 1607//26 1605//26
f 1583//10 1613//10 1616//10
f 1582//10 1612//10 1611//10
f 1586//10 1616//10 1615//10
f 1588//10 1620//10 1619//10
f 1605//7 1621//10 1622//10
f 1607//7 1623//10 1621//10
f 1608//7 1624//10 1623//10
s 1
f 1957//79 1646//79 1563//79
f 1648//79 1947//79 1644//79
f 1563//79 1646//79 1648//79
f 1947//79 1957//79 1643//79
f 1646//80 1650//80 1567//80
f 1652//80 1648//80 1642//80
f 1567//80 1650//80 1652//80
f 1648//80 1646//80 1641//80
f 1650//81 1653//81 1571//81
f 1655//82 1652//82 1647//82
f 1571//81 1653//81 1655//82
f 1652//81 1650//81 1645//81
f 1653//83 1273//84 1654//84
f 1265//84 1655//84 1651//84
f 1654//84 1273//84 1265//84
f 1655//83 1653//83 1649//83
f 1942//85 2286//85 1950//85
f 1942//86 1944//86 2282//86
f 1944//87 1946//87 2278//87
f 1948//88 1958//88 2278//88
s 0
f 2362//117 1947//7 1963//90
f 2366//25 2362//10 1967//8
f 2369//118 2366//10 1966//119
f 1939//120 2369//7 1965//25
s 1
f 2029//93 2038//45 2039//45
f 2038//44 2047//44 2048//44
f 2161//48 2168//48 2169//48
f 1956//94 1955//94 2360//94
f 2273//94 1957//94 2360//94
f 2274//94 1956//94 2278//94
f 2274//94 1958//94 1957//94
f 1953//95 2364//95 2282//95
f 2272//95 2360//95 2364//95
f 2271//95 1954//95 2282//95
f 2271//95 2278//95 2360//95
f 1951//96 2367//96 2286//96
f 1951//96 2276//96 2364//96
f 1952//96 2286//96 2282//96
f 2275//96 2282//96 2364//96
f 2284//97 1949//97 1950//97
f 2284//97 2280//97 2367//97
f 2283//97 1950//97 2286//97
f 2279//97 2286//97 2367//97
s 0
f 2298//10 2297//10 2327//10
f 2290//10 2289//10 2321//10
f 2294//10 2293//10 2323//10
f 2287//10 2288//10 2320//10
f 2320//10 2322//10 2338//10
f 2295//10 2294//10 2324//10
f 2292//10 2291//10 2331//10
f 2288//10 2290//10 2322//25
f 2299//10 2298//10 2328//10
f 2293//10 2296//10 2326//10
f 2289//10 2287//10 2319//26
f 2297//10 2300//10 2330//10
f 2296//10 2295//10 2325//10
f 2300//10 2299//10 2329//10
f 2302//10 2301//10 2333//10
f 2319//26 2320//10 2336//10
f 2321//10 2319//10 2335//10
f 2322//25 2321//10 2337//10
s 1
f 2277//98 2360//98 1957//98
f 2358//99 1947//99 2362//99
f 2277//98 1945//99 2362//99
f 2357//98 1957//98 1947//99
f 2281//100 2364//100 2360//100
f 2356//100 2362//101 2366//100
f 2281//100 1943//101 2366//100
f 2355//100 2360//100 2362//101
f 2285//102 2367//102 2364//102
f 1941//102 2361//102 2366//102
f 2285//102 1941//102 2369//102
f 2359//102 2364//102 2366//102
f 2368//103 1949//103 2367//103
f 2370//103 2365//103 2369//103
f 2368//103 2370//103 1939//103
f 2363//103 2367//103 2369//103
usemtl DarkMetal
f 256//25 292//25 293//25
f 267//26 302//26 299//26
f 260//121 298//74 259//74
f 12//26 287//26 289//26
f 347//122 367//123 352//123
f 1//124 363//124 365//124
f 340//125 360//126 339//126
f 5//127 357//127 358//127
f 1266//25 598//25 4//25
f 15//128 620//129 614//130
f 13//131 1296//132 23//133
f 620//26 19//26 616//26
f 24//26 20//26 21//26
f 24//26 19//26 22//26
f 1296//26 20//26 23//26
f 14//134 23//135 24//136
f 14//137 22//138 15//139
f 104//140 40//140 41//140
f 102//141 38//142 39//142
f 99//143 37//143 100//143
f 98//144 34//144 35//144
f 51//145 104//145 41//145
f 103//146 39//146 40//146
f 100//147 38//148 29//147
f 98//149 36//149 99//149
f 37//150 45//150 46//150
f 35//151 34//151 44//151
f 51//152 41//152 50//152
f 39//153 49//153 40//153
f 37//154 47//155 38//154
f 36//156 44//156 45//156
f 41//157 49//157 50//157
f 39//45 47//46 48//46
f 51//158 50//158 59//158
f 48//159 58//159 49//160
f 46//161 56//161 47//161
f 44//162 54//162 45//162
f 50//163 58//163 59//163
f 47//44 57//44 48//44
f 46//164 54//164 55//164
f 44//165 34//165 53//165
f 53//166 63//166 54//166
f 59//167 67//167 68//167
f 56//168 66//169 57//170
f 54//171 64//171 55//171
f 53//172 34//172 62//172
f 51//173 59//173 68//173
f 58//174 66//174 67//174
f 55//175 65//176 56//175
f 68//177 76//177 77//177
f 66//178 74//179 75//179
f 63//180 73//180 64//180
f 62//181 34//181 71//181
f 51//182 68//182 77//182
f 67//183 75//183 76//183
f 64//184 74//185 65//184
f 63//186 71//186 72//186
f 71//187 34//187 80//187
f 51//188 77//188 86//188
f 76//189 84//189 85//189
f 74//190 82//191 83//192
f 71//193 81//193 72//193
f 77//194 85//194 86//194
f 73//195 81//195 82//195
f 85//196 93//196 94//196
f 83//197 91//197 92//197
f 81//198 89//198 90//198
f 85//199 95//199 86//199
f 81//200 91//200 82//200
f 80//201 34//201 89//201
f 51//202 86//202 95//202
f 94//203 104//203 95//204
f 92//205 102//205 93//205
f 90//206 100//206 91//206
f 89//207 34//207 98//207
f 51//208 95//208 104//208
f 94//209 102//209 103//209
f 92//210 100//210 29//210
f 90//211 98//211 99//211
f 140//212 78//212 70//212
f 105//213 79//214 138//213
f 136//215 88//216 137//215
f 135//217 101//217 97//217
f 32//218 140//218 70//218
f 138//219 78//220 139//219
f 105//221 88//222 87//222
f 135//223 96//223 136//223
f 96//224 60//224 88//224
f 97//225 101//225 69//225
f 32//226 70//226 33//226
f 79//227 42//227 78//228
f 87//229 60//229 52//229
f 96//230 69//230 61//230
f 78//231 33//231 70//19
f 87//232 43//232 79//232
f 32//233 33//233 106//233
f 42//234 26//235 25//235
f 60//236 27//236 52//237
f 69//238 30//238 61//238
f 33//239 25//239 106//239
f 43//240 27//240 26//240
f 61//241 28//242 60//241
f 69//243 101//243 31//243
f 30//244 107//244 108//244
f 25//245 113//245 106//245
f 26//246 110//246 111//247
f 28//248 108//248 109//248
f 31//249 101//249 107//249
f 32//250 106//250 113//250
f 26//251 112//251 25//251
f 28//252 110//252 27//252
f 112//253 120//253 113//253
f 110//254 118//255 111//254
f 108//256 116//257 109//256
f 107//258 101//258 114//258
f 32//259 113//259 120//259
f 112//260 118//260 119//260
f 109//261 117//262 110//261
f 108//263 114//263 115//264
f 114//265 101//265 121//265
f 32//266 120//266 127//266
f 119//267 125//267 126//267
f 116//268 124//268 117//268
f 114//269 122//269 115//269
f 119//48 127//48 120//48
f 117//270 125//270 118//270
f 115//271 123//271 116//271
f 126//272 132//273 133//273
f 123//274 131//274 124//274
f 122//275 128//275 129//275
f 126//276 134//276 127//277
f 124//278 132//279 125//278
f 122//280 130//280 123//281
f 121//282 101//282 128//282
f 32//283 127//283 134//283
f 133//284 140//284 134//284
f 131//285 138//285 132//285
f 129//286 137//286 130//287
f 128//288 101//288 135//288
f 32//289 134//289 140//289
f 132//290 139//290 133//290
f 131//291 137//291 105//292
f 129//293 135//293 136//294
f 198//157 156//157 155//157
f 163//45 157//295 196//45
f 195//150 160//150 159//150
f 193//151 162//151 161//151
f 147//152 198//152 155//152
f 197//153 157//153 156//153
f 163//154 159//296 158//296
f 194//156 161//156 160//156
f 160//297 152//297 159//297
f 161//298 162//298 154//298
f 147//158 155//158 148//158
f 156//159 150//159 149//159
f 158//161 152//161 151//161
f 161//299 153//299 160//299
f 156//300 148//300 155//300
f 158//44 150//44 157//44
f 147//173 148//173 164//173
f 149//174 142//174 141//174
f 152//176 143//301 151//176
f 153//166 146//166 145//166
f 148//167 141//167 164//167
f 151//169 142//170 150//169
f 153//171 144//171 152//171
f 154//172 162//172 146//172
f 145//186 165//186 166//186
f 141//302 171//302 164//177
f 142//179 168//179 169//179
f 144//180 166//180 167//180
f 146//181 162//181 165//181
f 147//182 164//182 171//182
f 142//303 170//303 141//303
f 144//185 168//185 143//185
f 170//194 178//194 171//194
f 169//71 175//16 176//16
f 167//195 173//195 174//195
f 165//187 162//187 172//187
f 147//188 171//188 178//188
f 170//189 176//189 177//189
f 167//192 175//191 168//304
f 166//193 172//193 173//193
f 172//305 162//305 179//305
f 147//306 178//306 185//306
f 176//307 184//307 177//307
f 175//308 181//308 182//308
f 173//309 179//309 180//309
f 177//199 185//199 178//199
f 175//310 183//310 176//310
f 173//311 181//312 174//311
f 183//209 191//209 184//209
f 182//313 188//314 189//314
f 179//211 187//211 180//211
f 185//203 191//203 192//203
f 182//315 190//316 183//317
f 180//206 188//206 181//318
f 179//207 162//207 186//207
f 147//208 185//208 192//208
f 191//319 198//319 192//319
f 190//141 163//141 196//141
f 188//143 194//143 195//143
f 186//144 162//144 193//144
f 147//145 192//145 198//145
f 190//146 197//146 191//146
f 188//147 163//147 189//147
f 186//149 194//149 187//149
f 226//320 205//320 206//320
f 199//213 204//214 224//213
f 223//215 201//215 202//215
f 221//321 798//321 200//321
f 813//322 226//322 206//322
f 224//220 205//220 225//219
f 199//221 202//222 203//222
f 221//323 201//323 222//323
f 201//224 209//324 202//224
f 200//325 798//325 207//325
f 205//227 211//326 212//327
f 203//229 209//229 210//328
f 201//329 207//329 208//329
f 204//232 210//232 211//330
f 813//331 213//331 220//331
f 212//234 218//234 219//234
f 210//237 216//236 217//236
f 207//238 215//238 208//238
f 213//239 219//239 220//239
f 210//332 218//240 211//332
f 208//241 216//241 209//241
f 207//333 798//333 214//333
f 214//334 822//334 215//334
f 220//245 826//245 827//245
f 218//335 824//335 825//335
f 215//248 823//248 216//248
f 214//336 798//336 821//336
f 219//251 825//251 826//251
f 216//337 824//337 217//337
f 847//338 226//338 848//338
f 845//339 224//339 846//339
f 844//340 222//340 223//340
f 842//341 798//341 221//341
f 813//72 848//72 226//72
f 846//290 225//290 847//290
f 845//292 223//292 199//292
f 843//342 221//343 222//342
f 1555//19 240//19 1556//19
f 1521//330 242//330 1554//330
f 1553//224 245//344 244//224
f 1551//225 1520//225 246//225
f 1505//226 1556//226 240//226
f 1554//228 241//228 1555//228
f 1521//345 244//345 243//345
f 1552//346 246//346 245//346
f 245//241 237//241 244//241
f 246//347 1520//347 239//347
f 1505//348 240//348 233//348
f 242//349 234//234 241//349
f 243//237 237//236 236//236
f 245//350 239//350 238//350
f 241//239 233//239 240//239
f 243//332 235//240 242//332
f 1505//351 233//351 247//351
f 234//251 228//352 227//352
f 237//252 229//252 236//252
f 238//353 232//353 231//353
f 234//245 247//245 233//245
f 235//246 229//246 228//247
f 238//354 230//354 237//354
f 239//355 1520//355 232//355
f 232//356 249//356 231//356
f 227//253 254//253 247//253
f 229//254 252//255 228//254
f 230//357 249//357 250//357
f 232//358 1520//358 248//358
f 1505//359 247//359 254//359
f 227//260 252//260 253//260
f 230//261 251//262 229//261
f 254//48 1535//360 1536//48
f 252//361 1533//270 1534//361
f 249//362 1532//362 250//362
f 248//265 1520//265 1530//265
f 1505//266 254//266 1536//266
f 253//267 1534//267 1535//363
f 250//268 1533//268 251//268
f 248//364 1531//364 249//364
f 12//52 290//52 11//52
f 257//76 287//76 258//76
f 11//25 288//25 257//25
f 8//50 296//50 7//50
f 263//74 301//74 302//74
f 255//26 291//26 10//26
f 7//25 297//25 260//25
f 256//74 294//74 255//74
f 8//26 298//26 295//26
f 268//25 301//25 264//25
f 10//50 292//50 9//50
f 267//50 300//50 268//50
f 271//365 288//365 272//365
f 274//21 289//21 273//21
f 272//365 290//21 274//21
f 271//365 289//21 287//366
f 277//22 292//22 291//22
f 279//367 292//22 278//22
f 280//367 291//22 294//367
f 280//367 293//367 279//367
f 282//23 295//23 281//23
f 283//23 296//23 282//23
f 281//23 298//23 284//23
f 284//23 297//23 283//23
f 276//24 299//24 275//24
f 285//24 300//24 276//24
f 275//24 302//24 286//24
f 286//24 301//24 285//24
f 317//368 338//368 318//368
f 313//369 334//369 314//369
f 307//370 328//370 308//370
s 0
f 285//10 316//10 317//10
f 275//10 318//10 315//10
s 1
f 319//371 325//371 321//371
f 325//21 324//21 326//21
f 322//372 325//372 326//372
f 320//373 326//374 324//373
f 320//375 323//375 319//375
f 327//22 329//22 328//22
f 309//376 330//376 310//376
f 308//377 329//377 309//377
f 310//378 327//378 307//378
f 331//23 333//23 332//23
f 313//379 332//379 333//379
f 311//380 334//380 331//380
f 311//381 332//381 312//381
f 335//24 337//24 336//24
f 317//382 336//382 337//382
f 318//383 335//383 315//383
f 315//384 336//384 316//384
f 341//385 357//385 261//385
f 342//386 355//386 341//386
f 342//387 358//387 356//388
f 340//389 361//389 362//389
f 3//390 359//390 361//390
f 339//391 359//391 265//391
f 343//392 363//392 269//392
f 345//393 364//393 343//393
f 345//394 365//395 366//394
f 349//396 369//396 347//396
f 354//397 370//397 349//397
f 354//398 367//398 368//398
f 884//25 920//25 601//25
f 895//26 930//26 891//26
f 926//95 888//95 887//95
f 917//26 886//26 604//26
f 980//399 997//399 975//399
f 591//400 991//401 897//401
f 988//402 968//402 967//402
f 595//403 985//403 889//403
f 594//25 598//25 1940//25
f 620//404 609//405 614//406
f 607//407 1979//408 1969//409
f 620//26 615//26 619//26
f 622//26 617//26 621//26
f 615//26 622//26 619//26
f 617//26 1979//26 621//26
f 608//410 621//411 607//412
f 619//413 608//414 609//415
f 639//203 701//203 702//203
f 637//315 627//316 700//205
f 698//206 634//206 697//206
f 696//207 633//207 632//207
f 649//208 639//208 702//208
f 638//209 700//209 701//209
f 636//313 698//314 627//314
f 634//211 696//211 697//211
f 644//311 634//311 635//311
f 633//305 642//305 632//305
f 649//306 648//306 639//306
f 647//307 637//307 638//196
f 645//308 635//308 636//308
f 634//198 642//198 633//198
f 648//199 638//199 639//199
f 637//310 645//310 636//310
f 649//188 657//188 648//188
f 656//189 646//189 647//189
f 654//192 644//192 645//192
f 643//193 651//193 642//193
f 648//194 656//194 647//194
f 646//71 654//71 645//71
f 653//195 643//195 644//195
f 642//187 651//187 632//187
f 661//416 651//416 652//416
f 657//302 665//302 656//302
f 664//178 654//178 655//178
f 653//417 661//180 652//417
f 651//181 660//181 632//181
f 649//182 666//182 657//182
f 665//183 655//303 656//303
f 663//184 653//184 654//418
f 675//167 665//167 666//419
f 673//169 663//168 664//168
f 671//171 661//171 662//171
f 660//172 669//172 632//172
f 649//173 675//173 666//173
f 674//174 664//174 665//174
f 672//176 662//175 663//175
f 661//166 669//166 660//420
f 669//165 678//165 632//165
f 649//158 684//158 675//158
f 683//160 673//159 674//159
f 681//161 671//161 672//161
f 679//162 669//162 670//162
f 675//163 683//163 674//163
f 671//164 679//297 670//164
f 683//153 691//153 682//153
f 690//154 680//296 681//296
f 679//156 687//156 678//421
f 693//157 683//157 684//157
f 689//150 679//150 680//150
f 678//151 687//151 632//151
f 649//152 693//152 684//152
f 702//319 692//319 693//319
f 700//141 690//142 691//142
f 698//143 688//143 689//422
f 687//144 696//144 632//144
f 649//145 702//145 693//145
f 701//146 691//423 692//423
f 690//148 698//147 689//148
f 688//424 696//424 687//424
f 738//276 676//276 737//276
f 677//279 703//278 736//425
f 735//426 694//426 734//426
f 733//282 695//282 699//282
f 630//283 668//283 738//283
f 737//427 677//427 736//427
f 703//274 686//428 735//429
f 694//275 733//275 734//275
f 658//271 694//271 686//271
f 695//430 667//430 699//430
f 630//431 631//431 668//431
f 676//267 641//267 677//267
f 650//432 686//432 685//433
f 694//269 667//269 695//269
f 631//48 676//48 668//48
f 641//361 685//434 677//434
f 630//259 704//259 631//259
f 640//260 624//260 641//260
f 625//261 658//262 650//262
f 628//264 667//264 659//263
f 631//435 623//435 640//253
f 641//255 625//254 650//255
f 626//257 659//257 658//257
f 667//258 629//258 699//258
f 628//334 705//334 629//334
f 704//436 710//436 623//245
f 624//437 708//437 625//437
f 626//248 706//248 628//248
f 629//336 705//336 699//336
f 630//20 711//20 704//20
f 710//251 624//251 623//251
f 708//438 626//438 625//438
f 718//439 710//439 711//439
f 709//332 715//240 708//440
f 714//441 706//441 707//441
f 705//243 712//243 699//243
f 630//233 718//233 711//233
f 710//349 716//349 709//349
f 715//236 707//237 708//442
f 706//443 712//443 705//443
f 712//444 719//444 699//444
f 630//445 725//445 718//445
f 717//227 723//227 716//227
f 722//446 714//345 715//345
f 720//230 712//230 713//329
f 725//231 717//231 718//447
f 716//448 722//448 715//449
f 721//224 713//224 714//224
f 731//219 723//219 724//219
f 729//222 721//222 722//222
f 727//450 719//450 720//323
f 732//212 724//212 725//212
f 723//214 729//214 722//214
f 721//215 727//215 720//215
f 719//217 726//217 699//217
f 630//218 732//218 725//218
f 732//284 737//284 731//338
f 736//339 729//339 730//339
f 735//340 727//340 728//340
f 726//288 733//288 699//288
f 630//289 738//289 732//289
f 737//290 730//290 731//290
f 703//292 728//292 729//292
f 727//293 733//293 726//293
f 753//199 795//199 796//199
f 755//310 761//310 794//310
f 757//311 792//311 793//311
f 791//305 759//305 760//305
f 745//306 753//306 796//306
f 754//196 794//196 795//196
f 761//308 757//308 793//308
f 792//451 759//451 791//451
f 750//195 758//195 757//195
f 759//187 752//187 760//187
f 745//188 746//188 753//188
f 754//189 748//189 755//189
f 756//191 750//304 757//191
f 751//193 759//193 758//193
f 753//194 747//194 754//194
f 748//452 756//16 755//453
f 745//182 762//182 746//182
f 747//303 740//303 748//303
f 749//184 742//184 750//184
f 743//186 752//186 751//186
f 762//302 747//302 746//302
f 740//178 749//178 748//178
f 742//180 751//180 750//180
f 752//181 744//181 760//181
f 743//166 763//166 744//166
f 769//167 739//167 762//167
f 767//454 741//169 740//168
f 765//171 743//171 742//171
f 744//172 763//172 760//172
f 745//173 769//173 762//173
f 768//174 740//174 739//174
f 741//175 765//301 742//176
f 776//163 768//163 769//163
f 767//44 773//44 766//44
f 772//297 764//297 765//297
f 763//165 770//165 760//165
f 745//158 776//158 769//158
f 768//159 774//160 767//159
f 773//161 765//161 766//161
f 764//299 770//299 763//299
f 770//455 777//455 760//455
f 745//152 783//152 776//152
f 782//153 774//153 775//153
f 773//155 779//154 772//155
f 771//156 777//156 770//156
f 783//157 775//157 776//157
f 781//45 773//46 774//46
f 772//150 778//150 771//150
f 789//146 781//423 782//423
f 780//148 786//148 779//148
f 785//149 777//149 778//149
f 790//319 782//319 783//319
f 788//142 780//142 781//142
f 779//143 785//143 778//143
f 777//144 784//144 760//144
f 745//145 790//145 783//145
f 790//203 795//203 789//203
f 794//316 787//315 788//315
f 786//206 792//206 785//206
f 784//207 791//207 760//207
f 745//208 796//208 790//208
f 795//209 788//209 789//209
f 787//313 793//314 786//313
f 792//211 784//211 785//211
f 805//276 853//276 854//276
f 803//278 797//279 852//279
f 801//280 850//280 851//280
f 849//456 799//456 798//456
f 813//457 805//457 854//457
f 853//273 803//273 852//273
f 797//428 801//274 851//428
f 850//458 799//458 849//458
f 808//271 800//271 801//271
f 799//459 806//459 798//459
f 804//267 810//267 803//267
f 802//460 808//460 801//433
f 800//269 806//269 799//269
f 810//461 802//461 803//434
f 813//462 820//462 812//462
f 811//260 818//260 810//463
f 817//261 808//261 809//261
f 807//263 814//263 806//263
f 820//253 811//253 812//253
f 818//254 809//254 810//254
f 816//257 807//257 808//256
f 806//464 814//464 798//464
f 822//244 814//244 815//244
f 820//245 826//245 819//245
f 818//247 824//247 817//247
f 823//248 815//248 816//465
f 814//336 821//336 798//336
f 819//352 825//352 818//352
f 824//252 816//252 817//466
f 827//467 833//468 826//468
f 825//468 831//468 824//468
f 830//468 822//468 823//468
f 821//469 828//469 798//468
f 813//468 834//467 827//467
f 826//468 832//468 825//468
f 831//468 823//468 824//468
f 829//468 821//469 822//468
f 828//469 835//468 798//468
f 813//468 841//468 834//467
f 840//468 832//468 833//468
f 838//468 830//468 831//468
f 829//468 835//468 828//469
f 841//468 833//468 834//467
f 839//468 831//468 832//468
f 837//468 829//468 830//468
f 847//468 839//468 840//468
f 838//468 844//468 837//468
f 836//468 842//468 835//468
f 848//468 840//468 841//468
f 846//468 838//468 839//468
f 837//468 843//468 836//468
f 835//468 842//468 798//468
f 813//468 848//468 841//468
f 854//338 847//338 848//338
f 852//470 845//470 846//470
f 844//340 850//340 843//340
f 842//341 849//341 798//341
f 813//72 854//72 848//72
f 853//290 846//290 847//290
f 845//471 851//471 844//471
f 843//343 849//343 842//343
f 868//48 2268//48 2269//48
f 870//434 2234//434 2267//434
f 2266//271 873//271 2265//271
f 2264//430 874//430 2233//430
f 2218//431 868//431 2269//431
f 869//267 2267//267 2268//267
f 2234//433 872//433 2266//433
f 2265//472 874//472 2264//472
f 865//473 873//257 872//257
f 874//358 867//358 2233//358
f 2218//359 861//359 868//359
f 869//474 863//474 870//474
f 871//262 865//262 872//262
f 873//356 867//356 874//356
f 861//253 869//253 868//253
f 863//255 871//255 870//255
f 2218//351 875//351 861//351
f 855//251 863//251 862//251
f 864//337 858//337 865//438
f 859//353 867//353 866//353
f 861//245 855//245 862//245
f 856//335 864//335 863//437
f 858//465 866//465 865//248
f 867//355 860//355 2233//355
f 859//350 876//350 860//350
f 882//239 855//239 875//239
f 880//332 857//240 856//240
f 858//241 877//241 859//241
f 860//347 876//347 2233//347
f 2218//348 882//348 875//348
f 881//234 856//235 855//235
f 857//236 878//237 858//236
f 882//19 2248//19 881//19
f 880//449 2246//449 879//449
f 2245//224 877//224 878//224
f 876//444 2243//444 2233//444
f 2218//445 2249//445 882//445
f 881//227 2247//227 880//227
f 2246//446 878//446 879//345
f 2244//475 876//475 877//475
f 918//24 604//24 603//24
f 915//97 885//97 886//97
f 885//25 918//25 603//25
f 924//22 600//22 599//22
f 930//95 892//95 891//95
f 919//26 883//26 602//26
f 925//25 599//25 888//25
f 922//476 884//476 883//476
f 923//26 887//26 600//26
f 929//25 896//25 892//25
f 920//22 602//22 601//22
f 928//22 895//22 896//22
f 900//49 915//49 899//49
f 917//49 902//49 901//49
f 902//49 916//49 900//49
f 915//49 901//49 899//49
f 919//50 906//50 905//50
f 920//50 907//50 906//50
f 908//50 919//50 905//50
f 921//50 908//50 907//50
f 923//51 910//51 909//51
f 910//51 925//51 911//51
f 912//51 923//51 909//51
f 925//51 912//51 911//51
f 903//52 928//52 904//52
f 904//52 929//477 913//477
f 930//477 903//52 914//477
f 929//477 914//477 913//477
f 946//478 965//478 945//478
f 962//479 941//479 942//479
f 956//480 935//480 936//480
s 0
f 913//10 944//10 904//10
f 903//10 946//10 914//10
s 1
f 949//481 951//481 947//481
f 952//49 953//49 954//49
f 950//482 953//482 949//482
f 952//483 950//483 948//483
f 951//484 948//484 947//484
f 957//50 955//50 956//50
f 958//485 937//485 938//485
f 937//486 956//486 936//486
f 955//487 938//487 935//487
f 961//51 959//51 960//51
f 941//488 960//488 940//488
f 959//489 942//489 939//489
f 960//490 939//490 940//490
f 965//52 963//52 964//52
f 945//491 964//491 944//491
f 963//492 946//492 943//492
f 964//493 943//493 944//493
f 985//494 969//495 889//494
f 983//496 970//496 969//496
f 984//497 595//497 970//497
f 968//498 989//498 593//498
f 593//499 987//499 893//499
f 893//500 988//500 967//500
f 897//501 992//501 971//501
f 992//502 973//502 971//502
f 973//503 993//504 591//504
f 997//505 977//505 975//505
f 998//506 982//506 977//506
f 982//507 995//507 980//507
f 1558//25 1594//25 1277//25
f 1569//26 1604//26 1565//26
f 1600//22 1562//22 1561//22
f 1591//26 1560//26 1280//26
f 1654//508 1671//508 1649//508
f 1267//509 1665//510 1571//510
f 1662//511 1642//511 1641//511
f 1271//512 1659//512 1563//512
f 1270//25 1948//25 1266//25
f 1976//513 1284//514 1968//515
f 1282//516 1296//517 1288//518
f 1976//26 1289//26 1293//26
f 1295//26 1290//26 1294//26
f 1289//26 1295//26 1293//26
f 1290//26 1296//26 1294//26
f 1283//519 1294//520 1282//521
f 1293//522 1283//523 1284//524
f 1313//167 1375//167 1376//167
f 1311//454 1301//169 1374//168
f 1372//171 1308//171 1371//171
f 1370//172 1307//172 1306//172
f 1323//525 1313//525 1376//525
f 1312//174 1374//174 1375//174
f 1310//301 1372//175 1301//175
f 1308//166 1370//166 1371//166
f 1309//297 1317//297 1308//297
f 1307//165 1316//165 1306//165
f 1323//526 1322//526 1313//526
f 1321//160 1311//160 1312//160
f 1319//527 1309//527 1310//527
f 1308//299 1316//299 1307//299
f 1322//163 1312//163 1313//163
f 1320//528 1310//528 1311//528
f 1323//529 1331//529 1322//529
f 1330//153 1320//153 1321//153
f 1328//296 1318//296 1319//296
f 1326//156 1316//156 1317//156
f 1331//157 1321//157 1322//157
f 1329//295 1319//295 1320//295
f 1327//150 1317//150 1318//150
f 1316//151 1325//151 1306//151
f 1335//149 1325//149 1326//149
f 1331//319 1339//319 1330//319
f 1329//141 1337//141 1328//141
f 1327//143 1335//143 1326//422
f 1325//144 1334//144 1306//144
f 1323//530 1340//530 1331//530
f 1339//146 1329//146 1330//146
f 1337//147 1327//147 1328//531
f 1349//203 1339//203 1340//204
f 1347//315 1337//205 1338//205
f 1345//206 1335//206 1336//206
f 1334//207 1343//207 1306//207
f 1323//532 1349//532 1340//532
f 1348//209 1338//209 1339//209
f 1346//210 1336//314 1337//314
f 1335//211 1343//211 1334//211
f 1343//305 1352//305 1306//305
f 1323//202 1358//202 1349//202
f 1357//307 1347//307 1348//307
f 1355//197 1345//197 1346//197
f 1353//451 1343//451 1344//451
f 1349//199 1357//199 1348//199
f 1345//311 1353//311 1344//311
f 1357//189 1365//189 1356//189
f 1364//191 1354//192 1355//192
f 1353//193 1361//193 1352//193
f 1367//194 1357//194 1358//194
f 1363//195 1353//195 1354//195
f 1352//187 1361//187 1306//187
f 1323//533 1367//533 1358//533
f 1376//302 1366//302 1367//302
f 1374//179 1364//179 1365//179
f 1372//180 1362//180 1363//180
f 1361//181 1370//181 1306//181
f 1323//534 1376//534 1367//534
f 1366//183 1374//183 1365//183
f 1364//185 1372//184 1363//185
f 1362//186 1370//186 1361//186
f 1412//239 1350//239 1411//239
f 1351//240 1377//240 1410//332
f 1360//241 1408//241 1409//441
f 1407//243 1369//243 1373//243
f 1304//535 1342//535 1412//535
f 1411//349 1351//234 1410//349
f 1377//237 1360//236 1409//536
f 1368//443 1407//443 1408//443
f 1332//224 1368//224 1360//224
f 1369//225 1341//225 1373//225
f 1304//226 1305//226 1342//226
f 1350//227 1315//227 1351//227
f 1324//229 1360//229 1359//328
f 1368//329 1341//329 1369//329
f 1305//19 1350//19 1342//19
f 1351//232 1324//232 1359//232
f 1304//537 1378//537 1305//537
f 1314//220 1298//220 1315//220
f 1299//221 1332//222 1324//222
f 1302//538 1341//538 1333//538
f 1305//212 1297//212 1314//320
f 1315//214 1299//214 1324//214
f 1300//215 1333//215 1332//215
f 1341//217 1303//217 1373//217
f 1380//293 1303//293 1302//294
f 1378//284 1384//284 1297//338
f 1298//339 1382//339 1299//285
f 1300//340 1380//340 1302//340
f 1303//288 1379//288 1373//288
f 1304//72 1385//72 1378//72
f 1384//290 1298//290 1297//290
f 1382//292 1300//292 1299//292
f 1392//277 1384//277 1385//277
f 1383//278 1389//279 1382//539
f 1388//280 1380//280 1381//426
f 1379//282 1386//282 1373//282
f 1304//540 1392//540 1385//540
f 1384//273 1390//273 1383//427
f 1389//428 1381//274 1382//541
f 1380//275 1386//275 1379//275
f 1386//265 1393//265 1373//265
f 1304//431 1399//431 1392//431
f 1398//542 1390//542 1391//267
f 1396//268 1388//460 1389//460
f 1387//364 1393//364 1386//364
f 1399//360 1391//360 1392//543
f 1390//270 1396//270 1389//270
f 1388//271 1394//544 1387//271
f 1405//260 1397//260 1398//545
f 1403//262 1395//262 1396//262
f 1394//264 1400//264 1393//264
f 1399//435 1405//435 1398//253
f 1397//255 1403//255 1396//255
f 1395//257 1401//257 1394//357
f 1393//258 1400//258 1373//258
f 1304//546 1406//546 1399//546
f 1406//436 1411//436 1405//245
f 1404//437 1377//437 1403//335
f 1402//248 1408//248 1401//248
f 1400//336 1407//336 1373//336
f 1304//250 1412//250 1406//250
f 1411//251 1404//251 1405//251
f 1377//438 1402//438 1403//438
f 1401//547 1407//547 1400//547
f 1427//163 1469//163 1470//163
f 1429//528 1435//528 1468//528
f 1467//297 1432//297 1466//297
f 1465//165 1433//165 1434//165
f 1419//158 1427//158 1470//158
f 1469//159 1429//159 1468//159
f 1435//527 1431//527 1467//527
f 1466//299 1433//299 1465//299
f 1424//150 1432//150 1431//150
f 1433//151 1426//151 1434//151
f 1419//152 1420//152 1427//152
f 1428//153 1422//153 1429//153
f 1430//154 1424//155 1431//154
f 1425//156 1433//156 1432//156
f 1427//157 1421//157 1428//157
f 1422//46 1430//45 1429//548
f 1419//145 1436//145 1420//145
f 1421//423 1414//423 1422//423
f 1423//147 1416//147 1424//147
f 1417//149 1426//149 1425//149
f 1420//319 1413//319 1421//319
f 1414//141 1423//141 1422//141
f 1416//143 1425//143 1424//143
f 1426//144 1418//144 1434//144
f 1417//211 1437//211 1418//211
f 1443//203 1413//203 1436//203
f 1441//315 1415//316 1414//205
f 1439//206 1417//206 1416//206
f 1418//207 1437//207 1434//207
f 1419//208 1443//208 1436//208
f 1442//209 1414//209 1413//209
f 1415//314 1439//313 1416//210
f 1450//199 1442//199 1443//199
f 1441//17 1447//17 1440//17
f 1446//311 1438//311 1439//311
f 1437//305 1444//305 1434//305
f 1419//306 1450//306 1443//306
f 1449//307 1441//196 1442//196
f 1447//197 1439//197 1440//197
f 1438//451 1444//451 1437//451
f 1444//549 1451//549 1434//549
f 1419//188 1457//188 1450//188
f 1456//189 1448//189 1449//189
f 1447//304 1453//191 1446//304
f 1445//193 1451//193 1444//193
f 1457//194 1449//194 1450//194
f 1455//16 1447//452 1448//452
f 1453//195 1445//195 1446//195
f 1463//183 1455//303 1456//303
f 1454//185 1460//185 1453//185
f 1452//186 1458//186 1451//186
f 1457//302 1463//302 1456//302
f 1462//179 1454//179 1455//179
f 1460//180 1452//180 1453//180
f 1451//181 1458//181 1434//181
f 1419//182 1464//182 1457//182
f 1464//167 1469//167 1463//167
f 1462//454 1435//169 1461//170
f 1460//171 1466//171 1459//171
f 1458//172 1465//172 1434//172
f 1419//173 1470//173 1464//173
f 1469//174 1462//174 1463//174
f 1435//175 1460//301 1461//550
f 1466//166 1458//166 1459//166
f 1478//239 1497//239 1498//239
f 1476//240 1471//240 1496//240
f 1474//241 1494//241 1495//241
f 1493//551 1472//551 2155//551
f 2170//552 1478//552 1498//552
f 1497//234 1476//234 1496//234
f 1471//236 1474//237 1495//236
f 1494//350 1472//350 1493//350
f 1481//224 1473//224 1474//224
f 1472//325 1479//325 2155//325
f 1484//227 1476//227 1477//227
f 1475//345 1481//345 1474//328
f 1473//475 1479//475 1472//329
f 1483//449 1475//449 1476//232
f 2170//322 1492//322 1485//322
f 1484//220 1490//220 1483//220
f 1489//221 1481//221 1482//221
f 1480//538 1486//538 1479//538
f 1492//320 1484//320 1485//320
f 1483//213 1489//213 1482//213
f 1488//215 1480//215 1481//215
f 1479//553 1486//553 2155//553
f 2179//294 1486//294 1487//294
f 1492//338 2183//338 1491//338
f 1490//554 2181//554 1489//554
f 2180//287 1487//287 1488//287
f 1486//288 2178//288 2155//288
f 1491//555 2182//555 1490//555
f 2181//556 1488//556 1489//471
f 1498//245 2204//245 2205//245
f 1496//246 2202//246 2203//247
f 2201//465 1494//465 2200//465
f 2199//249 1493//249 2155//249
f 2170//250 1498//250 2205//250
f 1497//352 2203//352 2204//352
f 2202//466 1495//466 2201//466
f 2200//353 1493//353 2199//353
f 1513//19 1555//19 1556//19
f 1515//330 1521//330 1554//330
f 1553//224 1518//224 1552//224
f 1551//225 1519//225 1520//225
f 1505//226 1513//226 1556//226
f 1514//227 1554//227 1555//227
f 1521//328 1517//328 1553//328
f 1552//475 1519//475 1551//475
f 1510//216 1518//215 1517//215
f 1519//557 1512//557 1520//557
f 1505//558 1506//558 1513//558
f 1514//559 1508//559 1515//559
f 1516//222 1510//222 1517//222
f 1518//538 1512//538 1519//538
f 1506//320 1514//320 1513//320
f 1508//214 1516//214 1515//214
f 1505//560 1522//560 1506//560
f 1507//290 1500//290 1508//290
f 1509//291 1502//291 1510//292
f 1503//294 1512//294 1511//294
f 1506//338 1499//338 1507//338
f 1500//285 1509//285 1508//339
f 1502//286 1511//286 1510//340
f 1512//561 1504//561 1520//561
f 1503//562 1523//562 1504//562
f 1529//276 1499//276 1522//276
f 1527//278 1501//279 1500//279
f 1525//280 1503//280 1502//280
f 1504//563 1523//563 1520//563
f 1505//564 1529//564 1522//564
f 1528//273 1500//272 1499//272
f 1501//428 1525//274 1502//428
f 1529//48 1535//48 1528//48
f 1527//461 1533//461 1526//461
f 1532//271 1524//271 1525//271
f 1523//265 1530//265 1520//265
f 1505//266 1536//266 1529//266
f 1528//267 1534//267 1527//267
f 1533//268 1525//268 1526//460
f 1531//472 1523//472 1524//472
f 1530//565 1537//566 1520//567
f 1505//568 1543//566 1536//565
f 1535//566 1541//566 1534//566
f 1540//566 1532//566 1533//566
f 1538//566 1530//565 1531//566
f 1536//565 1542//566 1535//566
f 1534//566 1540//566 1533//566
f 1539//566 1531//566 1532//566
f 1542//566 1548//566 1541//566
f 1540//566 1546//566 1539//566
f 1545//566 1537//566 1538//566
f 1543//566 1549//566 1542//566
f 1548//566 1540//566 1541//566
f 1546//566 1538//566 1539//566
f 1537//566 1544//569 1520//567
f 1505//568 1550//568 1543//566
f 1556//570 1549//566 1550//568
f 1554//566 1547//566 1548//566
f 1546//566 1552//566 1545//566
f 1544//569 1551//571 1520//567
f 1505//568 1556//570 1550//568
f 1555//566 1548//566 1549//566
f 1547//566 1553//566 1546//566
f 1545//566 1551//571 1544//569
f 1592//97 1280//97 1279//97
f 1589//24 1559//24 1560//24
f 1559//25 1592//25 1279//25
f 1598//95 1276//95 1275//95
f 1604//22 1566//22 1565//22
f 1593//26 1557//26 1278//26
f 1599//25 1275//25 1562//25
f 1596//367 1558//367 1557//367
f 1597//26 1561//26 1276//26
f 1603//25 1570//25 1566//25
f 1594//95 1278//95 1277//95
f 1602//95 1569//95 1570//95
f 1590//73 1573//73 1574//73
f 1591//73 1576//73 1575//73
f 1592//73 1574//73 1576//73
f 1589//73 1575//73 1573//73
f 1593//74 1580//74 1579//74
f 1594//74 1581//74 1580//74
f 1596//74 1579//74 1582//74
f 1595//74 1582//74 1581//74
f 1597//75 1584//75 1583//75
f 1584//75 1599//75 1585//75
f 1586//75 1597//75 1583//75
f 1599//75 1586//75 1585//75
f 1601//76 1578//76 1577//76
f 1602//76 1587//572 1578//76
f 1604//572 1577//76 1588//572
f 1603//572 1588//572 1587//572
f 1640//573 1619//573 1620//573
f 1636//574 1615//574 1616//574
f 1630//575 1609//575 1610//575
s 0
f 1587//10 1618//10 1578//10
f 1577//10 1620//10 1588//10
s 1
f 1623//576 1625//576 1621//576
f 1626//73 1627//73 1628//73
f 1628//577 1623//577 1624//577
f 1626//578 1624//578 1622//578
f 1625//579 1622//579 1621//579
f 1631//74 1629//74 1630//74
f 1632//580 1611//580 1612//580
f 1611//581 1630//581 1610//581
f 1629//582 1612//582 1609//582
f 1635//75 1633//75 1634//75
f 1635//583 1614//583 1615//583
f 1633//584 1616//584 1613//584
f 1634//585 1613//585 1614//585
f 1638//76 1640//76 1637//76
f 1619//586 1638//586 1618//586
f 1637//587 1620//588 1617//587
f 1638//589 1617//589 1618//589
f 1659//590 1643//591 1563//590
f 1657//592 1644//592 1643//592
f 1658//593 1271//593 1644//593
f 1664//594 1269//594 1642//594
f 1269//595 1661//595 1567//595
f 1661//596 1641//596 1567//596
f 1571//597 1666//598 1645//598
f 1666//599 1647//599 1645//599
f 1647//600 1667//601 1267//601
f 1671//602 1651//602 1649//602
f 1672//603 1656//603 1651//603
f 1656//604 1669//604 1654//604
f 2272//25 2308//25 2309//25
f 2283//26 2318//26 2315//26
f 2276//605 2314//50 2275//50
f 1956//26 2303//26 2305//26
f 2363//606 2383//607 2368//607
f 1941//608 2379//608 2381//608
f 2356//609 2376//610 2355//610
f 1945//611 2373//611 2374//611
f 1940//25 1948//25 1944//25
f 1962//612 1976//613 1968//614
f 1960//615 1979//616 1977//617
f 1976//26 1970//26 1971//26
f 1978//26 1972//26 1973//26
f 1978//26 1970//26 1975//26
f 1979//26 1972//26 1977//26
f 1961//618 1977//619 1978//620
f 1961//621 1975//622 1962//623
f 2059//177 1995//177 1996//177
f 2057//179 1993//179 1994//179
f 2054//180 1992//624 2055//180
f 2053//181 1989//181 1990//181
f 2006//534 2059//534 1996//534
f 2058//183 1994//625 1995//625
f 2055//184 1993//185 1984//184
f 2054//186 1990//186 1991//186
f 1992//195 2000//195 2001//195
f 1990//187 1989//187 1999//187
f 2006//533 1996//533 2005//533
f 1994//189 2004//189 1995//626
f 1992//191 2002//304 1993//191
f 1991//193 1999//193 2000//193
f 1996//194 2004//194 2005//194
f 1993//16 2003//71 1994//15
f 2006//202 2005//202 2014//202
f 2003//307 2013//307 2004//307
f 2001//197 2011//197 2002//197
f 1999//451 2009//451 2000//451
f 2005//199 2013//199 2014//199
f 2002//17 2012//17 2003//310
f 2001//311 2009//311 2010//311
f 1999//305 1989//305 2008//305
f 2008//211 2018//211 2009//211
f 2013//203 2023//203 2014//203
f 2011//317 2021//316 2012//317
f 2009//206 2019//206 2010//206
f 2008//207 1989//207 2017//207
f 2006//532 2014//532 2023//532
f 2013//209 2021//209 2022//209
f 2010//314 2020//210 2011//314
f 2023//140 2031//140 2032//140
f 2020//142 2030//142 2021//141
f 2018//143 2028//627 2019//143
f 2017//144 1989//144 2026//144
f 2006//530 2023//530 2032//530
f 2022//146 2030//628 2031//628
f 2019//147 2029//148 2020//147
f 2018//149 2026//149 2027//149
f 2026//151 1989//151 2035//151
f 2006//529 2032//529 2041//529
f 2031//153 2039//153 2040//153
f 2029//629 2037//154 2038//296
f 2026//156 2036//156 2027//156
f 2032//157 2040//157 2041//157
f 2028//150 2036//150 2037//150
f 2039//160 2049//160 2040//160
f 2038//161 2046//161 2047//161
f 2036//299 2044//299 2045//299
f 2040//163 2050//163 2041//163
f 2036//297 2046//297 2037//297
f 2035//298 1989//298 2044//298
f 2006//526 2041//526 2050//526
f 2049//167 2059//167 2050//419
f 2047//168 2057//168 2048//168
f 2045//171 2055//171 2046//171
f 2044//172 1989//172 2053//172
f 2006//525 2050//525 2059//525
f 2049//174 2057//174 2058//174
f 2047//176 2055//176 1984//176
f 2044//166 2054//166 2045//166
f 2095//435 2033//435 2025//435
f 2060//255 2034//255 2093//255
f 2091//257 2043//257 2092//257
f 2090//258 2056//258 2052//258
f 1987//630 2095//630 2025//630
f 2094//260 2034//260 2033//545
f 2060//261 2043//262 2042//262
f 2090//356 2051//356 2091//264
f 2043//544 2016//271 2015//271
f 2052//430 2056//430 2024//430
f 1987//431 2025//431 1988//431
f 2034//542 1997//267 2033//631
f 2043//432 2007//433 2042//432
f 2052//364 2016//364 2051//364
f 2033//360 1988//360 2025//48
f 2034//361 2007//361 1998//361
f 1987//540 1988//540 2061//540
f 1997//273 1981//273 1980//273
f 2015//428 1982//428 2007//274
f 2024//562 1985//562 2016//562
f 1988//276 1980//276 2061//276
f 1998//279 1982//279 1981//279
f 2016//280 1983//280 2015//280
f 2024//282 2056//282 1986//282
f 1985//343 2062//343 2063//343
f 1980//338 2068//338 2061//338
f 1981//554 2065//554 2066//554
f 1983//340 2063//340 2064//340
f 1986//341 2056//341 2062//341
f 1987//72 2061//72 2068//72
f 1980//290 2066//290 2067//290
f 1983//556 2065//556 1982//556
f 2067//320 2075//320 2068//320
f 2066//214 2072//214 2073//214
f 2063//215 2071//215 2064//215
f 2062//217 2056//217 2069//217
f 1987//632 2068//632 2075//632
f 2067//220 2073//220 2074//220
f 2064//221 2072//222 2065//221
f 2063//538 2069//538 2070//538
f 2069//444 2056//444 2076//444
f 1987//226 2075//226 2082//226
f 2074//326 2080//326 2081//227
f 2071//446 2079//446 2072//446
f 2069//475 2077//475 2070//475
f 2074//19 2082//19 2075//19
f 2073//448 2079//448 2080//448
f 2070//324 2078//324 2071//324
f 2081//234 2087//234 2088//234
f 2078//237 2086//237 2079//237
f 2077//350 2083//350 2084//350
f 2081//239 2089//239 2082//439
f 2079//240 2087//240 2080//332
f 2077//241 2085//241 2078//241
f 2076//243 2056//243 2083//243
f 1987//233 2082//233 2089//233
f 2088//436 2095//436 2089//436
f 2086//335 2093//335 2087//335
f 2084//465 2092//465 2085//354
f 2083//249 2056//249 2090//249
f 1987//250 2089//250 2095//250
f 2088//352 2093//352 2094//251
f 2086//337 2092//337 2060//438
f 2084//244 2090//244 2091//244
f 2152//194 2110//194 2153//633
f 2118//16 2112//71 2151//16
f 2149//195 2114//195 2150//195
f 2148//187 2117//187 2116//187
f 2102//188 2153//188 2110//188
f 2152//189 2112//189 2111//189
f 2118//191 2114//192 2113//192
f 2148//193 2115//193 2149//193
f 2115//311 2107//311 2114//311
f 2116//305 2117//305 2109//305
f 2102//306 2110//306 2103//306
f 2111//196 2105//196 2104//196
f 2113//197 2107//197 2106//197
f 2116//451 2108//451 2115//451
f 2111//634 2103//634 2110//634
f 2113//17 2105//17 2112//17
f 2102//208 2103//208 2119//208
f 2104//209 2097//209 2096//209
f 2107//210 2098//313 2106//210
f 2108//211 2101//211 2100//211
f 2104//203 2119//203 2103//203
f 2106//316 2097//317 2105//316
f 2107//206 2100//206 2099//206
f 2109//207 2117//207 2101//207
f 2100//149 2120//149 2121//149
f 2096//319 2126//319 2119//140
f 2097//142 2123//142 2124//142
f 2099//143 2121//143 2122//143
f 2101//144 2117//144 2120//144
f 2102//145 2119//145 2126//145
f 2097//423 2125//423 2096//423
f 2099//148 2123//148 2098//148
f 2125//157 2133//157 2126//157
f 2124//295 2130//45 2131//45
f 2121//150 2129//150 2122//150
f 2120//151 2117//151 2127//151
f 2102//152 2126//152 2133//152
f 2125//153 2131//153 2132//153
f 2122//296 2130//154 2123//155
f 2121//156 2127//156 2128//156
f 2127//165 2117//165 2134//165
f 2102//158 2133//158 2140//158
f 2132//160 2138//160 2139//160
f 2130//527 2136//527 2137//527
f 2128//635 2134//635 2135//635
f 2132//163 2140//163 2133//163
f 2130//528 2138//528 2131//528
f 2128//297 2136//636 2129//297
f 2138//174 2146//174 2139//174
f 2137//301 2143//175 2144//175
f 2134//166 2142//166 2135//166
f 2139//167 2147//167 2140//167
f 2137//454 2145//169 2138//170
f 2136//171 2142//171 2143//171
f 2134//172 2117//172 2141//172
f 2102//173 2140//173 2147//173
f 2147//302 2152//302 2153//302
f 2145//178 2118//178 2151//178
f 2143//180 2149//180 2150//180
f 2141//181 2117//181 2148//181
f 2102//182 2147//182 2153//182
f 2145//183 2152//183 2146//183
f 2143//184 2118//184 2144//184
f 2141//186 2149//186 2142//186
f 2211//253 2161//253 2162//253
f 2154//255 2160//255 2209//255
f 2208//257 2157//257 2158//257
f 2206//637 2155//637 2156//637
f 2170//638 2211//638 2162//638
f 2209//260 2161//260 2210//260
f 2154//261 2158//262 2159//262
f 2206//356 2157//356 2207//356
f 2157//362 2165//362 2158//362
f 2156//459 2155//459 2163//459
f 2161//639 2167//639 2168//639
f 2158//432 2166//432 2159//432
f 2156//472 2164//472 2157//472
f 2160//361 2166//361 2167//361
f 2170//457 2169//457 2177//457
f 2168//640 2175//640 2176//273
f 2165//274 2174//428 2166//274
f 2163//562 2172//562 2164//562
f 2169//276 2176//276 2177//276
f 2167//279 2174//279 2175//279
f 2164//641 2173//641 2165//641
f 2163//642 2155//642 2171//642
f 2171//293 2179//293 2172//293
f 2177//338 2183//338 2184//338
f 2175//285 2181//285 2182//285
f 2172//287 2180//287 2173//287
f 2171//288 2155//288 2178//288
f 2176//643 2182//643 2183//643
f 2173//291 2181//291 2174//291
f 2184//469 2190//468 2191//469
f 2182//468 2188//468 2189//468
f 2179//468 2187//468 2180//468
f 2178//467 2155//468 2185//467
f 2170//468 2184//469 2191//469
f 2183//468 2189//468 2190//468
f 2180//468 2188//468 2181//468
f 2178//467 2186//468 2179//468
f 2185//467 2155//468 2192//468
f 2170//468 2191//469 2198//468
f 2190//468 2196//468 2197//468
f 2187//468 2195//468 2188//468
f 2186//468 2192//468 2193//468
f 2190//468 2198//468 2191//469
f 2189//468 2195//468 2196//468
f 2186//468 2194//468 2187//468
f 2196//468 2204//468 2197//468
f 2195//468 2201//468 2202//468
f 2193//468 2199//468 2200//468
f 2197//468 2205//468 2198//468
f 2195//468 2203//468 2196//468
f 2194//468 2200//468 2201//468
f 2192//468 2155//468 2199//468
f 2170//468 2198//468 2205//468
f 2204//245 2211//245 2205//245
f 2202//437 2209//437 2203//437
f 2201//248 2207//465 2208//248
f 2199//249 2155//249 2206//249
f 2170//250 2205//250 2211//250
f 2203//352 2210//352 2204//352
f 2202//438 2208//438 2154//438
f 2200//547 2206//353 2207//547
f 2268//48 2226//48 2269//48
f 2234//434 2228//434 2267//434
f 2266//271 2231//644 2230//271
f 2264//430 2233//430 2232//430
f 2218//431 2269//431 2226//431
f 2267//363 2227//363 2268//363
f 2234//460 2230//460 2229//460
f 2265//364 2232//364 2231//364
f 2231//280 2223//280 2230//280
f 2232//563 2233//563 2225//563
f 2218//564 2226//564 2219//564
f 2227//273 2221//273 2220//427
f 2229//274 2223//428 2222//428
f 2231//562 2225//562 2224//562
f 2227//276 2219//276 2226//276
f 2229//278 2221//279 2228//278
f 2218//560 2219//560 2235//560
f 2220//290 2213//643 2212//643
f 2223//556 2214//556 2222//556
f 2224//294 2217//294 2216//294
f 2220//338 2235//338 2219//338
f 2221//554 2214//554 2213//470
f 2224//287 2215//287 2223//287
f 2225//561 2233//561 2217//561
f 2217//538 2237//538 2216//538
f 2212//320 2242//320 2235//320
f 2214//213 2240//214 2213//213
f 2216//645 2238//645 2215//645
f 2217//557 2233//557 2236//557
f 2218//558 2235//558 2242//558
f 2213//220 2241//220 2212//220
f 2214//221 2238//222 2239//222
f 2242//19 2248//231 2249//19
f 2240//232 2246//448 2247//232
f 2237//646 2245//646 2238//646
f 2236//444 2233//444 2243//444
f 2218//445 2242//445 2249//445
f 2241//227 2247//227 2248//228
f 2238//446 2246//446 2239//446
f 2236//346 2244//346 2237//346
f 2243//565 2233//568 2250//566
f 2218//567 2249//565 2256//566
f 2248//566 2254//566 2255//566
f 2245//566 2253//566 2246//566
f 2243//565 2251//566 2244//566
f 2249//565 2255//566 2256//566
f 2247//566 2253//566 2254//566
f 2244//566 2252//566 2245//566
f 2255//566 2261//566 2262//566
f 2252//566 2260//566 2253//566
f 2250//566 2258//566 2251//566
f 2256//566 2262//566 2263//567
f 2253//566 2261//566 2254//566
f 2251//566 2259//566 2252//566
f 2250//566 2233//568 2257//647
f 2218//567 2256//566 2263//567
f 2262//566 2269//571 2263//567
f 2260//566 2267//566 2261//566
f 2259//566 2265//566 2266//566
f 2257//647 2233//568 2264//570
f 2218//567 2263//567 2269//571
f 2261//566 2268//566 2262//566
f 2260//566 2266//566 2234//566
f 2258//566 2264//570 2265//566
f 1956//76 2306//76 1955//76
f 2273//52 2303//52 2274//52
f 1955//25 2304//25 2273//25
f 1952//74 2312//74 1951//74
f 2280//50 2318//50 2279//50
f 2271//26 2307//26 1954//26
f 1951//25 2313//25 2276//25
f 2272//50 2310//50 2271//50
f 1952//26 2314//26 2311//26
f 2284//25 2317//25 2280//25
f 1954//74 2308//74 1953//74
f 2283//74 2316//74 2284//74
f 2287//648 2304//648 2288//648
f 2290//94 2305//94 2289//94
f 2290//94 2304//648 2306//94
f 2289//94 2303//649 2287//648
f 2294//95 2307//95 2293//95
f 2295//476 2308//95 2294//95
f 2293//95 2310//476 2296//476
f 2296//476 2309//476 2295//476
f 2298//96 2311//96 2297//96
f 2299//96 2312//96 2298//96
f 2300//96 2311//96 2314//96
f 2300//96 2313//96 2299//96
f 2291//97 2316//97 2315//97
f 2301//97 2316//97 2292//97
f 2291//97 2318//97 2302//97
f 2302//97 2317//97 2301//97
f 2333//650 2354//650 2334//650
f 2329//651 2350//651 2330//651
f 2323//652 2344//652 2324//652
s 0
f 2301//10 2332//10 2333//10
f 2291//10 2334//10 2331//10
s 1
f 2337//653 2339//654 2341//653
f 2341//94 2340//94 2342//94
f 2337//655 2342//655 2338//655
f 2338//656 2340//656 2336//656
f 2336//657 2339//657 2335//657
f 2343//95 2345//95 2344//95
f 2325//658 2346//658 2326//658
f 2325//659 2344//659 2345//659
f 2323//660 2346//660 2343//660
f 2347//96 2349//96 2348//96
f 2329//661 2348//661 2349//661
f 2330//662 2347//662 2327//662
f 2327//663 2348//663 2328//663
f 2352//97 2354//97 2353//97
f 2333//664 2352//664 2353//664
f 2334//665 2351//665 2331//665
f 2331//666 2352//666 2332//666
f 2357//667 2373//667 2277//667
f 2358//668 2371//668 2357//668
f 1945//669 2372//669 2358//669
f 1943//670 2378//671 2356//671
f 1943//672 2375//672 2377//672
f 2355//673 2375//674 2281//674
f 2285//675 2380//675 2379//675
f 2361//676 2380//676 2359//676
f 2361//677 2381//677 2382//677
f 2365//678 2385//678 2363//678
f 2370//679 2386//679 2365//679
f 2370//680 2383//680 2384//680
f 256//25 9//25 292//25
f 267//26 263//26 302//26
f 260//121 297//121 298//74
f 12//26 258//26 287//26
f 347//122 369//122 367//123
f 1//124 269//124 363//124
f 340//125 362//125 360//126
f 5//127 261//127 357//127
f 4//25 2//25 1266//25
f 1266//25 1964//25 598//25
f 598//25 6//25 4//25
f 15//128 22//681 620//129
f 13//131 1288//682 1296//132
f 620//26 22//26 19//26
f 24//26 23//26 20//26
f 24//26 21//26 19//26
f 1296//26 1292//26 20//26
f 14//134 13//683 23//135
f 14//137 24//684 22//138
f 104//140 103//140 40//140
f 102//141 29//141 38//142
f 99//143 36//143 37//143
f 103//146 102//146 39//146
f 100//147 37//148 38//148
f 98//149 35//149 36//149
f 37//150 36//150 45//150
f 39//153 48//153 49//153
f 37//154 46//155 47//155
f 36//156 35//156 44//156
f 41//157 40//157 49//157
f 39//45 38//45 47//46
f 48//159 57//159 58//159
f 46//161 55//161 56//161
f 44//162 53//162 54//162
f 50//163 49//163 58//163
f 47//44 56//44 57//44
f 46//164 45//297 54//164
f 53//166 62//166 63//166
f 59//167 58//167 67//167
f 56//168 65//169 66//169
f 54//171 63//171 64//171
f 58//174 57//174 66//174
f 55//175 64//176 65//176
f 68//177 67//177 76//177
f 66//178 65//178 74//179
f 63//180 72//180 73//180
f 67//183 66//183 75//183
f 64//184 73//185 74//185
f 63//186 62//186 71//186
f 76//189 75//189 84//189
f 74//190 73//190 82//191
f 71//193 80//193 81//193
f 77//194 76//194 85//194
f 73//195 72//195 81//195
f 85//196 84//196 93//196
f 83//197 82//197 91//197
f 81//198 80//198 89//198
f 85//199 94//199 95//199
f 81//200 90//200 91//200
f 94//203 103//203 104//203
f 92//205 29//205 102//205
f 90//206 99//206 100//206
f 94//209 93//209 102//209
f 92//210 91//210 100//210
f 90//211 89//685 98//211
f 140//212 139//212 78//212
f 105//213 87//214 79//214
f 136//215 96//216 88//216
f 138//219 79//220 78//220
f 105//221 137//221 88//222
f 135//223 97//450 96//223
f 96//224 61//344 60//224
f 79//227 43//227 42//227
f 87//229 88//229 60//229
f 96//230 97//329 69//230
f 78//231 42//231 33//231
f 87//232 52//232 43//232
f 42//234 43//234 26//235
f 60//236 28//236 27//236
f 69//238 31//238 30//238
f 33//239 42//239 25//239
f 43//240 52//240 27//240
f 61//241 30//242 28//242
f 30//244 31//244 107//244
f 25//245 112//245 113//245
f 26//246 27//246 110//246
f 28//248 30//248 108//248
f 26//251 111//251 112//251
f 28//252 109//466 110//252
f 112//253 119//435 120//253
f 110//254 117//255 118//255
f 108//256 115//257 116//257
f 112//260 111//463 118//260
f 109//261 116//262 117//262
f 108//263 107//263 114//263
f 119//267 118//267 125//267
f 116//268 123//460 124//268
f 114//269 121//269 122//269
f 119//48 126//48 127//48
f 117//270 124//461 125//270
f 115//271 122//271 123//271
f 126//272 125//272 132//273
f 123//274 130//428 131//274
f 122//275 121//275 128//275
f 126//276 133//276 134//276
f 124//278 131//279 132//279
f 122//280 129//641 130//280
f 133//284 139//338 140//284
f 131//285 105//339 138//285
f 129//286 136//340 137//286
f 132//290 138//290 139//290
f 131//291 130//291 137//291
f 129//293 128//342 135//293
f 198//157 197//157 156//157
f 163//45 158//295 157//295
f 195//150 194//150 160//150
f 197//153 196//153 157//153
f 163//154 195//154 159//296
f 194//156 193//156 161//156
f 160//297 153//297 152//297
f 156//159 157//159 150//159
f 158//161 159//161 152//161
f 161//299 154//686 153//299
f 156//300 149//300 148//300
f 158//44 151//44 150//44
f 149//174 150//687 142//174
f 152//176 144//301 143//301
f 153//166 154//688 146//166
f 148//167 149//167 141//167
f 151//169 143//170 142//170
f 153//171 145//171 144//171
f 145//186 146//186 165//186
f 141//302 170//302 171//302
f 142//179 143//179 168//179
f 144//180 145//180 166//180
f 142//303 169//303 170//303
f 144//185 167//185 168//185
f 170//194 177//194 178//194
f 169//71 168//452 175//16
f 167//195 166//195 173//195
f 170//189 169//189 176//189
f 167//192 174//191 175//191
f 166//193 165//193 172//193
f 176//307 183//307 184//307
f 175//308 174//308 181//308
f 173//309 172//451 179//309
f 177//199 184//199 185//199
f 175//310 182//310 183//310
f 173//311 180//312 181//312
f 183//209 190//209 191//209
f 182//313 181//689 188//314
f 179//211 186//211 187//211
f 185//203 184//203 191//203
f 182//315 189//316 190//316
f 180//206 187//206 188//206
f 191//319 197//319 198//319
f 190//141 189//141 163//141
f 188//143 187//143 194//143
f 190//146 196//423 197//146
f 188//147 195//147 163//147
f 186//149 193//149 194//149
f 226//320 225//212 205//320
f 199//213 203//214 204//214
f 223//215 222//690 201//215
f 224//220 204//220 205//220
f 199//221 223//221 202//222
f 221//323 200//323 201//323
f 201//224 208//646 209//324
f 205//227 204//227 211//326
f 203//229 202//229 209//229
f 201//329 200//329 207//329
f 204//232 203//232 210//232
f 212//234 211//234 218//234
f 210//237 209//237 216//236
f 207//238 214//238 215//238
f 213//239 212//239 219//239
f 210//332 217//240 218//240
f 208//241 215//241 216//241
f 214//244 821//244 822//244
f 220//245 219//436 826//245
f 218//335 217//335 824//335
f 215//248 822//248 823//248
f 219//251 218//251 825//251
f 216//337 823//337 824//337
f 847//284 225//284 226//284
f 845//339 199//339 224//339
f 844//340 843//340 222//340
f 846//290 224//290 225//290
f 845//292 844//292 223//292
f 843//342 842//343 221//343
f 1555//231 241//231 240//231
f 1521//449 243//449 242//449
f 1553//224 1552//691 245//344
f 1554//227 242//227 241//227
f 1521//345 1553//328 244//345
f 1552//346 1551//475 246//346
f 245//241 238//692 237//241
f 242//349 235//234 234//234
f 243//237 244//237 237//236
f 245//350 246//350 239//350
f 241//239 234//439 233//239
f 243//332 236//240 235//240
f 234//251 235//251 228//352
f 237//252 230//466 229//252
f 238//353 239//353 232//353
f 234//245 227//245 247//245
f 235//246 236//246 229//246
f 238//354 231//354 230//354
f 232//356 248//356 249//356
f 227//253 253//253 254//253
f 229//254 251//255 252//255
f 230//357 231//357 249//357
f 227//260 228//260 252//260
f 230//261 250//262 251//262
f 254//48 253//360 1535//360
f 252//361 251//270 1533//270
f 249//693 1531//693 1532//693
f 253//267 252//267 1534//267
f 250//432 1532//432 1533//432
f 248//472 1530//472 1531//472
f 12//52 289//52 290//52
f 257//76 288//76 287//76
f 11//25 290//25 288//25
f 8//50 295//50 296//50
f 263//74 264//74 301//74
f 255//26 294//26 291//26
f 7//25 296//25 297//25
f 256//74 293//74 294//74
f 8//26 259//26 298//26
f 268//25 300//25 301//25
f 10//50 291//50 292//50
f 267//50 299//50 300//50
f 271//365 287//366 288//365
f 274//21 290//21 289//21
f 272//365 288//365 290//21
f 271//365 273//21 289//21
f 277//22 278//22 292//22
f 279//367 293//367 292//22
f 280//367 277//22 291//22
f 280//367 294//367 293//367
f 282//23 296//23 295//23
f 283//23 297//23 296//23
f 281//23 295//23 298//23
f 284//23 298//23 297//23
f 276//24 300//24 299//24
f 285//24 301//24 300//24
f 275//24 299//24 302//24
f 286//24 302//24 301//24
f 317//368 337//368 338//368
f 313//369 333//369 334//369
f 307//370 327//370 328//370
s 0
f 285//10 276//10 316//10
f 275//10 286//10 318//10
s 1
f 319//694 323//694 325//694
f 325//21 323//21 324//21
f 322//372 321//372 325//372
f 320//373 322//374 326//374
f 320//375 324//375 323//375
f 327//22 330//22 329//22
f 309//376 329//376 330//376
f 308//377 328//377 329//377
f 310//378 330//378 327//378
f 331//23 334//23 333//23
f 313//379 312//379 332//379
f 311//380 314//380 334//380
f 311//381 331//381 332//381
f 335//24 338//24 337//24
f 317//382 316//382 336//382
f 318//383 338//383 335//383
f 315//384 335//384 336//384
f 341//385 355//385 357//385
f 342//386 356//386 355//386
f 342//387 5//695 358//387
f 340//389 3//389 361//389
f 3//390 265//390 359//390
f 339//391 360//391 359//391
f 343//392 364//392 363//392
f 345//393 366//393 364//393
f 345//394 1//395 365//395
f 349//396 370//396 369//396
f 354//397 368//397 370//397
f 354//398 352//398 367//398
f 884//25 921//25 920//25
f 895//26 927//26 930//26
f 926//95 925//95 888//95
f 917//26 915//26 886//26
f 980//399 995//399 997//399
f 591//400 993//400 991//401
f 988//402 990//402 968//402
f 595//403 986//403 985//403
f 1940//25 592//25 594//25
f 594//25 596//25 598//25
f 598//25 1964//25 1940//25
f 620//404 619//696 609//405
f 607//407 621//697 1979//408
f 620//26 616//26 615//26
f 622//26 618//26 617//26
f 615//26 618//26 622//26
f 617//26 1974//26 1979//26
f 608//410 622//698 621//411
f 619//413 622//699 608//414
f 639//203 638//203 701//203
f 637//315 636//315 627//316
f 698//206 635//206 634//206
f 638//209 637//209 700//209
f 636//313 635//689 698//314
f 634//211 633//211 696//211
f 644//311 643//311 634//311
f 647//307 646//307 637//307
f 645//308 644//197 635//308
f 634//198 643//451 642//198
f 648//199 647//199 638//199
f 637//310 646//17 645//310
f 656//189 655//189 646//189
f 654//192 653//192 644//192
f 643//193 652//193 651//193
f 648//194 657//633 656//194
f 646//71 655//71 654//71
f 653//195 652//700 643//195
f 661//416 660//186 651//416
f 657//302 666//177 665//302
f 664//178 663//178 654//178
f 653//417 662//180 661//180
f 665//183 664//183 655//303
f 663//184 662//184 653//184
f 675//167 674//167 665//167
f 673//169 672//454 663//168
f 671//171 670//171 661//171
f 674//174 673//174 664//174
f 672//176 671//550 662//175
f 661//166 670//166 669//166
f 683//160 682//160 673//159
f 681//161 680//161 671//161
f 679//162 678//299 669//162
f 675//163 684//300 683//163
f 671//164 680//297 679//297
f 683//153 692//153 691//153
f 690//154 689//629 680//296
f 679//156 688//156 687//156
f 693//157 692//157 683//157
f 689//150 688//150 679//150
f 702//319 701//140 692//319
f 700//141 627//701 690//142
f 698//143 697//143 688//143
f 701//146 700//146 691//423
f 690//148 627//147 698//147
f 688//424 697//149 696//424
f 738//276 668//277 676//276
f 677//279 685//279 703//278
f 735//426 686//426 694//426
f 737//427 676//427 677//427
f 703//274 685//428 686//428
f 694//275 695//275 733//275
f 658//271 659//271 694//271
f 676//267 640//267 641//267
f 650//432 658//432 686//432
f 694//269 659//269 667//269
f 631//48 640//48 676//48
f 641//361 650//361 685//434
f 640//260 623//260 624//260
f 625//261 626//261 658//262
f 628//264 629//264 667//264
f 631//435 704//435 623//435
f 641//255 624//254 625//254
f 626//257 628//257 659//257
f 628//334 706//244 705//334
f 704//436 711//436 710//436
f 624//437 709//247 708//437
f 626//248 707//248 706//248
f 710//251 709//251 624//251
f 708//438 707//466 626//438
f 718//439 717//239 710//439
f 709//332 716//240 715//240
f 714//441 713//441 706//441
f 710//349 717//349 716//349
f 715//236 714//236 707//237
f 706//443 713//238 712//443
f 717//227 724//227 723//227
f 722//446 721//446 714//345
f 720//230 719//230 712//230
f 725//231 724//19 717//231
f 716//448 723//448 722//448
f 721//224 720//224 713//224
f 731//219 730//220 723//219
f 729//222 728//221 721//222
f 727//450 726//450 719//450
f 732//212 731//212 724//212
f 723//214 730//213 729//214
f 721//215 728//215 727//215
f 732//284 738//284 737//284
f 736//339 703//339 729//339
f 735//340 734//340 727//340
f 737//290 736//290 730//290
f 703//292 735//292 728//292
f 727//293 734//294 733//293
f 753//199 754//634 795//199
f 755//310 756//310 761//310
f 757//311 758//311 792//311
f 754//196 755//307 794//196
f 761//308 756//308 757//308
f 792//451 758//451 759//451
f 750//195 751//195 758//195
f 754//189 747//702 748//189
f 756//191 749//304 750//304
f 751//193 752//193 759//193
f 753//194 746//633 747//194
f 748//452 749//452 756//16
f 747//303 739//303 740//303
f 749//184 741//184 742//184
f 743//186 744//186 752//186
f 762//302 739//302 747//302
f 740//178 741//178 749//178
f 742//180 743//180 751//180
f 743//166 764//166 763//166
f 769//167 768//167 739//167
f 767//454 766//454 741//169
f 765//171 764//171 743//171
f 768//174 767//174 740//174
f 741//175 766//301 765//301
f 776//163 775//300 768//163
f 767//44 774//44 773//44
f 772//297 771//297 764//297
f 768//159 775//160 774//160
f 773//161 772//161 765//161
f 764//299 771//299 770//299
f 782//153 781//153 774//153
f 773//155 780//154 779//154
f 771//156 778//156 777//156
f 783//157 782//157 775//157
f 781//45 780//45 773//46
f 772//150 779//150 778//150
f 789//146 788//146 781//423
f 780//148 787//148 786//148
f 785//149 784//149 777//149
f 790//319 789//140 782//319
f 788//142 787//142 780//142
f 779//143 786//143 785//143
f 790//203 796//203 795//203
f 794//316 761//205 787//315
f 786//206 793//206 792//206
f 795//209 794//209 788//209
f 787//313 761//210 793//314
f 792//211 791//211 784//211
f 805//276 804//276 853//276
f 803//278 802//278 797//279
f 801//280 800//426 850//280
f 853//273 804//427 803//273
f 797//428 802//274 801//274
f 850//458 800//458 799//458
f 808//271 807//271 800//271
f 804//267 811//267 810//267
f 802//460 809//460 808//460
f 800//269 807//269 806//269
f 810//461 809//461 802//461
f 811//260 819//260 818//260
f 817//261 816//261 808//261
f 807//263 815//263 814//263
f 820//253 819//253 811//253
f 818//254 817//254 809//254
f 816//257 815//257 807//257
f 822//244 821//244 814//244
f 820//245 827//245 826//245
f 818//335 825//335 824//335
f 823//248 822//248 815//248
f 819//251 826//251 825//251
f 824//252 823//337 816//252
f 827//467 834//467 833//468
f 825//468 832//468 831//468
f 830//468 829//468 822//468
f 826//468 833//468 832//468
f 831//468 830//468 823//468
f 829//468 828//469 821//469
f 840//468 839//468 832//468
f 838//468 837//468 830//468
f 829//468 836//468 835//468
f 841//468 840//468 833//468
f 839//468 838//468 831//468
f 837//468 836//468 829//468
f 847//468 846//468 839//468
f 838//468 845//468 844//468
f 836//468 843//468 842//468
f 848//468 847//468 840//468
f 846//468 845//468 838//468
f 837//468 844//468 843//468
f 854//338 853//284 847//338
f 852//470 797//554 845//470
f 844//340 851//340 850//340
f 853//290 852//290 846//290
f 845//556 797//556 851//556
f 843//342 850//342 849//342
f 868//48 869//48 2268//48
f 870//434 871//361 2234//434
f 2266//271 872//271 873//271
f 869//267 870//267 2267//267
f 2234//432 871//432 872//432
f 2265//472 873//472 874//472
f 865//473 866//473 873//257
f 869//474 862//474 863//474
f 871//262 864//261 865//262
f 873//356 866//356 867//356
f 861//253 862//253 869//253
f 863//255 864//254 871//255
f 855//251 856//251 863//251
f 864//337 857//337 858//337
f 859//353 860//353 867//353
f 861//245 875//245 855//245
f 856//335 857//335 864//335
f 858//465 859//465 866//465
f 859//350 877//350 876//350
f 882//239 881//239 855//239
f 880//332 879//332 857//240
f 858//241 878//241 877//241
f 881//234 880//234 856//235
f 857//236 879//237 878//237
f 882//19 2249//19 2248//19
f 880//448 2247//448 2246//448
f 2245//224 2244//224 877//224
f 881//227 2248//227 2247//227
f 2246//446 2245//446 878//446
f 2244//475 2243//475 876//475
f 918//24 917//24 604//24
f 915//97 916//97 885//97
f 885//25 916//25 918//25
f 924//22 923//22 600//22
f 930//95 929//95 892//95
f 919//26 922//26 883//26
f 925//25 924//25 599//25
f 922//476 921//476 884//476
f 923//26 926//26 887//26
f 929//25 928//25 896//25
f 920//22 919//22 602//22
f 928//22 927//22 895//22
f 900//49 916//49 915//49
f 917//49 918//49 902//49
f 902//49 918//49 916//49
f 915//49 917//49 901//49
f 919//50 920//50 906//50
f 920//50 921//50 907//50
f 908//50 922//50 919//50
f 921//50 922//50 908//50
f 923//51 924//51 910//51
f 910//51 924//51 925//51
f 912//51 926//51 923//51
f 925//51 926//51 912//51
f 903//52 927//52 928//52
f 904//52 928//52 929//477
f 930//477 927//52 903//52
f 929//477 930//477 914//477
f 946//478 966//478 965//478
f 962//479 961//479 941//479
f 956//480 955//480 935//480
s 0
f 913//10 945//10 944//10
f 903//10 943//10 946//10
s 1
f 949//481 953//481 951//481
f 952//49 951//49 953//49
f 950//482 954//482 953//482
f 952//483 954//483 950//483
f 951//484 952//484 948//484
f 957//50 958//50 955//50
f 958//485 957//485 937//485
f 937//486 957//486 956//486
f 955//487 958//487 938//487
f 961//51 962//51 959//51
f 941//488 961//488 960//488
f 959//489 962//489 942//489
f 960//490 959//490 939//490
f 965//52 966//52 963//52
f 945//491 965//491 964//491
f 963//492 966//492 946//492
f 964//493 963//493 943//493
f 985//494 983//495 969//495
f 983//496 984//496 970//496
f 984//497 986//497 595//497
f 968//498 990//498 989//498
f 593//499 989//499 987//499
f 893//500 987//500 988//500
f 897//501 991//501 992//501
f 992//502 994//502 973//502
f 973//503 994//503 993//504
f 997//505 998//505 977//505
f 998//506 996//703 982//506
f 982//507 996//507 995//507
f 1558//25 1595//25 1594//25
f 1569//26 1601//26 1604//26
f 1600//22 1599//22 1562//22
f 1591//26 1589//26 1560//26
f 1654//508 1669//508 1671//508
f 1267//509 1667//509 1665//510
f 1662//511 1664//511 1642//511
f 1271//512 1660//512 1659//512
f 1266//25 1268//25 1270//25
f 1270//25 1272//25 1948//25
f 1948//25 1964//25 1266//25
f 1976//513 1293//704 1284//514
f 1282//516 1294//705 1296//517
f 1976//26 1971//26 1289//26
f 1295//26 1291//26 1290//26
f 1289//26 1291//26 1295//26
f 1290//26 1292//26 1296//26
f 1283//519 1295//706 1294//520
f 1293//522 1295//707 1283//523
f 1313//167 1312//167 1375//167
f 1311//454 1310//454 1301//169
f 1372//171 1309//171 1308//171
f 1312//174 1311//174 1374//174
f 1310//301 1309//550 1372//175
f 1308//166 1307//166 1370//166
f 1309//297 1318//297 1317//297
f 1321//160 1320//160 1311//160
f 1319//527 1318//161 1309//527
f 1308//299 1317//299 1316//299
f 1322//163 1321//163 1312//163
f 1320//528 1319//528 1310//528
f 1330//153 1329//153 1320//153
f 1328//296 1327//296 1318//296
f 1326//156 1325//156 1316//156
f 1331//157 1330//708 1321//157
f 1329//295 1328//295 1319//295
f 1327//150 1326//150 1317//150
f 1335//149 1334//709 1325//149
f 1331//319 1340//140 1339//319
f 1329//141 1338//141 1337//141
f 1327//143 1336//143 1335//143
f 1339//146 1338//146 1329//146
f 1337//147 1336//147 1327//147
f 1349//203 1348//203 1339//203
f 1347//315 1346//315 1337//205
f 1345//206 1344//206 1335//206
f 1348//209 1347//209 1338//209
f 1346//210 1345//689 1336//314
f 1335//211 1344//211 1343//211
f 1357//307 1356//307 1347//307
f 1355//197 1354//197 1345//197
f 1353//451 1352//451 1343//451
f 1349//199 1358//634 1357//199
f 1345//311 1354//311 1353//311
f 1357//189 1366//189 1365//189
f 1364//191 1363//190 1354//192
f 1353//193 1362//193 1361//193
f 1367//194 1366//194 1357//194
f 1363//195 1362//195 1353//195
f 1376//302 1375//177 1366//302
f 1374//179 1301//710 1364//179
f 1372//180 1371//180 1362//180
f 1366//183 1375//183 1374//183
f 1364//185 1301//184 1372//184
f 1362//186 1371//186 1370//186
f 1412//239 1342//439 1350//239
f 1351//240 1359//240 1377//240
f 1360//241 1368//241 1408//241
f 1411//349 1350//234 1351//234
f 1377//237 1359//236 1360//236
f 1368//443 1369//443 1407//443
f 1332//224 1333//224 1368//224
f 1350//227 1314//227 1315//227
f 1324//229 1332//229 1360//229
f 1368//329 1333//475 1341//329
f 1305//19 1314//19 1350//19
f 1351//232 1315//232 1324//232
f 1314//220 1297//220 1298//220
f 1299//221 1300//221 1332//222
f 1302//538 1303//538 1341//538
f 1305//212 1378//212 1297//212
f 1315//214 1298//214 1299//214
f 1300//215 1302//215 1333//215
f 1380//293 1379//342 1303//293
f 1378//284 1385//284 1384//284
f 1298//339 1383//470 1382//339
f 1300//340 1381//340 1380//340
f 1384//290 1383//290 1298//290
f 1382//292 1381//471 1300//292
f 1392//277 1391//276 1384//277
f 1383//278 1390//279 1389//279
f 1388//280 1387//280 1380//280
f 1384//273 1391//273 1390//273
f 1389//428 1388//428 1381//274
f 1380//275 1387//275 1386//275
f 1398//542 1397//639 1390//542
f 1396//268 1395//268 1388//460
f 1387//364 1394//472 1393//364
f 1399//360 1398//48 1391//360
f 1390//270 1397//270 1396//270
f 1388//271 1395//362 1394//544
f 1405//260 1404//260 1397//260
f 1403//262 1402//261 1395//262
f 1394//264 1401//356 1400//264
f 1399//435 1406//435 1405//435
f 1397//255 1404//255 1403//255
f 1395//257 1402//257 1401//257
f 1406//436 1412//436 1411//436
f 1404//437 1410//437 1377//437
f 1402//248 1409//248 1408//248
f 1411//251 1410//251 1404//251
f 1377//438 1409//438 1402//438
f 1401//547 1408//353 1407//547
f 1427//163 1428//300 1469//163
f 1429//528 1430//528 1435//528
f 1467//297 1431//297 1432//297
f 1469//159 1428//160 1429//159
f 1435//527 1430//527 1431//527
f 1466//299 1432//299 1433//299
f 1424//150 1425//150 1432//150
f 1428//153 1421//711 1422//153
f 1430//154 1423//155 1424//155
f 1425//156 1426//156 1433//156
f 1427//157 1420//708 1421//157
f 1422//46 1423//46 1430//45
f 1421//423 1413//423 1414//423
f 1423//147 1415//147 1416//147
f 1417//149 1418//149 1426//149
f 1420//319 1436//319 1413//319
f 1414//141 1415//141 1423//141
f 1416//143 1417//143 1425//143
f 1417//211 1438//211 1437//211
f 1443//203 1442//203 1413//203
f 1441//315 1440//315 1415//316
f 1439//206 1438//206 1417//206
f 1442//209 1441//209 1414//209
f 1415//314 1440//313 1439//313
f 1450//199 1449//634 1442//199
f 1441//17 1448//17 1447//17
f 1446//311 1445//311 1438//311
f 1449//307 1448//307 1441//196
f 1447//197 1446//197 1439//197
f 1438//451 1445//451 1444//451
f 1456//189 1455//189 1448//189
f 1447//304 1454//191 1453//191
f 1445//193 1452//193 1451//193
f 1457//194 1456//194 1449//194
f 1455//16 1454//16 1447//452
f 1453//195 1452//195 1445//195
f 1463//183 1462//183 1455//303
f 1454//185 1461//185 1460//185
f 1452//186 1459//186 1458//186
f 1457//302 1464//302 1463//302
f 1462//179 1461//179 1454//179
f 1460//180 1459//180 1452//180
f 1464//167 1470//167 1469//167
f 1462//454 1468//169 1435//169
f 1460//171 1467//171 1466//171
f 1469//174 1468//174 1462//174
f 1435//175 1467//175 1460//301
f 1466//166 1465//166 1458//166
f 1478//239 1477//239 1497//239
f 1476//240 1475//240 1471//240
f 1474//241 1473//241 1494//241
f 1497//234 1477//234 1476//234
f 1471//236 1475//237 1474//237
f 1494//350 1473//350 1472//350
f 1481//224 1480//224 1473//224
f 1484//227 1483//227 1476//227
f 1475//345 1482//345 1481//345
f 1473//475 1480//475 1479//475
f 1483//449 1482//449 1475//449
f 1484//220 1491//220 1490//220
f 1489//221 1488//221 1481//221
f 1480//538 1487//538 1486//538
f 1492//320 1491//320 1484//320
f 1483//213 1490//214 1489//213
f 1488//215 1487//215 1480//215
f 2179//294 2178//294 1486//294
f 1492//338 2184//338 2183//338
f 1490//285 2182//285 2181//285
f 2180//287 2179//340 1487//287
f 1491//290 2183//290 2182//290
f 2181//556 2180//291 1488//556
f 1498//245 1497//436 2204//245
f 1496//246 1471//246 2202//246
f 2201//354 1495//354 1494//354
f 1497//352 1496//712 2203//352
f 2202//252 1471//252 1495//252
f 2200//547 1494//547 1493//547
f 1513//19 1514//19 1555//19
f 1515//330 1516//232 1521//330
f 1553//224 1517//224 1518//224
f 1514//227 1515//227 1554//227
f 1521//229 1516//229 1517//229
f 1552//475 1518//475 1519//475
f 1510//216 1511//216 1518//215
f 1514//559 1507//559 1508//559
f 1516//222 1509//221 1510//222
f 1518//538 1511//538 1512//538
f 1506//320 1507//320 1514//320
f 1508//214 1509//213 1516//214
f 1507//290 1499//290 1500//290
f 1509//291 1501//291 1502//291
f 1503//294 1504//294 1512//294
f 1506//338 1522//338 1499//338
f 1500//285 1501//285 1509//285
f 1502//286 1503//286 1511//286
f 1503//562 1524//562 1523//562
f 1529//276 1528//276 1499//276
f 1527//278 1526//278 1501//279
f 1525//280 1524//280 1503//280
f 1528//273 1527//273 1500//272
f 1501//428 1526//274 1525//274
f 1529//48 1536//48 1535//48
f 1527//270 1534//270 1533//270
f 1532//271 1531//271 1524//271
f 1528//267 1535//267 1534//267
f 1533//268 1532//268 1525//268
f 1531//472 1530//472 1523//472
f 1535//566 1542//566 1541//566
f 1540//566 1539//566 1532//566
f 1538//566 1537//566 1530//565
f 1536//565 1543//566 1542//566
f 1534//566 1541//566 1540//566
f 1539//566 1538//566 1531//566
f 1542//566 1549//566 1548//566
f 1540//566 1547//566 1546//566
f 1545//566 1544//569 1537//566
f 1543//566 1550//568 1549//566
f 1548//566 1547//566 1540//566
f 1546//566 1545//566 1538//566
f 1556//570 1555//566 1549//566
f 1554//566 1521//566 1547//566
f 1546//566 1553//566 1552//566
f 1555//566 1554//566 1548//566
f 1547//566 1521//566 1553//566
f 1545//566 1552//566 1551//571
f 1592//97 1591//97 1280//97
f 1589//24 1590//24 1559//24
f 1559//25 1590//25 1592//25
f 1598//95 1597//95 1276//95
f 1604//22 1603//22 1566//22
f 1593//26 1596//26 1557//26
f 1599//25 1598//25 1275//25
f 1596//367 1595//367 1558//367
f 1597//26 1600//26 1561//26
f 1603//25 1602//25 1570//25
f 1594//95 1593//95 1278//95
f 1602//95 1601//95 1569//95
f 1590//73 1589//73 1573//73
f 1591//73 1592//73 1576//73
f 1592//73 1590//73 1574//73
f 1589//73 1591//73 1575//73
f 1593//74 1594//74 1580//74
f 1594//74 1595//74 1581//74
f 1596//74 1593//74 1579//74
f 1595//74 1596//74 1582//74
f 1597//75 1598//75 1584//75
f 1584//75 1598//75 1599//75
f 1586//75 1600//75 1597//75
f 1599//75 1600//75 1586//75
f 1601//76 1602//76 1578//76
f 1602//76 1603//572 1587//572
f 1604//572 1601//76 1577//76
f 1603//572 1604//572 1588//572
f 1640//573 1639//573 1619//573
f 1636//574 1635//574 1615//574
f 1630//575 1629//575 1609//575
s 0
f 1587//10 1619//10 1618//10
f 1577//10 1617//10 1620//10
s 1
f 1623//576 1627//576 1625//576
f 1626//73 1625//73 1627//73
f 1628//577 1627//577 1623//577
f 1626//578 1628//578 1624//578
f 1625//579 1626//579 1622//579
f 1631//74 1632//74 1629//74
f 1632//580 1631//580 1611//580
f 1611//581 1631//581 1630//581
f 1629//582 1632//582 1612//582
f 1635//75 1636//75 1633//75
f 1635//583 1634//583 1614//583
f 1633//584 1636//584 1616//584
f 1634//585 1633//585 1613//585
f 1638//76 1639//76 1640//76
f 1619//586 1639//586 1638//586
f 1637//587 1640//588 1620//588
f 1638//589 1637//589 1617//589
f 1659//590 1657//591 1643//591
f 1657//592 1658//592 1644//592
f 1658//593 1660//593 1271//593
f 1664//594 1663//594 1269//594
f 1269//595 1663//595 1661//595
f 1661//596 1662//596 1641//596
f 1571//597 1665//597 1666//598
f 1666//599 1668//599 1647//599
f 1647//600 1668//600 1667//601
f 1671//602 1672//602 1651//602
f 1672//603 1670//713 1656//603
f 1656//604 1670//604 1669//604
f 2272//25 1953//25 2308//25
f 2283//26 2279//26 2318//26
f 2276//605 2313//605 2314//50
f 1956//26 2274//26 2303//26
f 2363//606 2385//606 2383//607
f 1941//608 2285//608 2379//608
f 2356//609 2378//609 2376//610
f 1945//611 2277//611 2373//611
f 1944//25 1942//25 1940//25
f 1940//25 1964//25 1948//25
f 1948//25 1946//25 1944//25
f 1962//612 1975//714 1976//613
f 1960//615 1969//715 1979//616
f 1976//26 1975//26 1970//26
f 1978//26 1977//26 1972//26
f 1978//26 1973//26 1970//26
f 1979//26 1974//26 1972//26
f 1961//618 1960//716 1977//619
f 1961//621 1978//717 1975//622
f 2059//177 2058//177 1995//177
f 2057//179 1984//179 1993//179
f 2054//180 1991//624 1992//624
f 2058//183 2057//183 1994//625
f 2055//184 1992//185 1993//185
f 2054//186 2053//186 1990//186
f 1992//195 1991//718 2000//195
f 1994//189 2003//189 2004//189
f 1992//191 2001//304 2002//304
f 1991//193 1990//193 1999//193
f 1996//194 1995//194 2004//194
f 1993//16 2002//71 2003//71
f 2003//307 2012//307 2013//307
f 2001//197 2010//197 2011//197
f 1999//451 2008//451 2009//451
f 2005//199 2004//199 2013//199
f 2002//17 2011//17 2012//17
f 2001//311 2000//311 2009//311
f 2008//211 2017//211 2018//211
f 2013//203 2022//203 2023//203
f 2011//317 2020//316 2021//316
f 2009//206 2018//206 2019//206
f 2013//209 2012//209 2021//209
f 2010//314 2019//210 2020//210
f 2023//140 2022//140 2031//140
f 2020//142 2029//142 2030//142
f 2018//143 2027//627 2028//627
f 2022//146 2021//146 2030//628
f 2019//147 2028//148 2029//148
f 2018//149 2017//149 2026//149
f 2031//153 2030//719 2039//153
f 2029//629 2028//629 2037//154
f 2026//156 2035//156 2036//156
f 2032//157 2031//157 2040//157
f 2028//150 2027//720 2036//150
f 2039//160 2048//160 2049//160
f 2038//161 2037//161 2046//161
f 2036//299 2035//299 2044//299
f 2040//163 2049//163 2050//163
f 2036//297 2045//297 2046//297
f 2049//167 2058//167 2059//167
f 2047//168 1984//168 2057//168
f 2045//171 2054//171 2055//171
f 2049//174 2048//174 2057//174
f 2047//176 2046//176 2055//176
f 2044//166 2053//721 2054//166
f 2095//435 2094//435 2033//435
f 2060//255 2042//255 2034//255
f 2091//257 2051//357 2043//257
f 2094//260 2093//260 2034//260
f 2060//261 2092//261 2043//262
f 2090//356 2052//356 2051//356
f 2043//544 2051//693 2016//271
f 2034//542 1998//267 1997//267
f 2043//432 2015//433 2007//433
f 2052//364 2024//472 2016//364
f 2033//360 1997//360 1988//360
f 2034//361 2042//361 2007//361
f 1997//273 1998//273 1981//273
f 2015//428 1983//428 1982//428
f 2024//562 1986//562 1985//562
f 1988//276 1997//276 1980//276
f 1998//279 2007//279 1982//279
f 2016//280 1985//280 1983//280
f 1985//343 1986//294 2062//343
f 1980//338 2067//338 2068//338
f 1981//554 1982//554 2065//554
f 1983//340 1985//340 2063//340
f 1980//290 1981//290 2066//290
f 1983//556 2064//471 2065//556
f 2067//320 2074//212 2075//320
f 2066//214 2065//213 2072//214
f 2063//215 2070//215 2071//215
f 2067//220 2066//220 2073//220
f 2064//221 2071//222 2072//222
f 2063//538 2062//538 2069//538
f 2074//326 2073//326 2080//326
f 2071//446 2078//345 2079//446
f 2069//475 2076//475 2077//475
f 2074//19 2081//19 2082//19
f 2073//448 2072//448 2079//448
f 2070//324 2077//224 2078//324
f 2081//234 2080//234 2087//234
f 2078//237 2085//236 2086//237
f 2077//350 2076//350 2083//350
f 2081//239 2088//239 2089//239
f 2079//240 2086//240 2087//240
f 2077//241 2084//241 2085//241
f 2088//436 2094//245 2095//436
f 2086//335 2060//335 2093//335
f 2084//465 2091//248 2092//465
f 2088//352 2087//712 2093//352
f 2086//337 2085//337 2092//337
f 2084//244 2083//353 2090//244
f 2152//194 2111//194 2110//194
f 2118//16 2113//71 2112//71
f 2149//195 2115//195 2114//195
f 2152//189 2151//189 2112//189
f 2118//191 2150//191 2114//192
f 2148//193 2116//193 2115//193
f 2115//311 2108//200 2107//311
f 2111//196 2112//196 2105//196
f 2113//197 2114//197 2107//197
f 2116//451 2109//451 2108//451
f 2111//634 2104//634 2103//634
f 2113//17 2106//17 2105//17
f 2104//209 2105//722 2097//209
f 2107//210 2099//313 2098//313
f 2108//211 2109//211 2101//211
f 2104//203 2096//203 2119//203
f 2106//316 2098//317 2097//317
f 2107//206 2108//206 2100//206
f 2100//149 2101//149 2120//149
f 2096//319 2125//319 2126//319
f 2097//142 2098//142 2123//142
f 2099//143 2100//143 2121//143
f 2097//423 2124//423 2125//423
f 2099//148 2122//148 2123//148
f 2125//157 2132//157 2133//157
f 2124//295 2123//46 2130//45
f 2121//150 2128//150 2129//150
f 2125//153 2124//153 2131//153
f 2122//296 2129//154 2130//154
f 2121//156 2120//156 2127//156
f 2132//160 2131//159 2138//160
f 2130//527 2129//527 2136//527
f 2128//635 2127//299 2134//635
f 2132//163 2139//163 2140//163
f 2130//528 2137//528 2138//528
f 2128//297 2135//636 2136//636
f 2138//174 2145//174 2146//174
f 2137//301 2136//550 2143//175
f 2134//166 2141//166 2142//166
f 2139//167 2146//167 2147//167
f 2137//454 2144//169 2145//169
f 2136//171 2135//723 2142//171
f 2147//302 2146//302 2152//302
f 2145//178 2144//178 2118//178
f 2143//180 2142//180 2149//180
f 2145//183 2151//303 2152//183
f 2143//184 2150//184 2118//184
f 2141//186 2148//186 2149//186
f 2211//253 2210//435 2161//253
f 2154//255 2159//255 2160//255
f 2208//257 2207//257 2157//257
f 2209//260 2160//260 2161//260
f 2154//261 2208//261 2158//262
f 2206//356 2156//356 2157//356
f 2157//362 2164//362 2165//362
f 2161//639 2160//639 2167//639
f 2158//432 2165//433 2166//432
f 2156//472 2163//472 2164//472
f 2160//361 2159//361 2166//361
f 2168//640 2167//640 2175//640
f 2165//274 2173//428 2174//428
f 2163//562 2171//562 2172//562
f 2169//276 2168//276 2176//276
f 2167//279 2166//279 2174//279
f 2164//641 2172//280 2173//641
f 2171//294 2178//294 2179//294
f 2177//338 2176//284 2183//338
f 2175//285 2174//285 2181//285
f 2172//286 2179//286 2180//286
f 2176//643 2175//555 2182//643
f 2173//291 2180//291 2181//291
f 2184//469 2183//468 2190//468
f 2182//468 2181//468 2188//468
f 2179//468 2186//468 2187//468
f 2183//468 2182//468 2189//468
f 2180//468 2187//468 2188//468
f 2178//467 2185//467 2186//468
f 2190//468 2189//468 2196//468
f 2187//468 2194//468 2195//468
f 2186//468 2185//467 2192//468
f 2190//468 2197//468 2198//468
f 2189//468 2188//468 2195//468
f 2186//468 2193//468 2194//468
f 2196//468 2203//468 2204//468
f 2195//468 2194//468 2201//468
f 2193//468 2192//468 2199//468
f 2197//468 2204//468 2205//468
f 2195//468 2202//468 2203//468
f 2194//468 2193//468 2200//468
f 2204//436 2210//436 2211//436
f 2202//335 2154//335 2209//335
f 2201//248 2200//465 2207//465
f 2203//251 2209//251 2210//251
f 2202//438 2201//438 2208//438
f 2200//547 2199//353 2206//353
f 2268//360 2227//360 2226//360
f 2234//461 2229//461 2228//461
f 2266//271 2265//724 2231//644
f 2267//267 2228//267 2227//267
f 2234//460 2266//433 2230//460
f 2265//364 2264//472 2232//364
f 2231//280 2224//641 2223//280
f 2227//273 2228//273 2221//273
f 2229//274 2230//274 2223//428
f 2231//562 2232//562 2225//562
f 2227//276 2220//277 2219//276
f 2229//278 2222//279 2221//279
f 2220//290 2221//290 2213//643
f 2223//556 2215//471 2214//556
f 2224//294 2225//294 2217//294
f 2220//338 2212//338 2235//338
f 2221//554 2222//554 2214//554
f 2224//287 2216//287 2215//287
f 2217//538 2236//538 2237//538
f 2212//320 2241//320 2242//320
f 2214//213 2239//214 2240//214
f 2216//645 2237//215 2238//645
f 2213//220 2240//220 2241//220
f 2214//221 2215//221 2238//222
f 2242//19 2241//231 2248//231
f 2240//232 2239//448 2246//448
f 2237//725 2244//725 2245//725
f 2241//227 2240//227 2247//227
f 2238//229 2245//229 2246//229
f 2236//475 2243//475 2244//475
f 2248//566 2247//566 2254//566
f 2245//566 2252//566 2253//566
f 2243//565 2250//566 2251//566
f 2249//565 2248//566 2255//566
f 2247//566 2246//566 2253//566
f 2244//566 2251//566 2252//566
f 2255//566 2254//566 2261//566
f 2252//566 2259//566 2260//566
f 2250//566 2257//647 2258//566
f 2256//566 2255//566 2262//566
f 2253//566 2260//566 2261//566
f 2251//566 2258//566 2259//566
f 2262//566 2268//566 2269//571
f 2260//566 2234//566 2267//566
f 2259//566 2258//566 2265//566
f 2261//566 2267//566 2268//566
f 2260//566 2259//566 2266//566
f 2258//566 2257//647 2264//570
f 1956//76 2305//76 2306//76
f 2273//52 2304//52 2303//52
f 1955//25 2306//25 2304//25
f 1952//74 2311//74 2312//74
f 2280//50 2317//50 2318//50
f 2271//26 2310//26 2307//26
f 1951//25 2312//25 2313//25
f 2272//50 2309//50 2310//50
f 1952//26 2275//26 2314//26
f 2284//25 2316//25 2317//25
f 1954//74 2307//74 2308//74
f 2283//74 2315//74 2316//74
f 2287//648 2303//649 2304//648
f 2290//94 2306//94 2305//94
f 2290//94 2288//648 2304//648
f 2289//94 2305//94 2303//649
f 2294//95 2308//95 2307//95
f 2295//476 2309//476 2308//95
f 2293//95 2307//95 2310//476
f 2296//476 2310//476 2309//476
f 2298//96 2312//96 2311//96
f 2299//96 2313//96 2312//96
f 2300//96 2297//96 2311//96
f 2300//96 2314//96 2313//96
f 2291//97 2292//97 2316//97
f 2301//97 2317//97 2316//97
f 2291//97 2315//97 2318//97
f 2302//97 2318//97 2317//97
f 2333//650 2353//650 2354//650
f 2329//651 2349//651 2350//651
f 2323//652 2343//652 2344//652
s 0
f 2301//10 2292//10 2332//10
f 2291//10 2302//10 2334//10
s 1
f 2337//653 2335//654 2339//654
f 2341//94 2339//94 2340//94
f 2337//655 2341//655 2342//655
f 2338//726 2342//726 2340//726
f 2336//657 2340//657 2339//657
f 2343//95 2346//95 2345//95
f 2325//658 2345//658 2346//658
f 2325//659 2324//659 2344//659
f 2323//660 2326//660 2346//660
f 2347//96 2350//96 2349//96
f 2329//661 2328//661 2348//661
f 2330//662 2350//662 2347//662
f 2327//663 2347//663 2348//663
f 2352//97 2351//97 2354//97
f 2333//664 2332//664 2352//664
f 2334//665 2354//665 2351//665
f 2331//666 2351//666 2352//666
f 2357//667 2371//667 2373//667
f 2358//668 2372//668 2371//668
f 1945//669 2374//669 2372//669
f 1943//670 2377//670 2378//671
f 1943//672 2281//672 2375//672
f 2355//673 2376//673 2375//674
f 2285//675 2359//675 2380//675
f 2361//676 2382//676 2380//676
f 2361//677 1941//677 2381//677
f 2365//678 2386//678 2385//678
f 2370//679 2384//679 2386//679
f 2370//680 2368//680 2383//680
usemtl Light
f 2270//26 13//26 15//26
f 358//27 355//27 356//27
f 362//29 359//29 360//29
f 365//31 364//31 366//31
f 370//32 367//32 369//32
f 1039//140 377//140 1040//140
f 2403//530 1040//530 377//530
f 1038//146 376//146 1039//146
f 376//157 1686//157 377//157
f 2403//529 377//529 1686//529
f 375//153 1685//153 376//153
f 2403//526 1686//526 384//526
f 1684//160 383//160 1685//160
f 1685//300 384//300 1686//300
f 383//174 1018//174 1019//174
f 384//167 1019//167 1020//167
f 2403//525 384//525 1020//525
f 1019//177 391//177 1020//177
f 2403//534 1020//534 391//534
f 1018//183 390//183 1019//183
f 2403//533 391//533 1707//533
f 389//189 1706//189 390//189
f 391//194 1706//194 1707//194
f 2403//202 1707//202 398//202
f 1706//307 396//307 397//307
f 1706//634 398//634 1707//634
f 397//203 1040//203 398//203
f 2403//532 398//532 1040//532
f 396//209 1039//209 397//209
f 609//26 607//26 2270//26
f 983//55 986//55 984//55
f 988//56 989//56 990//56
f 992//57 993//57 994//57
f 997//60 996//60 998//60
f 1006//203 1039//203 1040//203
f 2403//532 1006//532 1040//532
f 1005//209 1038//209 1039//209
f 2402//634 1005//634 1006//634
f 2403//202 2402//202 1006//202
f 2401//307 1004//307 1005//307
f 2403//533 1013//533 2402//533
f 1012//189 2400//189 2401//189
f 1013//194 2401//194 2402//194
f 1019//183 1011//183 1012//183
f 1020//177 1012//177 1013//177
f 2403//534 1020//534 1013//534
f 1020//167 1026//167 1019//167
f 2403//525 1027//525 1020//525
f 1026//174 1018//174 1019//174
f 2403//526 2431//526 1027//526
f 2430//160 1025//160 1026//160
f 2431//300 1026//300 1027//300
f 2403//529 1034//529 2431//529
f 1033//153 2429//153 2430//153
f 1034//157 2430//157 2431//157
f 1040//140 1033//140 1034//140
f 2403//530 1040//530 1034//530
f 1039//146 1032//146 1033//146
f 1284//26 1282//26 2270//26
f 1657//79 1660//79 1658//79
f 1664//80 1661//80 1663//80
f 1668//81 1665//81 1667//81
f 1671//83 1670//83 1672//83
f 1679//167 2443//167 2444//167
f 2403//525 1679//525 2444//525
f 1678//174 2442//174 2443//174
f 1686//300 1678//300 1679//300
f 2403//526 1686//526 1679//526
f 1678//160 1684//160 1677//160
f 2403//529 1693//529 1686//529
f 1692//153 1684//153 1685//153
f 1686//157 1692//157 1685//157
f 2416//146 1691//146 1692//146
f 2417//140 1692//140 1693//140
f 2403//530 2417//530 1693//530
f 1700//203 2416//203 2417//203
f 2403//532 1700//532 2417//532
f 2416//209 1698//209 2415//209
f 2403//202 1707//202 1700//202
f 1699//307 1705//307 1698//307
f 1707//634 1699//634 1700//634
f 2403//533 1714//533 1707//533
f 1706//189 1712//189 1705//189
f 1714//194 1706//194 1707//194
f 2444//177 1713//177 1714//177
f 2403//534 2444//534 1714//534
f 2443//183 1712//183 1713//183
f 2270//26 1960//26 1962//26
f 2372//98 2373//98 2371//98
f 2377//100 2376//100 2378//100
f 2381//102 2380//102 2382//102
f 2384//103 2385//103 2386//103
f 2443//177 2395//177 2444//177
f 2403//534 2444//534 2395//534
f 2442//183 2394//183 2443//183
f 2394//194 2402//194 2395//194
f 2403//533 2395//533 2402//533
f 2393//189 2401//189 2394//189
f 2403//202 2402//202 2410//202
f 2400//307 2409//307 2401//307
f 2402//634 2409//634 2410//634
f 2409//209 2415//209 2416//209
f 2410//203 2416//203 2417//203
f 2403//532 2410//532 2417//532
f 2417//140 2423//140 2424//140
f 2403//530 2417//530 2424//530
f 2415//146 2423//146 2416//146
f 2403//529 2424//529 2431//529
f 2423//153 2429//153 2430//153
f 2423//157 2431//157 2424//157
f 2403//526 2431//526 2438//526
f 2429//160 2437//160 2430//160
f 2430//300 2438//300 2431//300
f 2437//167 2444//167 2438//167
f 2403//525 2438//525 2444//525
f 2436//174 2443//174 2437//174
f 15//26 614//26 2270//26
f 2270//26 1288//26 13//26
f 13//26 14//26 15//26
f 358//27 357//27 355//27
f 362//29 361//29 359//29
f 365//31 363//31 364//31
f 370//32 368//32 367//32
f 1039//140 376//140 377//140
f 1038//146 375//146 376//146
f 376//157 1685//157 1686//157
f 375//153 1684//153 1685//153
f 1684//160 382//160 383//160
f 1685//300 383//300 384//300
f 383//174 382//174 1018//174
f 384//167 383//167 1019//167
f 1019//177 390//177 391//177
f 1018//183 389//183 390//183
f 389//189 1705//189 1706//189
f 391//194 390//194 1706//194
f 1706//307 1705//307 396//307
f 1706//634 397//634 398//634
f 397//203 1039//203 1040//203
f 396//209 1038//209 1039//209
f 2270//26 614//26 609//26
f 609//26 608//26 607//26
f 607//26 1969//26 2270//26
f 983//55 985//55 986//55
f 988//56 987//56 989//56
f 992//57 991//57 993//57
f 997//60 995//60 996//60
f 1006//203 1005//203 1039//203
f 1005//209 1004//209 1038//209
f 2402//634 2401//634 1005//634
f 2401//307 2400//307 1004//307
f 1012//189 1011//189 2400//189
f 1013//194 1012//194 2401//194
f 1019//183 1018//183 1011//183
f 1020//177 1019//177 1012//177
f 1020//167 1027//167 1026//167
f 1026//174 1025//174 1018//174
f 2430//160 2429//160 1025//160
f 2431//300 2430//300 1026//300
f 1033//153 1032//153 2429//153
f 1034//157 1033//157 2430//157
f 1040//140 1039//140 1033//140
f 1039//146 1038//146 1032//146
f 2270//26 1968//26 1284//26
f 1284//26 1283//26 1282//26
f 1282//26 1288//26 2270//26
f 1657//79 1659//79 1660//79
f 1664//80 1662//80 1661//80
f 1668//81 1666//81 1665//81
f 1671//83 1669//83 1670//83
f 1679//167 1678//167 2443//167
f 1678//174 1677//174 2442//174
f 1686//300 1685//300 1678//300
f 1678//160 1685//160 1684//160
f 1692//153 1691//153 1684//153
f 1686//157 1693//157 1692//157
f 2416//146 2415//146 1691//146
f 2417//140 2416//140 1692//140
f 1700//203 1699//203 2416//203
f 2416//209 1699//209 1698//209
f 1699//307 1706//307 1705//307
f 1707//634 1706//634 1699//634
f 1706//189 1713//189 1712//189
f 1714//194 1713//194 1706//194
f 2444//177 2443//177 1713//177
f 2443//183 2442//183 1712//183
f 1962//26 1968//26 2270//26
f 2270//26 1969//26 1960//26
f 1960//26 1961//26 1962//26
f 2372//98 2374//98 2373//98
f 2377//100 2375//100 2376//100
f 2381//102 2379//102 2380//102
f 2384//103 2383//103 2385//103
f 2443//177 2394//177 2395//177
f 2442//183 2393//183 2394//183
f 2394//194 2401//194 2402//194
f 2393//189 2400//189 2401//189
f 2400//307 2408//307 2409//307
f 2402//634 2401//634 2409//634
f 2409//209 2408//209 2415//209
f 2410//203 2409//203 2416//203
f 2417//140 2416//140 2423//140
f 2415//146 2422//146 2423//146
f 2423//153 2422//153 2429//153
f 2423//157 2430//157 2431//157
f 2429//160 2436//160 2437//160
f 2430//300 2437//300 2438//300
f 2437//167 2443//167 2444//167
f 2436//174 2442//174 2443//174
usemtl White
f 1066//727 399//727 400//727
f 1069//728 402//728 403//728
f 1071//729 404//729 405//729
f 399//730 414//730 407//730
f 401//731 408//731 409//731
f 403//732 410//732 411//732
f 405//733 412//733 413//733
f 1065//734 406//734 399//734
f 1067//735 400//735 401//735
f 1070//736 403//736 404//736
f 1072//737 405//737 406//737
f 408//738 399//738 407//738
f 402//739 409//739 410//739
f 404//740 411//740 412//740
f 414//741 405//741 413//741
f 402//742 1067//742 401//742
f 407//743 422//743 415//743
f 409//744 416//744 417//744
f 410//745 417//745 418//745
f 419//746 410//746 418//746
f 412//747 419//748 420//748
f 421//749 412//750 420//749
f 422//751 413//751 421//751
f 416//752 407//752 415//752
f 415//753 430//753 423//753
f 425//754 416//754 424//754
f 418//755 425//755 426//755
f 419//756 426//756 427//756
f 420//757 427//757 428//757
f 421//758 428//758 429//758
f 422//759 429//759 430//759
f 416//760 423//760 424//760
f 424//761 431//761 432//761
f 427//762 434//762 435//762
f 429//763 436//763 437//763
f 431//764 446//764 439//764
f 433//765 440//765 441//765
f 443//766 434//766 442//766
f 437//767 444//767 445//767
f 423//768 438//768 431//768
f 425//769 432//769 433//769
f 428//770 435//770 436//770
f 430//771 437//771 438//771
f 440//772 431//772 439//772
f 434//773 441//773 442//773
f 436//774 443//774 444//774
f 446//775 437//775 445//775
f 426//776 433//776 434//776
f 439//777 454//777 447//777
f 441//778 448//778 449//778
f 442//779 449//779 450//779
f 443//780 450//780 451//780
f 444//781 451//781 452//781
f 445//782 452//782 453//782
f 454//783 445//783 453//783
f 448//784 439//784 447//784
f 447//785 462//785 455//785
f 449//786 456//786 457//786
f 450//787 457//787 458//787
f 459//788 450//788 458//788
f 460//789 451//789 459//789
f 453//790 460//790 461//790
f 454//791 461//791 462//791
f 448//792 455//792 456//792
f 464//735 455//735 463//735
f 459//737 466//737 467//737
f 461//736 468//736 469//736
f 471//739 470//739 478//739
f 465//738 472//738 473//738
f 467//741 474//741 475//741
f 469//793 476//793 477//793
f 463//742 462//742 470//742
f 457//727 464//727 465//727
f 468//729 459//729 467//729
f 462//728 469//728 470//728
f 464//731 471//731 472//731
f 466//730 473//730 474//730
f 476//794 467//794 475//794
f 478//732 469//732 477//732
f 458//734 465//734 466//734
f 471//745 486//745 479//745
f 473//752 480//752 481//752
f 474//743 481//743 482//743
f 475//751 482//751 483//751
f 484//749 475//749 483//749
f 477//748 484//748 485//748
f 486//746 477//746 485//746
f 472//744 479//744 480//744
f 479//755 494//755 487//755
f 481//760 488//760 489//760
f 490//753 481//753 489//753
f 483//759 490//759 491//759
f 492//758 483//758 491//758
f 485//757 492//757 493//757
f 486//756 493//756 494//756
f 488//754 479//754 487//754
f 1042//769 487//769 1041//769
f 491//771 1044//771 1045//771
f 493//770 1046//770 1047//770
f 1049//773 1048//773 1056//773
f 1051//772 1042//772 1050//772
f 1045//775 1052//775 1053//775
f 1047//774 1054//795 1055//795
f 1041//776 494//776 1048//776
f 489//761 1042//761 1043//761
f 1046//763 491//763 1045//763
f 494//762 1047//762 1048//762
f 1042//765 1049//765 1050//765
f 1052//764 1043//764 1051//764
f 1046//767 1053//796 1054//796
f 1048//766 1055//766 1056//766
f 1044//768 489//768 1043//768
f 1049//779 1064//779 1057//779
f 1059//784 1050//784 1058//784
f 1052//777 1059//777 1060//777
f 1053//783 1060//783 1061//783
f 1062//797 1053//797 1061//797
f 1055//798 1062//798 1063//798
f 1056//780 1063//780 1064//780
f 1050//778 1057//778 1058//778
f 1057//787 1072//787 1065//787
f 1067//792 1058//792 1066//792
f 1060//785 1067//785 1068//785
f 1061//791 1068//791 1069//791
f 1062//790 1069//790 1070//790
f 1063//789 1070//789 1071//789
f 1064//788 1071//788 1072//788
f 1066//786 1057//786 1065//786
f 495//791 1828//791 1827//791
f 496//790 1829//790 1828//790
f 1829//789 498//789 1830//789
f 498//788 1831//788 1830//788
f 499//787 1832//787 1831//787
f 500//786 1833//786 1832//786
f 501//792 1834//792 1833//792
f 502//785 1827//785 1834//785
f 503//783 496//783 495//783
f 504//797 497//797 496//797
f 505//798 498//798 497//798
f 506//780 499//780 498//780
f 499//779 508//779 500//779
f 508//778 501//778 500//778
f 509//784 502//799 501//799
f 510//777 495//777 502//777
f 503//775 512//775 504//775
f 504//796 513//796 505//796
f 513//795 506//795 505//795
f 514//766 507//766 506//766
f 507//773 516//773 508//773
f 508//765 517//765 509//765
f 517//772 510//772 509//772
f 518//764 503//764 510//764
f 511//771 1178//771 512//771
f 1178//763 513//763 512//763
f 1179//770 514//770 513//770
f 1180//762 515//762 514//762
f 1181//776 516//776 515//776
f 1182//769 517//769 516//769
f 1183//761 518//761 517//761
f 1184//768 511//768 518//768
f 1177//759 520//759 1178//759
f 520//758 1179//758 1178//758
f 521//757 1180//757 1179//757
f 522//756 1181//756 1180//756
f 523//755 1182//755 1181//755
f 1182//754 525//754 1183//754
f 1183//760 526//760 1184//760
f 526//753 1177//753 1184//753
f 519//751 528//751 520//751
f 528//750 521//750 520//750
f 529//747 522//747 521//747
f 530//746 523//746 522//746
f 531//745 524//745 523//745
f 532//744 525//744 524//744
f 533//752 526//752 525//800
f 534//743 519//743 526//743
f 535//741 528//741 527//741
f 536//794 529//733 528//733
f 537//740 530//740 529//740
f 538//732 531//732 530//732
f 531//739 540//739 532//739
f 540//731 533//731 532//731
f 533//738 542//801 534//738
f 542//730 527//730 534//730
f 535//737 1884//737 536//737
f 1884//729 537//729 536//729
f 1885//736 538//736 537//736
f 1886//728 539//728 538//728
f 539//742 1888//742 540//742
f 1888//735 541//735 540//735
f 541//727 1890//727 542//727
f 1890//734 535//734 542//734
f 543//788 1884//788 1883//788
f 544//789 1885//789 1884//789
f 545//790 1886//790 1885//790
f 546//791 1887//791 1886//791
f 547//785 1888//785 1887//785
f 548//792 1889//792 1888//792
f 549//786 1890//786 1889//786
f 550//787 1883//787 1890//787
f 551//780 544//780 543//780
f 552//798 545//798 544//798
f 553//797 546//797 545//797
f 546//783 555//783 547//783
f 555//777 548//777 547//777
f 548//784 557//784 549//784
f 549//778 558//778 550//778
f 550//779 551//779 543//779
f 559//766 552//766 551//766
f 552//795 561//795 553//795
f 561//796 554//796 553//796
f 554//775 563//775 555//775
f 563//764 556//764 555//764
f 556//772 565//772 557//772
f 565//765 558//765 557//765
f 558//773 559//773 551//773
f 1233//762 560//762 559//762
f 1234//770 561//770 560//770
f 1235//763 562//763 561//763
f 562//771 1237//771 563//771
f 563//768 1238//768 564//768
f 1238//761 565//761 564//761
f 565//769 1240//769 566//769
f 1240//776 559//776 566//776
f 567//756 1234//756 1233//756
f 568//757 1235//757 1234//757
f 569//758 1236//758 1235//758
f 1236//759 571//759 1237//759
f 571//753 1238//753 1237//753
f 572//760 1239//760 1238//760
f 573//754 1240//754 1239//754
f 574//755 1233//755 1240//755
f 575//746 568//746 567//746
f 568//748 577//748 569//748
f 577//750 570//750 569//750
f 570//751 579//751 571//751
f 579//743 572//743 571//743
f 580//752 573//752 572//752
f 581//744 574//802 573//802
f 574//745 575//745 567//745
f 583//732 576//732 575//732
f 584//793 577//793 576//793
f 577//733 586//733 578//733
f 586//741 579//741 578//741
f 587//730 580//730 579//730
f 580//801 589//738 581//801
f 589//803 582//731 581//731
f 590//739 575//739 582//739
f 1827//728 584//728 583//728
f 1828//736 585//736 584//736
f 1829//729 586//729 585//729
f 1830//737 587//737 586//737
f 587//734 1832//734 588//734
f 588//727 1833//727 589//727
f 1833//735 590//735 589//735
f 1834//742 583//742 590//742
f 1073//792 1740//792 1074//792
f 1076//788 1743//788 1077//788
f 1078//790 1745//790 1079//790
f 1081//777 1080//777 1073//777
f 1083//778 1074//778 1075//778
f 1084//780 1077//780 1085//780
f 1087//782 1078//782 1079//782
f 1080//785 1739//785 1073//785
f 1075//786 1740//786 1741//786
f 1077//789 1744//789 1078//789
f 1079//791 1746//791 1080//791
f 1081//784 1074//784 1082//784
f 1083//779 1076//779 1084//779
f 1086//781 1077//781 1078//781
f 1087//783 1080//783 1088//783
f 1075//787 1742//787 1076//787
f 1096//764 1081//764 1089//764
f 1090//765 1083//765 1091//765
f 1091//773 1084//773 1092//773
f 1093//766 1084//766 1085//766
f 1094//774 1085//774 1086//774
f 1095//767 1086//767 1087//767
f 1095//775 1088//775 1096//775
f 1089//772 1082//772 1090//772
f 430//768 1089//768 423//768
f 424//769 1091//769 425//769
f 425//776 1092//776 426//776
f 427//762 1092//762 1093//762
f 428//770 1093//770 1094//770
f 429//763 1094//763 1095//763
f 429//771 1096//771 430//771
f 423//761 1090//761 424//761
f 1097//753 430//753 423//753
f 1098//754 425//754 1099//754
f 1099//755 426//755 1100//755
f 1100//756 427//756 1101//756
f 1102//757 427//757 428//757
f 1102//758 429//758 1103//758
f 1103//759 430//759 1104//759
f 1098//760 423//760 424//760
f 1105//743 1104//743 1097//743
f 1106//744 1099//744 1107//744
f 1107//745 1100//745 1108//745
f 1109//746 1100//746 1101//746
f 1109//747 1102//748 1110//747
f 1110//750 1103//749 1111//750
f 1111//751 1104//751 1112//751
f 1105//752 1098//752 1106//752
f 1120//730 1105//730 1113//730
f 1114//731 1107//731 1115//731
f 1115//739 1108//739 1116//739
f 1117//732 1108//732 1109//732
f 1118//740 1109//740 1110//740
f 1118//733 1111//733 1119//733
f 1119//741 1112//741 1120//741
f 1114//738 1105//738 1106//738
f 1128//734 1113//734 1121//734
f 1123//735 1114//735 1115//735
f 1123//742 1116//742 1124//742
f 1124//728 1117//728 1125//728
f 1125//736 1118//736 1126//736
f 1126//729 1119//729 1127//729
f 1128//737 1119//737 1120//737
f 1121//727 1114//727 1122//727
f 1130//786 1121//786 1122//786
f 1132//791 1125//791 1133//791
f 1134//789 1127//789 1135//789
f 1144//779 1129//779 1137//779
f 1138//784 1131//784 1139//784
f 1140//783 1133//783 1141//783
f 1143//798 1134//798 1135//798
f 1136//787 1121//787 1129//787
f 1130//792 1123//792 1131//792
f 1133//790 1126//790 1134//790
f 1135//788 1128//788 1136//788
f 1137//778 1130//778 1138//778
f 1140//777 1131//777 1132//777
f 1142//797 1133//797 1134//797
f 1143//780 1136//780 1144//780
f 1132//785 1123//785 1124//785
f 1152//773 1137//773 1145//773
f 1146//772 1139//772 1147//772
f 1148//764 1139//764 1140//764
f 1148//775 1141//775 1149//775
f 1149//767 1142//796 1150//767
f 1150//795 1143//795 1151//795
f 1152//766 1143//766 1144//766
f 1145//765 1138//765 1146//765
f 494//776 1145//776 487//776
f 488//761 1147//761 489//761
f 490//768 1147//768 1148//768
f 490//771 1149//771 491//771
f 492//763 1149//763 1150//763
f 492//770 1151//770 493//770
f 494//762 1151//762 1152//762
f 487//769 1146//769 488//769
f 1722//755 487//755 1715//755
f 1717//760 488//760 489//760
f 1717//753 490//753 1718//753
f 1718//759 491//759 1719//759
f 1720//758 491//758 492//758
f 1720//757 493//757 1721//757
f 1722//756 493//756 494//756
f 1715//754 488//754 1716//754
f 1723//745 1722//745 1715//745
f 1724//752 1717//752 1725//752
f 1726//743 1717//743 1718//743
f 1726//751 1719//751 1727//751
f 1728//749 1719//749 1720//749
f 1728//748 1721//748 1729//748
f 1729//746 1722//746 1730//746
f 1724//744 1715//744 1716//744
f 1738//739 1723//739 1731//739
f 1732//738 1725//738 1733//738
f 1734//730 1725//730 1726//730
f 1734//741 1727//741 1735//741
f 1736//794 1727//794 1728//794
f 1736//793 1729//793 1737//793
f 1737//732 1730//732 1738//732
f 1732//731 1723//731 1724//731
f 1746//742 1731//742 1739//742
f 1740//727 1733//727 1741//727
f 1742//734 1733//734 1734//734
f 1742//737 1735//737 1743//737
f 1744//729 1735//729 1736//729
f 1744//736 1737//736 1745//736
f 1745//728 1738//728 1746//728
f 1739//735 1732//735 1740//735
f 2574//737 1153//737 2573//737
f 2575//729 1154//729 2574//729
f 2576//736 1155//736 2575//736
f 2577//728 1156//728 2576//728
f 2578//742 1157//742 2577//742
f 2578//735 1159//735 1158//735
f 2580//727 1159//727 2579//727
f 2573//734 1160//734 2580//734
f 1154//741 1161//741 1153//741
f 1154//794 1163//733 1162//733
f 1156//740 1163//740 1155//740
f 1156//732 1165//732 1164//732
f 1158//739 1165//739 1157//739
f 1158//731 1167//731 1166//731
f 1160//801 1167//738 1159//801
f 1153//730 1168//730 1160//730
f 1162//751 1169//751 1161//751
f 1162//750 1171//750 1170//750
f 1164//747 1171//747 1163//747
f 1164//746 1173//746 1172//746
f 1165//745 1174//745 1173//745
f 1167//744 1174//744 1166//744
f 1168//752 1175//752 1167//752
f 1168//743 1169//743 1176//743
f 1170//759 1177//759 1169//759
f 1170//758 1179//758 1178//758
f 1172//757 1179//757 1171//757
f 1173//756 1180//756 1172//756
f 1173//755 1182//755 1181//755
f 1175//754 1182//754 1174//754
f 1176//760 1183//760 1175//760
f 1169//753 1184//753 1176//753
f 1178//771 1185//771 1177//771
f 1179//763 1186//763 1178//763
f 1179//770 1188//770 1187//770
f 1181//762 1188//762 1180//762
f 1182//776 1189//776 1181//776
f 1183//769 1190//769 1182//769
f 1184//761 1191//761 1183//761
f 1184//768 1185//768 1192//768
f 1185//775 1194//775 1193//775
f 1187//796 1194//796 1186//796
f 1187//795 1196//795 1195//795
f 1189//766 1196//766 1188//766
f 1190//773 1197//773 1189//773
f 1191//765 1198//765 1190//765
f 1192//772 1199//772 1191//804
f 1185//764 1200//764 1192//764
f 1194//783 1201//783 1193//783
f 1195//797 1202//797 1194//797
f 1195//798 1204//798 1203//798
f 1197//780 1204//780 1196//780
f 1197//779 1206//779 1205//779
f 1199//778 1206//778 1198//778
f 1200//784 1207//784 1199//784
f 1193//777 1208//777 1200//777
f 1201//791 2638//791 2637//791
f 1203//790 2638//790 1202//790
f 1204//789 2639//789 1203//789
f 1205//788 2640//788 1204//788
f 1205//787 2642//787 2641//787
f 1206//786 2643//786 2642//786
f 1208//792 2643//792 1207//792
f 1201//785 2644//785 1208//785
f 2637//728 1210//728 1209//728
f 2639//736 1210//736 2638//736
f 2639//729 1212//729 1211//729
f 2641//737 1212//737 2640//737
f 2641//734 1214//734 1213//734
f 2643//727 1214//727 2642//727
f 2644//735 1215//735 2643//735
f 2637//742 1216//742 2644//742
f 1210//732 1217//732 1209//732
f 1211//740 1218//740 1210//740
f 1212//733 1219//733 1211//733
f 1213//741 1220//741 1212//741
f 1214//730 1221//730 1213//730
f 1215//738 1222//738 1214//738
f 1215//731 1224//731 1223//731
f 1209//739 1224//739 1216//739
f 1218//746 1225//746 1217//746
f 1219//747 1226//747 1218//747
f 1219//750 1228//750 1227//750
f 1221//751 1228//751 1220//751
f 1222//743 1229//743 1221//743
f 1223//752 1230//752 1222//752
f 1223//744 1232//744 1231//802
f 1217//745 1232//745 1224//745
f 1225//756 1234//756 1233//756
f 1227//757 1234//757 1226//757
f 1228//758 1235//758 1227//758
f 1229//759 1236//759 1228//759
f 1229//753 1238//753 1237//753
f 1231//760 1238//760 1230//760
f 1232//754 1239//754 1231//754
f 1225//755 1240//755 1232//755
f 1234//762 1241//762 1233//762
f 1234//770 1243//770 1242//770
f 1235//763 1244//763 1243//763
f 1237//771 1244//771 1236//771
f 1237//768 1246//768 1245//768
f 1239//761 1246//761 1238//761
f 1240//769 1247//769 1239//769
f 1233//776 1248//776 1240//776
f 1242//766 1249//766 1241//766
f 1242//795 1251//795 1250//795
f 1244//796 1251//796 1243//796
f 1244//775 1253//775 1252//775
f 1246//764 1253//764 1245//764
f 1247//772 1254//772 1246//772
f 1248//765 1255//765 1247//805
f 1248//773 1249//773 1256//773
f 1249//780 1258//780 1257//780
f 1251//798 1258//798 1250//798
f 1252//797 1259//797 1251//797
f 1253//783 1260//783 1252//783
f 1254//777 1261//777 1253//777
f 1255//784 1262//784 1254//784
f 1256//778 1263//778 1255//778
f 1249//779 1264//779 1256//779
f 1258//788 2573//788 1257//788
f 1259//789 2574//789 1258//789
f 1259//790 2576//790 2575//790
f 1261//791 2576//791 1260//791
f 1261//785 2578//785 2577//785
f 1263//792 2578//792 1262//792
f 1264//786 2579//786 1263//786
f 1257//787 2580//787 1264//787
f 1747//786 1066//786 1748//786
f 1751//790 1070//790 1752//790
f 1753//788 1072//788 1754//788
f 1756//778 1747//778 1748//778
f 1757//777 1750//777 1758//777
f 1760//797 1751//797 1752//797
f 1761//780 1754//780 1762//780
f 1749//785 1068//785 1750//785
f 1770//773 1755//773 1763//773
f 1764//772 1757//772 1765//772
f 1765//764 1758//764 1766//764
f 1766//775 1759//775 1767//775
f 1767//767 1760//796 1768//767
f 1768//795 1761//795 1769//795
f 1770//766 1761//766 1762//766
f 1764//765 1755//765 1756//765
f 1778//776 1763//776 1771//776
f 1773//761 1764//761 1765//761
f 1773//768 1766//768 1774//768
f 1774//771 1767//771 1775//771
f 1775//763 1768//763 1776//763
f 1777//770 1768//770 1769//770
f 1777//762 1770//762 1778//762
f 1771//769 1764//769 1772//769
f 1786//755 1771//755 1779//755
f 1781//760 1772//760 1773//760
f 1781//753 1774//753 1782//753
f 1783//759 1774//759 1775//759
f 1784//758 1775//758 1776//758
f 1785//757 1776//757 1777//757
f 1785//756 1778//756 1786//756
f 1780//754 1771//754 1772//754
f 1788//744 1779//744 1780//744
f 1790//751 1783//751 1791//751
f 1792//748 1785//748 1793//748
f 1802//739 1787//739 1795//739
f 1797//738 1788//738 1789//738
f 1798//741 1791//741 1799//741
f 1800//793 1793//793 1801//793
f 1794//745 1779//745 1787//745
f 1789//752 1780//752 1781//752
f 1791//749 1784//749 1792//749
f 1793//746 1786//746 1794//746
f 1796//731 1787//731 1788//731
f 1797//730 1790//730 1798//730
f 1800//794 1791//794 1792//794
f 1801//732 1794//732 1802//732
f 1789//743 1782//743 1790//743
f 462//742 1795//742 455//742
f 456//727 1797//727 457//727
f 457//734 1798//734 458//734
f 458//737 1799//737 459//737
f 459//729 1800//729 460//729
f 461//736 1800//736 1801//736
f 462//728 1801//728 1802//728
f 455//735 1796//735 456//735
f 1810//785 455//785 1803//785
f 1804//786 457//786 1805//786
f 1805//787 458//787 1806//787
f 1806//788 459//788 1807//788
f 1807//789 460//789 1808//789
f 1808//790 461//790 1809//790
f 1809//791 462//791 1810//791
f 1803//792 456//792 1804//792
f 1811//777 1810//777 1803//777
f 1813//778 1804//778 1805//778
f 1814//779 1805//779 1806//779
f 1814//780 1807//780 1815//780
f 1816//781 1807//781 1808//781
f 1816//782 1809//782 1817//782
f 1817//783 1810//783 1818//783
f 1811//784 1804//784 1812//784
f 1826//764 1811//764 1819//764
f 1821//765 1812//765 1813//765
f 1822//773 1813//773 1814//773
f 1822//766 1815//766 1823//766
f 1824//774 1815//774 1816//774
f 1824//767 1817//767 1825//767
f 1825//775 1818//775 1826//775
f 1819//772 1812//772 1820//772
f 2452//768 1819//768 2445//768
f 2447//769 1820//769 1821//769
f 2447//776 1822//776 2448//776
f 2448//762 1823//762 2449//762
f 2449//770 1824//770 2450//770
f 2450//763 1825//763 2451//763
f 2451//771 1826//771 2452//771
f 2445//761 1820//761 2446//761
f 2460//753 2445//753 2453//753
f 2454//754 2447//754 2455//754
f 2456//755 2447//755 2448//755
f 2456//756 2449//756 2457//756
f 2458//757 2449//757 2450//757
f 2458//758 2451//758 2459//758
f 2459//759 2452//759 2460//759
f 2453//760 2446//760 2454//760
f 2462//752 2453//752 2454//752
f 2464//746 2457//746 2465//746
f 2466//750 2459//749 2467//750
f 2469//730 2468//730 2461//730
f 2470//731 2463//731 2471//731
f 2472//732 2465//732 2473//732
f 2474//733 2467//733 2475//733
f 2468//743 2453//743 2461//743
f 2462//744 2455//744 2463//744
f 2465//747 2458//748 2466//747
f 2467//751 2460//751 2468//751
f 2469//738 2462//738 2470//738
f 2472//739 2463//739 2464//739
f 2474//740 2465//740 2466//740
f 2475//741 2468//741 2476//741
f 2464//745 2455//745 2456//745
f 1072//734 2469//734 1065//734
f 1066//735 2471//735 1067//735
f 1067//742 2472//742 1068//742
f 1068//728 2473//728 1069//728
f 1070//736 2473//736 2474//736
f 1070//729 2475//729 1071//729
f 1071//737 2476//737 1072//737
f 1066//727 2469//727 2470//727
f 1754//787 1065//787 1747//787
f 1750//791 1069//791 1751//791
f 1752//789 1071//789 1753//789
f 1762//779 1747//779 1755//779
f 1756//784 1749//784 1757//784
f 1758//783 1751//783 1759//783
f 1761//798 1752//798 1753//798
f 1748//792 1067//792 1749//792
f 1828//728 1835//728 1827//728
f 1828//736 1837//736 1836//736
f 1829//729 1838//729 1837//729
f 1831//737 1838//737 1830//737
f 1832//734 1839//734 1831//734
f 1833//727 1840//727 1832//727
f 1834//735 1841//735 1833//735
f 1827//742 1842//742 1834//742
f 1836//732 1843//732 1835//732
f 1836//793 1845//740 1844//740
f 1838//733 1845//733 1837//733
f 1839//741 1846//741 1838//741
f 1840//730 1847//730 1839//730
f 1841//738 1848//738 1840//738
f 1842//803 1849//731 1841//803
f 1835//739 1850//739 1842//739
f 1844//746 1851//746 1843//746
f 1844//747 1853//747 1852//747
f 1846//750 1853//750 1845//750
f 1847//751 1854//751 1846//751
f 1848//743 1855//743 1847//743
f 1849//752 1856//752 1848//752
f 1850//744 1857//744 1849//744
f 1850//745 1851//745 1858//745
f 1851//756 2606//756 2605//756
f 1852//757 2607//757 2606//757
f 1853//758 2608//758 2607//758
f 1854//759 2609//759 2608//759
f 1855//753 2610//753 2609//753
f 1857//760 2610//760 1856//760
f 1858//754 2611//754 1857//754
f 1851//755 2612//755 1858//755
f 2605//762 1860//762 1859//762
f 2607//770 1860//770 2606//770
f 2608//763 1861//763 2607//763
f 2609//771 1862//771 2608//771
f 2609//768 1864//768 1863//768
f 2611//761 1864//761 2610//761
f 2611//769 1866//769 1865//769
f 2605//776 1866//776 2612//776
f 1859//766 1868//766 1867//766
f 1861//795 1868//795 1860//795
f 1861//796 1870//796 1869//796
f 1863//775 1870//775 1862//775
f 1863//764 1872//764 1871//764
f 1865//772 1872//772 1864//772
f 1865//765 1874//765 1873//765
f 1859//773 1874//773 1866//773
f 1867//780 1876//780 1875//780
f 1869//798 1876//798 1868//798
f 1869//797 1878//797 1877//797
f 1871//783 1878//783 1870//783
f 1871//777 1880//777 1879//777
f 1873//784 1880//784 1872//784
f 1873//778 1882//806 1881//806
f 1867//779 1882//779 1874//779
f 1876//788 1883//788 1875//788
f 1877//789 1884//789 1876//789
f 1878//790 1885//790 1877//790
f 1879//791 1886//791 1878//791
f 1879//785 1888//785 1887//785
f 1881//792 1888//792 1880//792
f 1881//786 1890//786 1889//786
f 1875//787 1890//787 1882//787
f 1883//737 1892//737 1891//737
f 1885//729 1892//729 1884//729
f 1885//736 1894//736 1893//736
f 1887//728 1894//728 1886//728
f 1887//742 1896//742 1895//742
f 1889//735 1896//735 1888//735
f 1890//727 1897//727 1889//727
f 1883//734 1898//734 1890//734
f 1891//741 1900//741 1899//741
f 1892//733 1901//733 1900//733
f 1893//740 1902//740 1901//740
f 1894//732 1903//732 1902//732
f 1895//739 1904//739 1903//739
f 1897//731 1904//731 1896//731
f 1897//738 1906//738 1905//738
f 1891//730 1906//730 1898//730
f 1900//751 1907//751 1899//751
f 1900//750 1909//750 1908//750
f 1901//747 1910//747 1909//747
f 1903//746 1910//746 1902//746
f 1903//745 1912//745 1911//745
f 1905//744 1912//744 1904//744
f 1905//752 1914//752 1913//800
f 1899//743 1914//743 1906//743
f 1908//759 2669//759 1907//759
f 1909//758 2670//758 1908//758
f 1910//757 2671//757 1909//757
f 1911//756 2672//756 1910//756
f 1911//755 2674//755 2673//755
f 1913//754 2674//754 1912//754
f 1914//760 2675//760 1913//760
f 1907//753 2676//753 1914//753
f 2670//771 1915//771 2669//771
f 2670//763 1917//763 1916//763
f 2671//770 1918//770 1917//770
f 2673//762 1918//762 2672//762
f 2674//776 1919//776 2673//776
f 2675//769 1920//769 2674//769
f 2676//761 1921//761 2675//761
f 2676//768 1915//768 1922//768
f 1916//775 1923//775 1915//775
f 1917//796 1924//796 1916//796
f 1918//795 1925//795 1917//795
f 1918//766 1927//766 1926//766
f 1920//773 1927//773 1919//773
f 1921//765 1928//765 1920//765
f 1922//772 1929//772 1921//804
f 1922//764 1923//764 1930//764
f 1924//783 1931//783 1923//783
f 1924//797 1933//797 1932//797
f 1926//798 1933//798 1925//798
f 1926//780 1935//780 1934//780
f 1928//779 1935//779 1927//779
f 1928//778 1937//778 1936//778
f 1930//784 1937//784 1929//784
f 1923//777 1938//777 1930//777
f 1932//791 1827//791 1931//791
f 1932//790 1829//790 1828//790
f 1934//789 1829//789 1933//789
f 1935//788 1830//788 1934//788
f 1935//787 1832//787 1831//787
f 1937//786 1832//786 1936//786
f 1938//792 1833//792 1937//792
f 1931//785 1834//785 1938//785
f 1740//735 2477//735 2478//735
f 1744//729 2481//729 2482//729
f 1746//728 2483//728 2484//728
f 2478//731 2485//731 2486//731
f 2480//730 2487//730 2488//730
f 2490//794 2481//794 2489//794
f 2492//732 2483//732 2491//732
f 2480//734 1741//734 2479//734
f 2485//745 2500//745 2493//745
f 2495//752 2486//752 2494//752
f 2488//743 2495//743 2496//743
f 2497//751 2488//751 2496//751
f 2490//749 2497//749 2498//749
f 2499//748 2490//748 2498//748
f 2492//746 2499//746 2500//746
f 2486//744 2493//744 2494//744
f 1771//755 2500//755 1778//755
f 2495//760 1772//760 1773//760
f 2496//753 1773//753 1774//753
f 1775//759 2496//759 1774//759
f 1776//758 2497//758 1775//758
f 2499//757 1776//757 1777//757
f 2500//756 1777//756 1778//756
f 2494//754 1771//754 1772//754
f 2501//776 1778//776 2508//776
f 2503//761 1772//761 2502//761
f 1774//768 2503//768 2504//768
f 1775//771 2504//771 2505//771
f 1776//763 2505//763 2506//763
f 1777//770 2506//770 2507//770
f 1778//762 2507//762 2508//762
f 1772//769 2501//769 2502//769
f 2509//773 2508//773 2516//773
f 2511//772 2502//772 2510//772
f 2504//764 2511//764 2512//764
f 2513//775 2504//775 2512//775
f 2506//767 2513//796 2514//796
f 2507//774 2514//795 2515//795
f 2508//766 2515//766 2516//766
f 2502//765 2509//765 2510//765
f 2509//779 2524//779 2517//779
f 2511//784 2518//784 2519//784
f 2512//777 2519//777 2520//777
f 2521//783 2512//783 2520//783
f 2514//797 2521//797 2522//797
f 2515//798 2522//798 2523//798
f 2516//780 2523//780 2524//780
f 2518//778 2509//778 2517//778
f 2517//787 1128//787 1121//787
f 1123//792 2518//792 1122//792
f 2520//785 1123//785 1124//785
f 2521//791 1124//791 1125//791
f 1126//790 2521//790 1125//790
f 2523//789 1126//789 1127//789
f 2524//788 1127//788 1128//788
f 2518//786 1121//786 1122//786
f 2525//734 1128//734 2532//734
f 1123//735 2526//735 2527//735
f 2528//742 1123//742 2527//742
f 1125//728 2528//728 2529//728
f 2530//736 1125//736 2529//736
f 1127//729 2530//729 2531//729
f 1128//737 2531//737 2532//737
f 2526//727 1121//727 2525//727
f 2533//730 2532//730 2540//730
f 2527//731 2534//731 2535//731
f 2536//739 2527//739 2535//739
f 2529//732 2536//732 2537//732
f 2530//740 2537//740 2538//740
f 2531//733 2538//733 2539//733
f 2532//741 2539//741 2540//741
f 2534//738 2525//738 2533//738
f 2533//743 2548//743 2541//743
f 2535//744 2542//744 2543//744
f 2544//745 2535//745 2543//745
f 2537//746 2544//746 2545//746
f 2546//748 2537//747 2545//748
f 2539//750 2546//750 2547//750
f 2548//751 2539//751 2547//751
f 2542//752 2533//752 2541//752
f 2541//753 2452//753 2445//753
f 2543//754 2446//754 2447//754
f 2544//755 2447//755 2448//755
f 2545//756 2448//756 2449//756
f 2546//757 2449//757 2450//757
f 2547//758 2450//758 2451//758
f 2452//759 2547//759 2451//759
f 2446//760 2541//760 2445//760
f 2445//768 2556//768 2549//768
f 2551//769 2446//769 2550//769
f 2552//776 2447//776 2551//776
f 2449//762 2552//762 2553//762
f 2450//770 2553//770 2554//770
f 2451//763 2554//763 2555//763
f 2556//771 2451//771 2555//771
f 2550//761 2445//761 2549//761
f 2557//764 2556//764 2564//764
f 2559//765 2550//765 2558//765
f 2552//773 2559//773 2560//773
f 2553//766 2560//766 2561//766
f 2554//774 2561//774 2562//774
f 2555//767 2562//767 2563//767
f 2556//775 2563//775 2564//775
f 2550//772 2557//772 2558//772
f 2557//777 2572//777 2565//777
f 2559//778 2566//778 2567//778
f 2568//779 2559//779 2567//779
f 2561//780 2568//780 2569//780
f 2562//781 2569//781 2570//781
f 2571//782 2562//782 2570//782
f 2572//783 2563//783 2571//783
f 2566//784 2557//784 2565//784
f 2565//785 1746//785 1739//785
f 2567//786 1740//786 1741//786
f 1742//787 2567//787 1741//787
f 2569//788 1742//788 1743//788
f 2570//789 1743//789 1744//789
f 2571//790 1744//790 1745//790
f 2572//791 1745//791 1746//791
f 1740//792 2565//792 1739//792
f 1739//742 2484//742 2477//742
f 1743//737 2480//737 2481//737
f 1745//736 2482//736 2483//736
f 2477//739 2492//739 2485//739
f 2479//738 2486//738 2487//738
f 2481//741 2488//741 2489//741
f 2491//793 2482//793 2490//793
f 1741//727 2478//727 2479//727
f 2581//788 2574//788 2573//788
f 2582//789 2575//789 2574//789
f 2583//790 2576//790 2575//790
f 2584//791 2577//791 2576//791
f 2585//785 2578//785 2577//785
f 2578//792 2587//792 2579//792
f 2579//786 2588//786 2580//786
f 2588//787 2573//787 2580//787
f 2589//780 2582//780 2581//780
f 2582//781 2591//798 2583//781
f 2591//797 2584//797 2583//797
f 2592//783 2585//783 2584//783
f 2593//777 2586//777 2585//777
f 2586//784 2595//784 2587//784
f 2595//778 2588//806 2587//806
f 2588//779 2589//779 2581//779
f 2597//766 2590//766 2589//766
f 2590//795 2599//795 2591//795
f 2599//796 2592//796 2591//796
f 2592//775 2601//775 2593//775
f 2593//764 2602//764 2594//764
f 2602//772 2595//772 2594//772
f 2603//765 2596//765 2595//765
f 2604//773 2589//773 2596//773
f 2605//762 2598//762 2597//762
f 2606//770 2599//770 2598//770
f 2607//763 2600//763 2599//763
f 2600//771 2609//771 2601//771
f 2609//768 2602//768 2601//768
f 2610//761 2603//761 2602//761
f 2603//769 2612//769 2604//769
f 2612//776 2597//776 2604//776
f 2613//756 2606//756 2605//756
f 2614//757 2607//757 2606//757
f 2615//758 2608//758 2607//758
f 2608//759 2617//759 2609//759
f 2617//753 2610//753 2609//753
f 2610//760 2619//760 2611//760
f 2619//754 2612//754 2611//754
f 2612//755 2613//755 2605//755
f 2621//746 2614//746 2613//746
f 2622//747 2615//747 2614//747
f 2623//750 2616//750 2615//750
f 2624//751 2617//751 2616//751
f 2617//743 2626//743 2618//743
f 2626//752 2619//752 2618//752
f 2627//744 2620//744 2619//802
f 2620//745 2621//745 2613//745
f 2629//732 2622//732 2621//732
f 2630//793 2623//740 2622//740
f 2631//733 2624//733 2623//733
f 2632//741 2625//741 2624//741
f 2633//730 2626//730 2625//730
f 2634//738 2627//738 2626//738
f 2635//731 2628//731 2627//731
f 2628//739 2629//739 2621//739
f 2637//728 2630//728 2629//728
f 2638//736 2631//736 2630//736
f 2639//729 2632//729 2631//729
f 2640//737 2633//737 2632//737
f 2641//734 2634//734 2633//734
f 2634//727 2643//727 2635//727
f 2643//735 2636//735 2635//735
f 2636//742 2637//742 2629//742
f 2645//791 2638//791 2637//791
f 2646//790 2639//790 2638//790
f 2647//789 2640//789 2639//789
f 2648//788 2641//788 2640//788
f 2649//787 2642//787 2641//787
f 2650//786 2643//786 2642//786
f 2643//792 2652//792 2644//792
f 2652//785 2637//785 2644//785
f 2653//783 2646//783 2645//783
f 2646//797 2655//797 2647//797
f 2655//798 2648//798 2647//798
f 2648//780 2657//780 2649//780
f 2649//779 2658//779 2650//779
f 2658//778 2651//778 2650//778
f 2659//784 2652//784 2651//784
f 2660//777 2645//777 2652//777
f 2661//775 2654//775 2653//775
f 2654//796 2663//796 2655//796
f 2663//795 2656//795 2655//795
f 2664//766 2657//766 2656//766
f 2665//773 2658//773 2657//773
f 2666//765 2659//765 2658//765
f 2667//772 2660//772 2659//772
f 2660//764 2661//764 2653//764
f 2661//771 2670//771 2662//771
f 2670//763 2663//763 2662//763
f 2671//770 2664//770 2663//770
f 2672//762 2665//762 2664//762
f 2673//776 2666//776 2665//776
f 2674//769 2667//769 2666//769
f 2667//761 2676//761 2668//761
f 2676//768 2661//768 2668//768
f 2677//759 2670//759 2669//759
f 2678//758 2671//758 2670//758
f 2671//757 2680//757 2672//757
f 2672//756 2681//756 2673//756
f 2681//755 2674//755 2673//755
f 2682//754 2675//754 2674//754
f 2683//760 2676//760 2675//760
f 2676//753 2677//753 2669//753
f 2685//751 2678//751 2677//751
f 2678//749 2687//749 2679//749
f 2687//747 2680//747 2679//747
f 2688//746 2681//746 2680//746
f 2689//745 2682//745 2681//745
f 2690//744 2683//744 2682//744
f 2691//800 2684//800 2683//800
f 2684//743 2685//743 2677//743
f 2685//741 2694//741 2686//741
f 2694//794 2687//794 2686//794
f 2687//740 2696//740 2688//740
f 2688//732 2697//732 2689//732
f 2697//739 2690//739 2689//739
f 2698//731 2691//731 2690//731
f 2699//801 2692//801 2691//801
f 2700//730 2685//730 2692//730
f 2573//737 2694//737 2693//737
f 2574//729 2695//729 2694//729
f 2575//736 2696//736 2695//736
f 2576//728 2697//728 2696//728
f 2697//742 2578//742 2698//742
f 2698//735 2579//735 2699//735
f 2579//727 2700//727 2699//727
f 2580//734 2693//734 2700//734
f 1066//727 1065//727 399//727
f 1069//728 1068//728 402//728
f 1071//729 1070//729 404//729
f 399//730 406//730 414//730
f 401//731 400//731 408//731
f 403//732 402//732 410//732
f 405//733 404//733 412//733
f 1065//734 1072//734 406//734
f 1067//735 1066//735 400//735
f 1070//736 1069//736 403//736
f 1072//737 1071//737 405//737
f 408//738 400//738 399//738
f 402//739 401//739 409//739
f 404//740 403//740 411//740
f 414//741 406//741 405//741
f 402//742 1068//742 1067//742
f 407//743 414//743 422//743
f 409//744 408//744 416//744
f 410//745 409//745 417//745
f 419//746 411//746 410//746
f 412//747 411//747 419//748
f 421//749 413//750 412//750
f 422//751 414//751 413//751
f 416//752 408//752 407//752
f 415//753 422//753 430//753
f 425//754 417//754 416//754
f 418//755 417//755 425//755
f 419//756 418//756 426//756
f 420//757 419//757 427//757
f 421//758 420//758 428//758
f 422//759 421//759 429//759
f 416//760 415//760 423//760
f 424//761 423//761 431//761
f 427//762 426//762 434//762
f 429//763 428//763 436//763
f 431//764 438//764 446//764
f 433//765 432//765 440//765
f 443//766 435//766 434//766
f 437//767 436//767 444//767
f 423//768 430//768 438//768
f 425//769 424//769 432//769
f 428//770 427//770 435//770
f 430//771 429//771 437//771
f 440//772 432//772 431//772
f 434//773 433//773 441//773
f 436//774 435//774 443//774
f 446//775 438//775 437//775
f 426//776 425//776 433//776
f 439//777 446//777 454//777
f 441//778 440//778 448//778
f 442//779 441//779 449//779
f 443//780 442//780 450//780
f 444//781 443//781 451//781
f 445//782 444//782 452//782
f 454//783 446//783 445//783
f 448//784 440//784 439//784
f 447//785 454//785 462//785
f 449//786 448//786 456//786
f 450//787 449//787 457//787
f 459//788 451//788 450//788
f 460//789 452//789 451//789
f 453//790 452//790 460//790
f 454//791 453//791 461//791
f 448//792 447//792 455//792
f 464//735 456//735 455//735
f 459//737 458//737 466//737
f 461//736 460//736 468//736
f 471//739 463//739 470//739
f 465//738 464//738 472//738
f 467//741 466//741 474//741
f 469//793 468//793 476//793
f 463//742 455//742 462//742
f 457//727 456//727 464//727
f 468//729 460//729 459//729
f 462//728 461//728 469//728
f 464//731 463//731 471//731
f 466//730 465//730 473//730
f 476//794 468//794 467//794
f 478//732 470//732 469//732
f 458//734 457//734 465//734
f 471//745 478//745 486//745
f 473//752 472//752 480//752
f 474//743 473//743 481//743
f 475//751 474//751 482//751
f 484//749 476//749 475//749
f 477//748 476//748 484//748
f 486//746 478//746 477//746
f 472//744 471//744 479//744
f 479//755 486//755 494//755
f 481//760 480//760 488//760
f 490//753 482//753 481//753
f 483//759 482//759 490//759
f 492//758 484//758 483//758
f 485//757 484//757 492//757
f 486//756 485//756 493//756
f 488//754 480//754 479//754
f 1042//769 488//769 487//769
f 491//771 490//771 1044//771
f 493//770 492//770 1046//770
f 1049//773 1041//773 1048//773
f 1051//772 1043//772 1042//772
f 1045//775 1044//775 1052//775
f 1047//774 1046//774 1054//795
f 1041//776 487//776 494//776
f 489//761 488//761 1042//761
f 1046//763 492//763 491//763
f 494//762 493//762 1047//762
f 1042//765 1041//765 1049//765
f 1052//764 1044//764 1043//764
f 1046//767 1045//767 1053//796
f 1048//766 1047//766 1055//766
f 1044//768 490//768 489//768
f 1049//779 1056//779 1064//779
f 1059//784 1051//784 1050//784
f 1052//777 1051//777 1059//777
f 1053//783 1052//783 1060//783
f 1062//797 1054//797 1053//797
f 1055//798 1054//798 1062//798
f 1056//780 1055//780 1063//780
f 1050//778 1049//778 1057//778
f 1057//787 1064//787 1072//787
f 1067//792 1059//792 1058//792
f 1060//785 1059//785 1067//785
f 1061//791 1060//791 1068//791
f 1062//790 1061//790 1069//790
f 1063//789 1062//789 1070//789
f 1064//788 1063//788 1071//788
f 1066//786 1058//786 1057//786
f 495//791 496//791 1828//791
f 496//790 497//790 1829//790
f 1829//789 497//789 498//789
f 498//788 499//788 1831//788
f 499//787 500//787 1832//787
f 500//786 501//786 1833//786
f 501//792 502//792 1834//792
f 502//785 495//785 1827//785
f 503//783 504//783 496//783
f 504//797 505//797 497//797
f 505//798 506//798 498//798
f 506//780 507//780 499//780
f 499//779 507//779 508//779
f 508//778 509//778 501//778
f 509//784 510//784 502//799
f 510//777 503//777 495//777
f 503//775 511//775 512//775
f 504//796 512//796 513//796
f 513//795 514//795 506//795
f 514//766 515//766 507//766
f 507//773 515//773 516//773
f 508//765 516//765 517//765
f 517//772 518//772 510//772
f 518//764 511//764 503//764
f 511//771 1177//771 1178//771
f 1178//763 1179//763 513//763
f 1179//770 1180//770 514//770
f 1180//762 1181//762 515//762
f 1181//776 1182//776 516//776
f 1182//769 1183//769 517//769
f 1183//761 1184//761 518//761
f 1184//768 1177//768 511//768
f 1177//759 519//759 520//759
f 520//758 521//758 1179//758
f 521//757 522//757 1180//757
f 522//756 523//756 1181//756
f 523//755 524//755 1182//755
f 1182//754 524//754 525//754
f 1183//760 525//760 526//760
f 526//753 519//753 1177//753
f 519//751 527//751 528//751
f 528//750 529//750 521//750
f 529//747 530//747 522//747
f 530//746 531//746 523//746
f 531//745 532//745 524//745
f 532//744 533//744 525//744
f 533//752 534//752 526//752
f 534//743 527//743 519//743
f 535//741 536//741 528//741
f 536//794 537//794 529//733
f 537//740 538//740 530//740
f 538//732 539//732 531//732
f 531//739 539//739 540//739
f 540//731 541//731 533//731
f 533//738 541//801 542//801
f 542//730 535//730 527//730
f 535//737 1883//737 1884//737
f 1884//729 1885//729 537//729
f 1885//736 1886//736 538//736
f 1886//728 1887//728 539//728
f 539//742 1887//742 1888//742
f 1888//735 1889//735 541//735
f 541//727 1889//727 1890//727
f 1890//734 1883//734 535//734
f 543//788 544//788 1884//788
f 544//789 545//789 1885//789
f 545//790 546//790 1886//790
f 546//791 547//791 1887//791
f 547//785 548//785 1888//785
f 548//792 549//792 1889//792
f 549//786 550//786 1890//786
f 550//787 543//787 1883//787
f 551//780 552//780 544//780
f 552//798 553//798 545//798
f 553//797 554//797 546//797
f 546//783 554//783 555//783
f 555//777 556//777 548//777
f 548//784 556//784 557//784
f 549//778 557//778 558//778
f 550//779 558//779 551//779
f 559//766 560//766 552//766
f 552//795 560//795 561//795
f 561//796 562//796 554//796
f 554//775 562//775 563//775
f 563//764 564//764 556//764
f 556//772 564//772 565//772
f 565//765 566//765 558//765
f 558//773 566//773 559//773
f 1233//762 1234//762 560//762
f 1234//770 1235//770 561//770
f 1235//763 1236//763 562//763
f 562//771 1236//771 1237//771
f 563//768 1237//768 1238//768
f 1238//761 1239//761 565//761
f 565//769 1239//769 1240//769
f 1240//776 1233//776 559//776
f 567//756 568//756 1234//756
f 568//757 569//757 1235//757
f 569//758 570//758 1236//758
f 1236//759 570//759 571//759
f 571//753 572//753 1238//753
f 572//760 573//760 1239//760
f 573//754 574//754 1240//754
f 574//755 567//755 1233//755
f 575//746 576//746 568//746
f 568//748 576//748 577//748
f 577//750 578//750 570//750
f 570//751 578//751 579//751
f 579//743 580//743 572//743
f 580//752 581//800 573//752
f 581//744 582//744 574//802
f 574//745 582//745 575//745
f 583//732 584//732 576//732
f 584//793 585//793 577//793
f 577//733 585//733 586//733
f 586//741 587//741 579//741
f 587//730 588//730 580//730
f 580//801 588//738 589//738
f 589//803 590//803 582//731
f 590//739 583//739 575//739
f 1827//728 1828//728 584//728
f 1828//736 1829//736 585//736
f 1829//729 1830//729 586//729
f 1830//737 1831//737 587//737
f 587//734 1831//734 1832//734
f 588//727 1832//727 1833//727
f 1833//735 1834//735 590//735
f 1834//742 1827//742 583//742
f 1073//792 1739//792 1740//792
f 1076//788 1742//788 1743//788
f 1078//790 1744//790 1745//790
f 1081//777 1088//777 1080//777
f 1083//778 1082//778 1074//778
f 1084//780 1076//780 1077//780
f 1087//782 1086//782 1078//782
f 1080//785 1746//785 1739//785
f 1075//786 1074//786 1740//786
f 1077//789 1743//789 1744//789
f 1079//791 1745//791 1746//791
f 1081//784 1073//784 1074//784
f 1083//779 1075//779 1076//779
f 1086//781 1085//781 1077//781
f 1087//783 1079//783 1080//783
f 1075//787 1741//787 1742//787
f 1096//764 1088//764 1081//764
f 1090//765 1082//765 1083//765
f 1091//773 1083//773 1084//773
f 1093//766 1092//766 1084//766
f 1094//774 1093//774 1085//774
f 1095//767 1094//767 1086//767
f 1095//775 1087//775 1088//775
f 1089//772 1081//772 1082//772
f 430//768 1096//768 1089//768
f 424//769 1090//769 1091//769
f 425//776 1091//776 1092//776
f 427//762 426//762 1092//762
f 428//770 427//770 1093//770
f 429//763 428//763 1094//763
f 429//771 1095//771 1096//771
f 423//761 1089//761 1090//761
f 1097//753 1104//753 430//753
f 1098//754 424//754 425//754
f 1099//755 425//755 426//755
f 1100//756 426//756 427//756
f 1102//757 1101//757 427//757
f 1102//758 428//758 429//758
f 1103//759 429//759 430//759
f 1098//760 1097//760 423//760
f 1105//743 1112//743 1104//743
f 1106//744 1098//744 1099//744
f 1107//745 1099//745 1100//745
f 1109//746 1108//746 1100//746
f 1109//747 1101//748 1102//748
f 1110//750 1102//749 1103//749
f 1111//751 1103//751 1104//751
f 1105//752 1097//752 1098//752
f 1120//730 1112//730 1105//730
f 1114//731 1106//731 1107//731
f 1115//739 1107//739 1108//739
f 1117//732 1116//732 1108//732
f 1118//740 1117//740 1109//740
f 1118//733 1110//733 1111//733
f 1119//741 1111//741 1112//741
f 1114//738 1113//738 1105//738
f 1128//734 1120//734 1113//734
f 1123//735 1122//735 1114//735
f 1123//742 1115//742 1116//742
f 1124//728 1116//728 1117//728
f 1125//736 1117//736 1118//736
f 1126//729 1118//729 1119//729
f 1128//737 1127//737 1119//737
f 1121//727 1113//727 1114//727
f 1130//786 1129//786 1121//786
f 1132//791 1124//791 1125//791
f 1134//789 1126//789 1127//789
f 1144//779 1136//779 1129//779
f 1138//784 1130//784 1131//784
f 1140//783 1132//783 1133//783
f 1143//798 1142//798 1134//798
f 1136//787 1128//787 1121//787
f 1130//792 1122//792 1123//792
f 1133//790 1125//790 1126//790
f 1135//788 1127//788 1128//788
f 1137//778 1129//778 1130//778
f 1140//777 1139//777 1131//777
f 1142//797 1141//797 1133//797
f 1143//780 1135//780 1136//780
f 1132//785 1131//785 1123//785
f 1152//773 1144//773 1137//773
f 1146//772 1138//772 1139//772
f 1148//764 1147//764 1139//764
f 1148//775 1140//775 1141//775
f 1149//767 1141//796 1142//796
f 1150//795 1142//795 1143//795
f 1152//766 1151//766 1143//766
f 1145//765 1137//765 1138//765
f 494//776 1152//776 1145//776
f 488//761 1146//761 1147//761
f 490//768 489//768 1147//768
f 490//771 1148//771 1149//771
f 492//763 491//763 1149//763
f 492//770 1150//770 1151//770
f 494//762 493//762 1151//762
f 487//769 1145//769 1146//769
f 1722//755 494//755 487//755
f 1717//760 1716//760 488//760
f 1717//753 489//753 490//753
f 1718//759 490//759 491//759
f 1720//758 1719//758 491//758
f 1720//757 492//757 493//757
f 1722//756 1721//756 493//756
f 1715//754 487//754 488//754
f 1723//745 1730//745 1722//745
f 1724//752 1716//752 1717//752
f 1726//743 1725//743 1717//743
f 1726//751 1718//751 1719//751
f 1728//749 1727//749 1719//749
f 1728//748 1720//748 1721//748
f 1729//746 1721//746 1722//746
f 1724//744 1723//744 1715//744
f 1738//739 1730//739 1723//739
f 1732//738 1724//738 1725//738
f 1734//730 1733//730 1725//730
f 1734//741 1726//741 1727//741
f 1736//794 1735//794 1727//794
f 1736//793 1728//793 1729//793
f 1737//732 1729//732 1730//732
f 1732//731 1731//731 1723//731
f 1746//742 1738//742 1731//742
f 1740//727 1732//727 1733//727
f 1742//734 1741//734 1733//734
f 1742//737 1734//737 1735//737
f 1744//729 1743//729 1735//729
f 1744//736 1736//736 1737//736
f 1745//728 1737//728 1738//728
f 1739//735 1731//735 1732//735
f 2574//737 1154//737 1153//737
f 2575//729 1155//729 1154//729
f 2576//736 1156//736 1155//736
f 2577//728 1157//728 1156//728
f 2578//742 1158//742 1157//742
f 2578//735 2579//735 1159//735
f 2580//727 1160//727 1159//727
f 2573//734 1153//734 1160//734
f 1154//741 1162//741 1161//741
f 1154//794 1155//794 1163//733
f 1156//740 1164//740 1163//740
f 1156//732 1157//732 1165//732
f 1158//739 1166//739 1165//739
f 1158//731 1159//731 1167//731
f 1160//801 1168//738 1167//738
f 1153//730 1161//730 1168//730
f 1162//751 1170//751 1169//751
f 1162//750 1163//750 1171//750
f 1164//747 1172//747 1171//747
f 1164//746 1165//746 1173//746
f 1165//745 1166//745 1174//745
f 1167//744 1175//744 1174//744
f 1168//752 1176//752 1175//752
f 1168//743 1161//743 1169//743
f 1170//759 1178//759 1177//759
f 1170//758 1171//758 1179//758
f 1172//757 1180//757 1179//757
f 1173//756 1181//756 1180//756
f 1173//755 1174//755 1182//755
f 1175//754 1183//754 1182//754
f 1176//760 1184//760 1183//760
f 1169//753 1177//753 1184//753
f 1178//771 1186//771 1185//771
f 1179//763 1187//763 1186//763
f 1179//770 1180//770 1188//770
f 1181//762 1189//762 1188//762
f 1182//776 1190//776 1189//776
f 1183//769 1191//769 1190//769
f 1184//761 1192//761 1191//761
f 1184//768 1177//768 1185//768
f 1185//775 1186//775 1194//775
f 1187//796 1195//796 1194//796
f 1187//795 1188//795 1196//795
f 1189//766 1197//766 1196//766
f 1190//773 1198//773 1197//773
f 1191//765 1199//765 1198//765
f 1192//772 1200//772 1199//772
f 1185//764 1193//764 1200//764
f 1194//783 1202//783 1201//783
f 1195//797 1203//782 1202//797
f 1195//798 1196//798 1204//798
f 1197//780 1205//780 1204//780
f 1197//779 1198//779 1206//779
f 1199//778 1207//778 1206//778
f 1200//784 1208//784 1207//784
f 1193//777 1201//777 1208//777
f 1201//791 1202//791 2638//791
f 1203//790 2639//790 2638//790
f 1204//789 2640//789 2639//789
f 1205//788 2641//788 2640//788
f 1205//787 1206//787 2642//787
f 1206//786 1207//786 2643//786
f 1208//792 2644//792 2643//792
f 1201//785 2637//785 2644//785
f 2637//728 2638//728 1210//728
f 2639//736 1211//736 1210//736
f 2639//729 2640//729 1212//729
f 2641//737 1213//737 1212//737
f 2641//734 2642//734 1214//734
f 2643//727 1215//727 1214//727
f 2644//735 1216//735 1215//735
f 2637//742 1209//742 1216//742
f 1210//732 1218//732 1217//732
f 1211//740 1219//740 1218//740
f 1212//733 1220//733 1219//733
f 1213//741 1221//741 1220//741
f 1214//730 1222//730 1221//730
f 1215//738 1223//738 1222//738
f 1215//731 1216//731 1224//731
f 1209//739 1217//739 1224//739
f 1218//746 1226//746 1225//746
f 1219//747 1227//748 1226//747
f 1219//750 1220//750 1228//750
f 1221//751 1229//751 1228//751
f 1222//743 1230//743 1229//743
f 1223//752 1231//752 1230//752
f 1223//744 1224//744 1232//744
f 1217//745 1225//745 1232//745
f 1225//756 1226//756 1234//756
f 1227//757 1235//757 1234//757
f 1228//758 1236//758 1235//758
f 1229//759 1237//759 1236//759
f 1229//753 1230//753 1238//753
f 1231//760 1239//760 1238//760
f 1232//754 1240//754 1239//754
f 1225//755 1233//755 1240//755
f 1234//762 1242//762 1241//762
f 1234//770 1235//770 1243//770
f 1235//763 1236//763 1244//763
f 1237//771 1245//771 1244//771
f 1237//768 1238//768 1246//768
f 1239//761 1247//761 1246//761
f 1240//769 1248//769 1247//769
f 1233//776 1241//776 1248//776
f 1242//766 1250//766 1249//766
f 1242//795 1243//774 1251//795
f 1244//796 1252//796 1251//796
f 1244//775 1245//775 1253//775
f 1246//764 1254//764 1253//764
f 1247//772 1255//772 1254//772
f 1248//765 1256//765 1255//765
f 1248//773 1241//773 1249//773
f 1249//780 1250//780 1258//780
f 1251//798 1259//781 1258//798
f 1252//797 1260//797 1259//797
f 1253//783 1261//783 1260//783
f 1254//777 1262//777 1261//777
f 1255//784 1263//784 1262//784
f 1256//778 1264//778 1263//778
f 1249//779 1257//779 1264//779
f 1258//788 2574//788 2573//788
f 1259//789 2575//789 2574//789
f 1259//790 1260//790 2576//790
f 1261//791 2577//791 2576//791
f 1261//785 1262//785 2578//785
f 1263//792 2579//792 2578//792
f 1264//786 2580//786 2579//786
f 1257//787 2573//787 2580//787
f 1747//786 1065//786 1066//786
f 1751//790 1069//790 1070//790
f 1753//788 1071//788 1072//788
f 1756//778 1755//778 1747//778
f 1757//777 1749//777 1750//777
f 1760//797 1759//797 1751//797
f 1761//780 1753//780 1754//780
f 1749//785 1067//785 1068//785
f 1770//773 1762//773 1755//773
f 1764//772 1756//772 1757//772
f 1765//764 1757//764 1758//764
f 1766//775 1758//775 1759//775
f 1767//767 1759//796 1760//796
f 1768//795 1760//795 1761//795
f 1770//766 1769//766 1761//766
f 1764//765 1763//765 1755//765
f 1778//776 1770//776 1763//776
f 1773//761 1772//761 1764//761
f 1773//768 1765//768 1766//768
f 1774//771 1766//771 1767//771
f 1775//763 1767//763 1768//763
f 1777//770 1776//770 1768//770
f 1777//762 1769//762 1770//762
f 1771//769 1763//769 1764//769
f 1786//755 1778//755 1771//755
f 1781//760 1780//760 1772//760
f 1781//753 1773//753 1774//753
f 1783//759 1782//759 1774//759
f 1784//758 1783//758 1775//758
f 1785//757 1784//757 1776//757
f 1785//756 1777//756 1778//756
f 1780//754 1779//754 1771//754
f 1788//744 1787//744 1779//744
f 1790//751 1782//751 1783//751
f 1792//748 1784//748 1785//748
f 1802//739 1794//739 1787//739
f 1797//738 1796//738 1788//738
f 1798//741 1790//741 1791//741
f 1800//793 1792//793 1793//793
f 1794//745 1786//745 1779//745
f 1789//752 1788//752 1780//752
f 1791//749 1783//749 1784//749
f 1793//746 1785//746 1786//746
f 1796//731 1795//731 1787//731
f 1797//730 1789//730 1790//730
f 1800//794 1799//794 1791//794
f 1801//732 1793//732 1794//732
f 1789//743 1781//743 1782//743
f 462//742 1802//742 1795//742
f 456//727 1796//727 1797//727
f 457//734 1797//734 1798//734
f 458//737 1798//737 1799//737
f 459//729 1799//729 1800//729
f 461//736 460//736 1800//736
f 462//728 461//728 1801//728
f 455//735 1795//735 1796//735
f 1810//785 462//785 455//785
f 1804//786 456//786 457//786
f 1805//787 457//787 458//787
f 1806//788 458//788 459//788
f 1807//789 459//789 460//789
f 1808//790 460//790 461//790
f 1809//791 461//791 462//791
f 1803//792 455//792 456//792
f 1811//777 1818//777 1810//777
f 1813//778 1812//778 1804//778
f 1814//779 1813//779 1805//779
f 1814//780 1806//780 1807//780
f 1816//781 1815//781 1807//781
f 1816//782 1808//782 1809//782
f 1817//783 1809//783 1810//783
f 1811//784 1803//784 1804//784
f 1826//764 1818//764 1811//764
f 1821//765 1820//765 1812//765
f 1822//773 1821//773 1813//773
f 1822//766 1814//766 1815//766
f 1824//774 1823//774 1815//774
f 1824//767 1816//767 1817//767
f 1825//775 1817//775 1818//775
f 1819//772 1811//772 1812//772
f 2452//768 1826//768 1819//768
f 2447//769 2446//769 1820//769
f 2447//776 1821//776 1822//776
f 2448//762 1822//762 1823//762
f 2449//770 1823//770 1824//770
f 2450//763 1824//763 1825//763
f 2451//771 1825//771 1826//771
f 2445//761 1819//761 1820//761
f 2460//753 2452//753 2445//753
f 2454//754 2446//754 2447//754
f 2456//755 2455//755 2447//755
f 2456//756 2448//756 2449//756
f 2458//757 2457//757 2449//757
f 2458//758 2450//758 2451//758
f 2459//759 2451//759 2452//759
f 2453//760 2445//760 2446//760
f 2462//752 2461//752 2453//752
f 2464//746 2456//746 2457//746
f 2466//750 2458//749 2459//749
f 2469//730 2476//730 2468//730
f 2470//731 2462//731 2463//731
f 2472//732 2464//732 2465//732
f 2474//733 2466//733 2467//733
f 2468//743 2460//743 2453//743
f 2462//744 2454//744 2455//744
f 2465//747 2457//748 2458//748
f 2467//751 2459//751 2460//751
f 2469//738 2461//738 2462//738
f 2472//739 2471//739 2463//739
f 2474//740 2473//740 2465//740
f 2475//741 2467//741 2468//741
f 2464//745 2463//745 2455//745
f 1072//734 2476//734 2469//734
f 1066//735 2470//735 2471//735
f 1067//742 2471//742 2472//742
f 1068//728 2472//728 2473//728
f 1070//736 1069//736 2473//736
f 1070//729 2474//729 2475//729
f 1071//737 2475//737 2476//737
f 1066//727 1065//727 2469//727
f 1754//787 1072//787 1065//787
f 1750//791 1068//791 1069//791
f 1752//789 1070//789 1071//789
f 1762//779 1754//779 1747//779
f 1756//784 1748//784 1749//784
f 1758//783 1750//783 1751//783
f 1761//798 1760//798 1752//798
f 1748//792 1066//792 1067//792
f 1828//728 1836//728 1835//728
f 1828//736 1829//736 1837//736
f 1829//729 1830//729 1838//729
f 1831//737 1839//737 1838//737
f 1832//734 1840//734 1839//734
f 1833//727 1841//727 1840//727
f 1834//735 1842//735 1841//735
f 1827//742 1835//742 1842//742
f 1836//732 1844//732 1843//732
f 1836//793 1837//793 1845//740
f 1838//733 1846//733 1845//733
f 1839//741 1847//741 1846//741
f 1840//730 1848//730 1847//730
f 1841//738 1849//738 1848//738
f 1842//803 1850//731 1849//731
f 1835//739 1843//739 1850//739
f 1844//746 1852//746 1851//746
f 1844//747 1845//747 1853//747
f 1846//750 1854//750 1853//750
f 1847//751 1855//751 1854//751
f 1848//743 1856//743 1855//743
f 1849//752 1857//752 1856//752
f 1850//744 1858//744 1857//744
f 1850//745 1843//745 1851//745
f 1851//756 1852//756 2606//756
f 1852//757 1853//757 2607//757
f 1853//758 1854//758 2608//758
f 1854//759 1855//759 2609//759
f 1855//753 1856//753 2610//753
f 1857//760 2611//760 2610//760
f 1858//754 2612//754 2611//754
f 1851//755 2605//755 2612//755
f 2605//762 2606//762 1860//762
f 2607//770 1861//770 1860//770
f 2608//763 1862//763 1861//763
f 2609//771 1863//771 1862//771
f 2609//768 2610//768 1864//768
f 2611//761 1865//761 1864//761
f 2611//769 2612//769 1866//769
f 2605//776 1859//776 1866//776
f 1859//766 1860//766 1868//766
f 1861//795 1869//795 1868//795
f 1861//796 1862//796 1870//796
f 1863//775 1871//775 1870//775
f 1863//764 1864//764 1872//764
f 1865//772 1873//772 1872//772
f 1865//765 1866//765 1874//765
f 1859//773 1867//773 1874//773
f 1867//780 1868//780 1876//780
f 1869//798 1877//781 1876//798
f 1869//797 1870//797 1878//797
f 1871//783 1879//783 1878//783
f 1871//777 1872//777 1880//777
f 1873//784 1881//784 1880//784
f 1873//778 1874//778 1882//806
f 1867//779 1875//779 1882//779
f 1876//788 1884//788 1883//788
f 1877//789 1885//789 1884//789
f 1878//790 1886//790 1885//790
f 1879//791 1887//791 1886//791
f 1879//785 1880//785 1888//785
f 1881//792 1889//792 1888//792
f 1881//786 1882//786 1890//786
f 1875//787 1883//787 1890//787
f 1883//737 1884//737 1892//737
f 1885//729 1893//729 1892//729
f 1885//736 1886//736 1894//736
f 1887//728 1895//728 1894//728
f 1887//742 1888//742 1896//742
f 1889//735 1897//735 1896//735
f 1890//727 1898//727 1897//727
f 1883//734 1891//734 1898//734
f 1891//741 1892//741 1900//741
f 1892//733 1893//733 1901//733
f 1893//740 1894//740 1902//740
f 1894//732 1895//732 1903//732
f 1895//739 1896//739 1904//739
f 1897//731 1905//731 1904//731
f 1897//738 1898//738 1906//738
f 1891//730 1899//730 1906//730
f 1900//751 1908//751 1907//751
f 1900//750 1901//750 1909//750
f 1901//747 1902//747 1910//747
f 1903//746 1911//746 1910//746
f 1903//745 1904//745 1912//745
f 1905//744 1913//744 1912//744
f 1905//752 1906//752 1914//752
f 1899//743 1907//743 1914//743
f 1908//759 2670//759 2669//759
f 1909//758 2671//758 2670//758
f 1910//757 2672//757 2671//757
f 1911//756 2673//756 2672//756
f 1911//755 1912//755 2674//755
f 1913//754 2675//754 2674//754
f 1914//760 2676//760 2675//760
f 1907//753 2669//753 2676//753
f 2670//771 1916//771 1915//771
f 2670//763 2671//763 1917//763
f 2671//770 2672//770 1918//770
f 2673//762 1919//762 1918//762
f 2674//776 1920//776 1919//776
f 2675//769 1921//769 1920//769
f 2676//761 1922//761 1921//761
f 2676//768 2669//768 1915//768
f 1916//775 1924//775 1923//775
f 1917//796 1925//796 1924//796
f 1918//795 1926//795 1925//795
f 1918//766 1919//766 1927//766
f 1920//773 1928//773 1927//773
f 1921//765 1929//765 1928//765
f 1922//772 1930//772 1929//772
f 1922//764 1915//764 1923//764
f 1924//783 1932//783 1931//783
f 1924//797 1925//797 1933//797
f 1926//798 1934//798 1933//798
f 1926//780 1927//780 1935//780
f 1928//779 1936//779 1935//779
f 1928//778 1929//778 1937//778
f 1930//784 1938//784 1937//784
f 1923//777 1931//777 1938//777
f 1932//791 1828//791 1827//791
f 1932//790 1933//790 1829//790
f 1934//789 1830//789 1829//789
f 1935//788 1831//788 1830//788
f 1935//787 1936//787 1832//787
f 1937//786 1833//786 1832//786
f 1938//792 1834//792 1833//792
f 1931//785 1827//785 1834//785
f 1740//735 1739//735 2477//735
f 1744//729 1743//729 2481//729
f 1746//728 1745//728 2483//728
f 2478//731 2477//731 2485//731
f 2480//730 2479//730 2487//730
f 2490//794 2482//794 2481//794
f 2492//732 2484//732 2483//732
f 2480//734 1742//734 1741//734
f 2485//745 2492//745 2500//745
f 2495//752 2487//752 2486//752
f 2488//743 2487//743 2495//743
f 2497//751 2489//751 2488//751
f 2490//749 2489//749 2497//749
f 2499//748 2491//748 2490//748
f 2492//746 2491//746 2499//746
f 2486//744 2485//744 2493//744
f 1771//755 2493//755 2500//755
f 2495//760 2494//760 1772//760
f 2496//753 2495//753 1773//753
f 1775//759 2497//759 2496//759
f 1776//758 2498//758 2497//758
f 2499//757 2498//757 1776//757
f 2500//756 2499//756 1777//756
f 2494//754 2493//754 1771//754
f 2501//776 1771//776 1778//776
f 2503//761 1773//761 1772//761
f 1774//768 1773//768 2503//768
f 1775//771 1774//771 2504//771
f 1776//763 1775//763 2505//763
f 1777//770 1776//770 2506//770
f 1778//762 1777//762 2507//762
f 1772//769 1771//769 2501//769
f 2509//773 2501//773 2508//773
f 2511//772 2503//772 2502//772
f 2504//764 2503//764 2511//764
f 2513//775 2505//775 2504//775
f 2506//767 2505//767 2513//796
f 2507//774 2506//774 2514//795
f 2508//766 2507//766 2515//766
f 2502//765 2501//765 2509//765
f 2509//779 2516//779 2524//779
f 2511//784 2510//784 2518//784
f 2512//777 2511//777 2519//777
f 2521//783 2513//783 2512//783
f 2514//797 2513//797 2521//797
f 2515//798 2514//798 2522//798
f 2516//780 2515//780 2523//780
f 2518//778 2510//778 2509//778
f 2517//787 2524//787 1128//787
f 1123//792 2519//792 2518//792
f 2520//785 2519//785 1123//785
f 2521//791 2520//791 1124//791
f 1126//790 2522//790 2521//790
f 2523//789 2522//789 1126//789
f 2524//788 2523//788 1127//788
f 2518//786 2517//786 1121//786
f 2525//734 1121//734 1128//734
f 1123//735 1122//735 2526//735
f 2528//742 1124//742 1123//742
f 1125//728 1124//728 2528//728
f 2530//736 1126//736 1125//736
f 1127//729 1126//729 2530//729
f 1128//737 1127//737 2531//737
f 2526//727 1122//727 1121//727
f 2533//730 2525//730 2532//730
f 2527//731 2526//731 2534//731
f 2536//739 2528//739 2527//739
f 2529//732 2528//732 2536//732
f 2530//740 2529//740 2537//740
f 2531//733 2530//733 2538//733
f 2532//741 2531//741 2539//741
f 2534//738 2526//738 2525//738
f 2533//743 2540//743 2548//743
f 2535//744 2534//744 2542//744
f 2544//745 2536//745 2535//745
f 2537//746 2536//746 2544//746
f 2546//748 2538//747 2537//747
f 2539//750 2538//750 2546//750
f 2548//751 2540//751 2539//751
f 2542//752 2534//752 2533//752
f 2541//753 2548//753 2452//753
f 2543//754 2542//754 2446//754
f 2544//755 2543//755 2447//755
f 2545//756 2544//756 2448//756
f 2546//757 2545//757 2449//757
f 2547//758 2546//758 2450//758
f 2452//759 2548//759 2547//759
f 2446//760 2542//760 2541//760
f 2445//768 2452//768 2556//768
f 2551//769 2447//769 2446//769
f 2552//776 2448//776 2447//776
f 2449//762 2448//762 2552//762
f 2450//770 2449//770 2553//770
f 2451//763 2450//763 2554//763
f 2556//771 2452//771 2451//771
f 2550//761 2446//761 2445//761
f 2557//764 2549//764 2556//764
f 2559//765 2551//765 2550//765
f 2552//773 2551//773 2559//773
f 2553//766 2552//766 2560//766
f 2554//774 2553//774 2561//774
f 2555//767 2554//767 2562//767
f 2556//775 2555//775 2563//775
f 2550//772 2549//772 2557//772
f 2557//777 2564//777 2572//777
f 2559//778 2558//778 2566//778
f 2568//779 2560//779 2559//779
f 2561//780 2560//780 2568//780
f 2562//781 2561//781 2569//781
f 2571//782 2563//782 2562//782
f 2572//783 2564//783 2563//783
f 2566//784 2558//784 2557//784
f 2565//785 2572//785 1746//785
f 2567//786 2566//786 1740//786
f 1742//787 2568//787 2567//787
f 2569//788 2568//788 1742//788
f 2570//789 2569//789 1743//789
f 2571//790 2570//790 1744//790
f 2572//791 2571//791 1745//791
f 1740//792 2566//792 2565//792
f 1739//742 1746//742 2484//742
f 1743//737 1742//737 2480//737
f 1745//736 1744//736 2482//736
f 2477//739 2484//739 2492//739
f 2479//738 2478//738 2486//738
f 2481//741 2480//741 2488//741
f 2491//793 2483//793 2482//793
f 1741//727 1740//727 2478//727
f 2581//788 2582//788 2574//788
f 2582//789 2583//789 2575//789
f 2583//790 2584//790 2576//790
f 2584//791 2585//791 2577//791
f 2585//785 2586//785 2578//785
f 2578//792 2586//792 2587//792
f 2579//786 2587//786 2588//786
f 2588//787 2581//787 2573//787
f 2589//780 2590//780 2582//780
f 2582//781 2590//798 2591//798
f 2591//797 2592//797 2584//797
f 2592//783 2593//783 2585//783
f 2593//777 2594//777 2586//777
f 2586//784 2594//784 2595//784
f 2595//778 2596//778 2588//806
f 2588//779 2596//779 2589//779
f 2597//766 2598//766 2590//766
f 2590//795 2598//795 2599//795
f 2599//796 2600//796 2592//796
f 2592//775 2600//775 2601//775
f 2593//764 2601//764 2602//764
f 2602//772 2603//772 2595//772
f 2603//765 2604//765 2596//765
f 2604//773 2597//773 2589//773
f 2605//762 2606//762 2598//762
f 2606//770 2607//770 2599//770
f 2607//763 2608//763 2600//763
f 2600//771 2608//771 2609//771
f 2609//768 2610//768 2602//768
f 2610//761 2611//761 2603//761
f 2603//769 2611//769 2612//769
f 2612//776 2605//776 2597//776
f 2613//756 2614//756 2606//756
f 2614//757 2615//757 2607//757
f 2615//758 2616//758 2608//758
f 2608//759 2616//759 2617//759
f 2617//753 2618//753 2610//753
f 2610//760 2618//760 2619//760
f 2619//754 2620//754 2612//754
f 2612//755 2620//755 2613//755
f 2621//746 2622//746 2614//746
f 2622//747 2623//747 2615//747
f 2623//750 2624//750 2616//750
f 2624//751 2625//751 2617//751
f 2617//743 2625//743 2626//743
f 2626//752 2627//752 2619//752
f 2627//744 2628//744 2620//744
f 2620//745 2628//745 2621//745
f 2629//732 2630//732 2622//732
f 2630//793 2631//793 2623//740
f 2631//733 2632//733 2624//733
f 2632//741 2633//741 2625//741
f 2633//730 2634//730 2626//730
f 2634//738 2635//738 2627//738
f 2635//731 2636//731 2628//731
f 2628//739 2636//739 2629//739
f 2637//728 2638//728 2630//728
f 2638//736 2639//736 2631//736
f 2639//729 2640//729 2632//729
f 2640//737 2641//737 2633//737
f 2641//734 2642//734 2634//734
f 2634//727 2642//727 2643//727
f 2643//735 2644//735 2636//735
f 2636//742 2644//742 2637//742
f 2645//791 2646//791 2638//791
f 2646//790 2647//790 2639//790
f 2647//789 2648//789 2640//789
f 2648//788 2649//788 2641//788
f 2649//787 2650//787 2642//787
f 2650//786 2651//786 2643//786
f 2643//792 2651//792 2652//792
f 2652//785 2645//785 2637//785
f 2653//783 2654//783 2646//783
f 2646//797 2654//797 2655//797
f 2655//798 2656//798 2648//798
f 2648//780 2656//780 2657//780
f 2649//779 2657//779 2658//779
f 2658//778 2659//778 2651//778
f 2659//784 2660//784 2652//784
f 2660//777 2653//777 2645//777
f 2661//775 2662//775 2654//775
f 2654//796 2662//796 2663//796
f 2663//795 2664//795 2656//795
f 2664//766 2665//766 2657//766
f 2665//773 2666//773 2658//773
f 2666//765 2667//765 2659//765
f 2667//772 2668//772 2660//772
f 2660//764 2668//764 2661//764
f 2661//771 2669//771 2670//771
f 2670//763 2671//763 2663//763
f 2671//770 2672//770 2664//770
f 2672//762 2673//762 2665//762
f 2673//776 2674//776 2666//776
f 2674//769 2675//769 2667//769
f 2667//761 2675//761 2676//761
f 2676//768 2669//768 2661//768
f 2677//759 2678//759 2670//759
f 2678//758 2679//758 2671//758
f 2671//757 2679//757 2680//757
f 2672//756 2680//756 2681//756
f 2681//755 2682//755 2674//755
f 2682//754 2683//754 2675//754
f 2683//760 2684//760 2676//760
f 2676//753 2684//753 2677//753
f 2685//751 2686//751 2678//751
f 2678//749 2686//749 2687//749
f 2687//747 2688//747 2680//747
f 2688//746 2689//746 2681//746
f 2689//745 2690//745 2682//745
f 2690//744 2691//744 2683//744
f 2691//800 2692//800 2684//800
f 2684//743 2692//743 2685//743
f 2685//741 2693//741 2694//741
f 2694//794 2695//794 2687//794
f 2687//740 2695//740 2696//740
f 2688//732 2696//732 2697//732
f 2697//739 2698//739 2690//739
f 2698//731 2699//731 2691//731
f 2699//801 2700//801 2692//801
f 2700//730 2693//730 2685//730
f 2573//737 2574//737 2694//737
f 2574//729 2575//729 2695//729
f 2575//736 2576//736 2696//736
f 2576//728 2577//728 2697//728
f 2697//742 2577//742 2578//742
f 2698//735 2578//735 2579//735
f 2579//727 2580//727 2700//727
f 2580//734 2573//734 2693//734
usemtl Glass
f 1037//147 374//147 999//147
f 1036//149 371//149 372//149
f 1038//141 374//141 375//141
f 1036//143 373//143 1037//143
f 1035//807 2388//807 371//807
f 374//295 1684//295 375//295
f 372//150 1682//150 373//150
f 371//455 2388//455 1680//455
f 373//296 1683//296 374//296
f 371//156 1681//156 372//156
f 1680//298 2388//298 378//298
f 1682//161 381//161 1683//161
f 1680//299 379//299 1681//299
f 1683//44 382//44 1684//44
f 1681//297 380//297 1682//297
f 380//175 1017//175 381//175
f 378//166 1015//166 379//166
f 382//169 1017//169 1018//168
f 379//171 1016//171 380//171
f 378//808 2388//808 1014//808
f 1017//178 389//178 1018//178
f 1015//180 387//180 1016//180
f 1014//809 2388//809 385//809
f 1016//184 388//184 1017//184
f 1015//186 385//186 386//186
f 389//71 1704//71 1705//71
f 386//195 1703//195 387//195
f 385//549 2388//549 1701//549
f 387//192 1704//192 388//192
f 386//193 1701//193 1702//193
f 1703//197 395//197 1704//197
f 1701//451 393//451 1702//451
f 1704//17 396//17 1705//17
f 1703//311 393//311 394//311
f 1701//201 2388//201 392//201
f 395//314 1037//314 999//314
f 392//211 1036//211 393//211
f 395//316 1038//316 396//316
f 393//206 1037//206 394//206
f 392//810 2388//810 1035//810
f 999//314 1002//314 1037//314
f 1001//211 1035//211 1036//211
f 1004//316 999//316 1038//316
f 1002//206 1036//206 1037//206
f 1035//810 1000//810 2388//810
f 2400//17 1003//17 1004//17
f 2398//311 1001//311 1002//311
f 1000//201 2396//201 2388//201
f 2399//197 1002//197 1003//197
f 2397//451 1000//451 1001//451
f 2396//549 1007//549 2388//549
f 1010//192 2398//192 2399//192
f 1008//193 2396//193 2397//193
f 1011//71 2399//71 2400//71
f 1009//195 2397//195 2398//195
f 1017//184 1009//184 1010//184
f 1015//186 1007//186 1008//186
f 1018//178 1010//178 1011//178
f 1016//180 1008//180 1009//180
f 1007//809 1014//809 2388//809
f 1025//169 1017//169 1018//168
f 1023//171 1015//171 1016//171
f 1014//808 1021//808 2388//808
f 1017//176 1023//176 1016//176
f 1015//166 1021//166 1014//166
f 2429//44 1024//44 1025//44
f 1023//297 2426//297 1022//297
f 1021//298 2425//298 2388//298
f 2428//161 1023//161 1024//161
f 2426//299 1021//299 1022//299
f 2428//296 1030//296 2427//296
f 1029//156 2425//156 2426//156
f 1032//295 2428//295 2429//295
f 2427//150 1029//150 2426//150
f 2425//455 1028//455 2388//455
f 1031//147 1037//147 1030//147
f 1029//149 1035//149 1028//149
f 1038//141 1031//141 1032//141
f 1030//143 1036//143 1029//143
f 1028//807 1035//807 2388//807
f 1676//175 2441//175 2387//175
f 1674//166 2439//166 2440//166
f 1677//169 2387//169 2442//169
f 1675//171 2440//171 2441//171
f 2439//808 1673//808 2388//808
f 1684//44 1676//44 1677//44
f 1682//297 1674//297 1675//297
f 1673//298 1680//298 2388//298
f 1683//161 1675//161 1676//161
f 1681//299 1673//299 1674//299
f 1680//455 1687//455 2388//455
f 1683//296 1689//296 1682//296
f 1688//156 1680//156 1681//156
f 1691//295 1683//295 1684//295
f 1689//150 1681//150 1682//150
f 2414//147 1689//147 1690//147
f 2412//149 1687//149 1688//149
f 2415//141 1690//141 1691//141
f 2413//143 1688//143 1689//143
f 1687//807 2411//807 2388//807
f 1698//316 2414//316 2415//205
f 1696//206 2412//206 2413//206
f 2411//810 1694//810 2388//810
f 1697//314 2413//314 2414//314
f 1695//211 2411//211 2412//211
f 1705//17 1697//17 1698//17
f 1703//311 1695//311 1696//311
f 1694//201 1701//201 2388//201
f 1697//197 1703//197 1696//197
f 1695//451 1701//451 1694//451
f 1704//192 1710//192 1703//192
f 1709//193 1701//193 1702//193
f 1712//71 1704//71 1705//71
f 1710//195 1702//195 1703//195
f 1701//549 1708//549 2388//549
f 1711//184 2441//184 1710//184
f 2440//186 1708//186 1709//186
f 2442//178 1711//178 1712//178
f 2441//180 1709//180 1710//180
f 1708//809 2439//809 2388//809
f 2387//184 2391//184 2392//184
f 2439//186 2390//186 2440//186
f 2442//178 2392//178 2393//178
f 2440//180 2391//180 2441//180
f 2439//809 2388//809 2389//809
f 2393//71 2399//71 2400//71
f 2390//195 2398//195 2391//195
f 2389//549 2388//549 2396//549
f 2391//192 2399//192 2392//192
f 2389//193 2397//193 2390//193
f 2396//201 2388//201 2404//201
f 2399//197 2406//197 2407//197
f 2396//451 2405//451 2397//451
f 2400//17 2407//17 2408//17
f 2398//311 2405//311 2406//311
f 2406//314 2414//314 2407//314
f 2404//211 2412//211 2405//211
f 2408//316 2414//316 2415//205
f 2406//206 2412//206 2413//206
f 2404//810 2388//810 2411//810
f 2414//141 2422//141 2415//141
f 2412//143 2420//143 2413//143
f 2411//807 2388//807 2418//807
f 2413//147 2421//147 2414//147
f 2411//149 2419//149 2412//149
f 2421//295 2429//295 2422//295
f 2419//150 2427//150 2420//150
f 2418//455 2388//455 2425//455
f 2421//296 2427//296 2428//296
f 2419//156 2425//156 2426//156
f 2427//161 2435//161 2428//161
f 2426//299 2432//299 2433//299
f 2428//44 2436//44 2429//44
f 2426//297 2434//297 2427//297
f 2425//298 2388//298 2432//298
f 2435//175 2441//175 2387//175
f 2432//166 2440//166 2433//166
f 2435//169 2442//169 2436//169
f 2433//171 2441//171 2434//171
f 2432//808 2388//808 2439//808
f 1037//147 373//147 374//147
f 1036//149 1035//149 371//149
f 1038//141 999//141 374//141
f 1036//143 372//143 373//143
f 374//295 1683//295 1684//295
f 372//150 1681//150 1682//150
f 373//296 1682//296 1683//296
f 371//156 1680//156 1681//156
f 1682//161 380//161 381//161
f 1680//299 378//299 379//299
f 1683//44 381//44 382//44
f 1681//297 379//297 380//297
f 380//176 1016//176 1017//176
f 378//166 1014//166 1015//166
f 382//169 381//169 1017//169
f 379//171 1015//171 1016//171
f 1017//178 388//178 389//178
f 1015//180 386//180 387//180
f 1016//184 387//184 388//184
f 1015//186 1014//186 385//186
f 389//71 388//71 1704//71
f 386//195 1702//195 1703//195
f 387//192 1703//192 1704//192
f 386//193 385//193 1701//193
f 1703//197 394//197 395//197
f 1701//451 392//451 393//451
f 1704//17 395//17 396//17
f 1703//311 1702//311 393//311
f 395//314 394//314 1037//314
f 392//211 1035//211 1036//211
f 395//316 999//316 1038//316
f 393//206 1036//206 1037//206
f 999//314 1003//314 1002//314
f 1001//211 1000//211 1035//211
f 1004//316 1003//316 999//316
f 1002//206 1001//206 1036//206
f 2400//17 2399//17 1003//17
f 2398//311 2397//311 1001//311
f 2399//197 2398//197 1002//197
f 2397//451 2396//451 1000//451
f 1010//192 1009//192 2398//192
f 1008//193 1007//193 2396//193
f 1011//71 1010//71 2399//71
f 1009//195 1008//195 2397//195
f 1017//184 1016//184 1009//184
f 1015//186 1014//186 1007//186
f 1018//178 1017//178 1010//178
f 1016//180 1015//180 1008//180
f 1025//169 1024//169 1017//169
f 1023//171 1022//171 1015//171
f 1017//175 1024//175 1023//175
f 1015//166 1022//166 1021//166
f 2429//44 2428//44 1024//44
f 1023//297 2427//297 2426//297
f 2428//161 2427//161 1023//161
f 2426//299 2425//299 1021//299
f 2428//296 1031//296 1030//296
f 1029//156 1028//156 2425//156
f 1032//295 1031//295 2428//295
f 2427//150 1030//150 1029//150
f 1031//147 999//147 1037//147
f 1029//149 1036//149 1035//149
f 1038//141 999//141 1031//141
f 1030//143 1037//143 1036//143
f 1676//175 1675//175 2441//175
f 1674//166 1673//166 2439//166
f 1677//169 1676//169 2387//169
f 1675//171 1674//171 2440//171
f 1684//44 1683//44 1676//44
f 1682//297 1681//297 1674//297
f 1683//161 1682//161 1675//161
f 1681//299 1680//299 1673//299
f 1683//296 1690//296 1689//296
f 1688//156 1687//156 1680//156
f 1691//295 1690//295 1683//295
f 1689//150 1688//150 1681//150
f 2414//147 2413//147 1689//147
f 2412//149 2411//149 1687//149
f 2415//141 2414//141 1690//141
f 2413//143 2412//143 1688//143
f 1698//316 1697//316 2414//316
f 1696//206 1695//206 2412//206
f 1697//314 1696//314 2413//314
f 1695//211 1694//211 2411//211
f 1705//17 1704//17 1697//17
f 1703//311 1702//311 1695//311
f 1697//197 1704//197 1703//197
f 1695//451 1702//451 1701//451
f 1704//192 1711//192 1710//192
f 1709//193 1708//193 1701//193
f 1712//71 1711//71 1704//71
f 1710//195 1709//195 1702//195
f 1711//184 2387//184 2441//184
f 2440//186 2439//186 1708//186
f 2442//178 2387//178 1711//178
f 2441//180 2440//180 1709//180
f 2387//184 2441//184 2391//184
f 2439//186 2389//186 2390//186
f 2442//178 2387//178 2392//178
f 2440//180 2390//180 2391//180
f 2393//71 2392//71 2399//71
f 2390//195 2397//195 2398//195
f 2391//192 2398//192 2399//192
f 2389//193 2396//193 2397//193
f 2399//197 2398//197 2406//197
f 2396//451 2404//451 2405//451
f 2400//17 2399//17 2407//17
f 2398//311 2397//311 2405//311
f 2406//210 2413//210 2414//210
f 2404//211 2411//211 2412//211
f 2408//316 2407//316 2414//316
f 2406//206 2405//206 2412//206
f 2414//141 2421//141 2422//141
f 2412//143 2419//143 2420//143
f 2413//147 2420//147 2421//147
f 2411//149 2418//149 2419//149
f 2421//295 2428//295 2429//295
f 2419//150 2426//150 2427//150
f 2421//296 2420//296 2427//296
f 2419//156 2418//156 2425//156
f 2427//161 2434//161 2435//161
f 2426//299 2425//299 2432//299
f 2428//44 2435//44 2436//44
f 2426//297 2433//297 2434//297
f 2435//175 2434//175 2441//175
f 2432//166 2439//166 2440//166
f 2435//169 2387//169 2442//169
f 2433//171 2440//171 2441//171
