# Blender 5.1.0
# www.blender.org
mtllib ufo.mtl
o Body
v 0.701855 -0.274357 0.377043 0.6471 0.6510 0.6432
v 0.649046 0.188964 0.226363 0.6471 0.6510 0.6432
v 0.504141 -0.274357 0.616930 0.6471 0.6510 0.6432
v 0.513015 0.188964 0.457511 0.6471 0.6510 0.6432
v 0.229677 -0.274357 0.762895 0.6471 0.6510 0.6432
v 0.298882 0.188964 0.619008 0.6471 0.6510 0.6432
v 1.167598 -0.111719 0.433182 0.6471 0.6510 0.6432
v 1.167598 -0.010353 0.433182 0.6471 0.6510 0.6432
v 0.912948 -0.111719 0.847029 0.6471 0.6510 0.6432
v 0.912948 -0.010353 0.847029 0.6471 0.6510 0.6432
v 0.519310 -0.111719 1.131922 0.6471 0.6510 0.6432
v 0.519310 -0.010353 1.131922 0.6471 0.6510 0.6432
v 0.567383 -0.311036 0.197937 0.6471 0.6510 0.6432
v 0.448489 -0.311036 0.399966 0.6471 0.6510 0.6432
v 0.261198 -0.311036 0.541218 0.6471 0.6510 0.6432
v 0.649046 -0.311036 0.226363 0.6471 0.6510 0.6432
v 0.513015 -0.311036 0.457511 0.6471 0.6510 0.6432
v 0.298882 -0.311036 0.619008 0.6471 0.6510 0.6432
v 0.242410 -0.424977 0.501310 0.6471 0.6510 0.6432
v 0.511071 -0.424977 0.182835 0.6471 0.6510 0.6432
v 0.416111 -0.424977 0.371239 0.6471 0.6510 0.6432
v 0.234179 -0.424977 0.484457 0.6471 0.6510 0.6432
v 0.493325 -0.424977 0.176688 0.6471 0.6510 0.6432
v 0.402100 -0.424977 0.358744 0.6471 0.6510 0.6432
v 0.699678 0.087499 0.638497 1.0000 0.8980 0.0000
v 0.703115 0.099329 0.645616 1.0000 0.8980 0.0000
v 0.704322 0.113284 0.648116 1.0000 0.8980 0.0000
v 0.703115 0.127239 0.645616 1.0000 0.8980 0.0000
v 0.398749 0.113284 0.793184 1.0000 0.8980 0.0000
v 0.699678 0.139069 0.638497 1.0000 0.8980 0.0000
v 0.694534 0.146974 0.627844 1.0000 0.8980 0.0000
v 0.688466 0.076818 0.615277 1.0000 0.8980 0.0000
v 0.701643 0.079594 0.619873 1.0000 0.8980 0.0000
v 0.400831 0.149750 0.829591 1.0000 0.8980 0.0000
v 0.410119 0.146974 0.819176 1.0000 0.8980 0.0000
v 0.417993 0.139069 0.810346 1.0000 0.8980 0.0000
v 0.423254 0.127239 0.804447 1.0000 0.8980 0.0000
v 0.425102 0.113284 0.802375 1.0000 0.8980 0.0000
v 0.423254 0.099329 0.804447 1.0000 0.8980 0.0000
v 0.417993 0.087499 0.810346 1.0000 0.8980 0.0000
v 0.410119 0.079594 0.819176 1.0000 0.8980 0.0000
v 0.712813 0.087499 0.623769 1.0000 0.8980 0.0000
v 0.720277 0.099329 0.626372 1.0000 0.8980 0.0000
v 0.414763 0.146974 0.828794 1.0000 0.8980 0.0000
v 0.426574 0.139069 0.828118 1.0000 0.8980 0.0000
v 0.434466 0.127239 0.827667 1.0000 0.8980 0.0000
v 0.437237 0.113284 0.827509 1.0000 0.8980 0.0000
v 0.434466 0.099329 0.827667 1.0000 0.8980 0.0000
v 0.426574 0.087499 0.828118 1.0000 0.8980 0.0000
v 0.414763 0.079594 0.828794 1.0000 0.8980 0.0000
v 0.400831 0.076818 0.829591 1.0000 0.8980 0.0000
v 0.722898 0.113284 0.627286 1.0000 0.8980 0.0000
v 0.411246 0.146974 0.838879 1.0000 0.8980 0.0000
v 0.420075 0.139069 0.846753 1.0000 0.8980 0.0000
v 0.425975 0.127239 0.852014 1.0000 0.8980 0.0000
v 0.428046 0.113284 0.853862 1.0000 0.8980 0.0000
v 0.425975 0.099329 0.852014 1.0000 0.8980 0.0000
v 0.420075 0.087499 0.846753 1.0000 0.8980 0.0000
v 0.411246 0.079594 0.838879 1.0000 0.8980 0.0000
v 0.720277 0.127239 0.626372 1.0000 0.8980 0.0000
v 0.712813 0.139069 0.623769 1.0000 0.8980 0.0000
v 0.401628 0.146974 0.843523 1.0000 0.8980 0.0000
v 0.402303 0.139069 0.855334 1.0000 0.8980 0.0000
v 0.402755 0.127239 0.863226 1.0000 0.8980 0.0000
v 0.402913 0.113284 0.865997 1.0000 0.8980 0.0000
v 0.402755 0.099329 0.863226 1.0000 0.8980 0.0000
v 0.402303 0.087499 0.855334 1.0000 0.8980 0.0000
v 0.401628 0.079594 0.843523 1.0000 0.8980 0.0000
v 0.701643 0.146974 0.619873 1.0000 0.8980 0.0000
v 0.701033 0.079594 0.609209 1.0000 0.8980 0.0000
v 0.391543 0.146974 0.840005 1.0000 0.8980 0.0000
v 0.383669 0.139069 0.848835 1.0000 0.8980 0.0000
v 0.378408 0.127239 0.854734 1.0000 0.8980 0.0000
v 0.376560 0.113284 0.856806 1.0000 0.8980 0.0000
v 0.378408 0.099329 0.854734 1.0000 0.8980 0.0000
v 0.383669 0.087499 0.848835 1.0000 0.8980 0.0000
v 0.391543 0.079594 0.840005 1.0000 0.8980 0.0000
v 0.711687 0.087499 0.604065 1.0000 0.8980 0.0000
v 0.718805 0.099329 0.600628 1.0000 0.8980 0.0000
v 0.386899 0.146974 0.830387 1.0000 0.8980 0.0000
v 0.375088 0.139069 0.831063 1.0000 0.8980 0.0000
v 0.367196 0.127239 0.831514 1.0000 0.8980 0.0000
v 0.364425 0.113284 0.831673 1.0000 0.8980 0.0000
v 0.367196 0.099329 0.831514 1.0000 0.8980 0.0000
v 0.375088 0.087499 0.831063 1.0000 0.8980 0.0000
v 0.386899 0.079594 0.830387 1.0000 0.8980 0.0000
v 0.721305 0.113284 0.599421 1.0000 0.8980 0.0000
v 0.718805 0.127239 0.600628 1.0000 0.8980 0.0000
v 0.390416 0.146974 0.820302 1.0000 0.8980 0.0000
v 0.381587 0.139069 0.812428 1.0000 0.8980 0.0000
v 0.375687 0.127239 0.807167 1.0000 0.8980 0.0000
v 0.373616 0.113284 0.805320 1.0000 0.8980 0.0000
v 0.375687 0.099329 0.807167 1.0000 0.8980 0.0000
v 0.381587 0.087499 0.812428 1.0000 0.8980 0.0000
v 0.390416 0.079594 0.820302 1.0000 0.8980 0.0000
v 0.711687 0.139069 0.604066 1.0000 0.8980 0.0000
v 0.701033 0.146974 0.609209 1.0000 0.8980 0.0000
v 0.400034 0.146974 0.815659 1.0000 0.8980 0.0000
v 0.399359 0.139069 0.803847 1.0000 0.8980 0.0000
v 0.398907 0.127239 0.795955 1.0000 0.8980 0.0000
v 0.688466 0.149750 0.615277 1.0000 0.8980 0.0000
v 0.398907 0.099329 0.795955 1.0000 0.8980 0.0000
v 0.399359 0.087499 0.803847 1.0000 0.8980 0.0000
v 0.400034 0.079594 0.815659 1.0000 0.8980 0.0000
v 0.700475 0.113284 0.580845 1.0000 0.8980 0.0000
v 0.694534 0.079594 0.627844 1.0000 0.8980 0.0000
v 0.683871 0.146974 0.628454 1.0000 0.8980 0.0000
v 0.679975 0.139069 0.639624 1.0000 0.8980 0.0000
v 0.677372 0.127239 0.647088 1.0000 0.8980 0.0000
v 0.676458 0.113284 0.649709 1.0000 0.8980 0.0000
v 0.677372 0.099329 0.647088 1.0000 0.8980 0.0000
v 0.679975 0.087499 0.639624 1.0000 0.8980 0.0000
v 0.683871 0.079594 0.628454 1.0000 0.8980 0.0000
v 0.675900 0.146974 0.621345 1.0000 0.8980 0.0000
v 0.665246 0.139069 0.626489 1.0000 0.8980 0.0000
v 0.658128 0.127239 0.629926 1.0000 0.8980 0.0000
v 0.655628 0.113284 0.631133 1.0000 0.8980 0.0000
v 0.658128 0.099329 0.629926 1.0000 0.8980 0.0000
v 0.665246 0.087499 0.626489 1.0000 0.8980 0.0000
v 0.675900 0.079594 0.621345 1.0000 0.8980 0.0000
v 0.675290 0.146974 0.610682 1.0000 0.8980 0.0000
v 0.664119 0.139069 0.606786 1.0000 0.8980 0.0000
v 0.656655 0.127239 0.604183 1.0000 0.8980 0.0000
v 0.654034 0.113284 0.603269 1.0000 0.8980 0.0000
v 0.656655 0.099329 0.604183 1.0000 0.8980 0.0000
v 0.664119 0.087499 0.606786 1.0000 0.8980 0.0000
v 0.675290 0.079594 0.610682 1.0000 0.8980 0.0000
v 0.682399 0.146974 0.602710 1.0000 0.8980 0.0000
v 0.677255 0.139070 0.592057 1.0000 0.8980 0.0000
v 0.673818 0.127239 0.584939 1.0000 0.8980 0.0000
v 0.672611 0.113284 0.582439 1.0000 0.8980 0.0000
v 0.673818 0.099329 0.584939 1.0000 0.8980 0.0000
v 0.677255 0.087499 0.592057 1.0000 0.8980 0.0000
v 0.682399 0.079594 0.602710 1.0000 0.8980 0.0000
v 0.693062 0.146974 0.602101 1.0000 0.8980 0.0000
v 0.696958 0.139070 0.590930 1.0000 0.8980 0.0000
v 0.699561 0.127239 0.583466 1.0000 0.8980 0.0000
v 0.699561 0.099329 0.583466 1.0000 0.8980 0.0000
v 0.696958 0.087499 0.590930 1.0000 0.8980 0.0000
v 0.693062 0.079594 0.602101 1.0000 0.8980 0.0000
v 0.872985 0.087499 0.329782 1.0000 0.8980 0.0000
v 0.873436 0.099329 0.337674 1.0000 0.8980 0.0000
v 0.873595 0.113284 0.340446 1.0000 0.8980 0.0000
v 0.873436 0.127239 0.337674 1.0000 0.8980 0.0000
v 0.872985 0.139070 0.329782 1.0000 0.8980 0.0000
v 0.872310 0.146974 0.317971 1.0000 0.8980 0.0000
v 0.871513 0.076818 0.304039 1.0000 0.8980 0.0000
v 0.881927 0.079594 0.313327 1.0000 0.8980 0.0000
v 0.890757 0.087499 0.321201 1.0000 0.8980 0.0000
v 0.896657 0.099329 0.326463 1.0000 0.8980 0.0000
v 0.898728 0.113284 0.328310 1.0000 0.8980 0.0000
v 0.896657 0.127239 0.326463 1.0000 0.8980 0.0000
v 0.890757 0.139070 0.321202 1.0000 0.8980 0.0000
v 0.881927 0.146974 0.313327 1.0000 0.8980 0.0000
v 0.885445 0.079594 0.303242 1.0000 0.8980 0.0000
v 0.897256 0.087499 0.302567 1.0000 0.8980 0.0000
v 0.905148 0.099329 0.302116 1.0000 0.8980 0.0000
v 0.907919 0.113284 0.301957 1.0000 0.8980 0.0000
v 0.905148 0.127239 0.302116 1.0000 0.8980 0.0000
v 0.897256 0.139070 0.302567 1.0000 0.8980 0.0000
v 0.885445 0.146974 0.303243 1.0000 0.8980 0.0000
v 0.871513 0.149750 0.304039 1.0000 0.8980 0.0000
v 0.895784 0.113284 0.276824 1.0000 0.8980 0.0000
v 0.872310 0.079594 0.317971 1.0000 0.8980 0.0000
v 0.862225 0.146974 0.314454 1.0000 0.8980 0.0000
v 0.854351 0.139070 0.323283 1.0000 0.8980 0.0000
v 0.849089 0.127239 0.329183 1.0000 0.8980 0.0000
v 0.847242 0.113284 0.331255 1.0000 0.8980 0.0000
v 0.849089 0.099329 0.329183 1.0000 0.8980 0.0000
v 0.854351 0.087499 0.323283 1.0000 0.8980 0.0000
v 0.862225 0.079594 0.314454 1.0000 0.8980 0.0000
v 0.857581 0.146974 0.304836 1.0000 0.8980 0.0000
v 0.845770 0.139070 0.305512 1.0000 0.8980 0.0000
v 0.837878 0.127239 0.305963 1.0000 0.8980 0.0000
v 0.835106 0.113284 0.306121 1.0000 0.8980 0.0000
v 0.837878 0.099329 0.305963 1.0000 0.8980 0.0000
v 0.845770 0.087499 0.305512 1.0000 0.8980 0.0000
v 0.857581 0.079594 0.304836 1.0000 0.8980 0.0000
v 0.861098 0.146974 0.294751 1.0000 0.8980 0.0000
v 0.852268 0.139070 0.286877 1.0000 0.8980 0.0000
v 0.846369 0.127239 0.281616 1.0000 0.8980 0.0000
v 0.844297 0.113284 0.279768 1.0000 0.8980 0.0000
v 0.846369 0.099329 0.281616 1.0000 0.8980 0.0000
v 0.852268 0.087499 0.286877 1.0000 0.8980 0.0000
v 0.861098 0.079594 0.294751 1.0000 0.8980 0.0000
v 0.870716 0.146974 0.290107 1.0000 0.8980 0.0000
v 0.870040 0.139070 0.278296 1.0000 0.8980 0.0000
v 0.869589 0.127239 0.270404 1.0000 0.8980 0.0000
v 0.869431 0.113284 0.267633 1.0000 0.8980 0.0000
v 0.869589 0.099329 0.270404 1.0000 0.8980 0.0000
v 0.870040 0.087499 0.278296 1.0000 0.8980 0.0000
v 0.870716 0.079594 0.290107 1.0000 0.8980 0.0000
v 0.880801 0.146974 0.293624 1.0000 0.8980 0.0000
v 0.888675 0.139070 0.284795 1.0000 0.8980 0.0000
v 0.893936 0.127239 0.278895 1.0000 0.8980 0.0000
v 0.893936 0.099329 0.278895 1.0000 0.8980 0.0000
v 0.888675 0.087499 0.284795 1.0000 0.8980 0.0000
v 0.880801 0.079594 0.293624 1.0000 0.8980 0.0000
v 0.064441 0.113284 0.887330 1.0000 0.8980 0.0000
v 0.064999 0.146974 0.915694 1.0000 0.8980 0.0000
v 0.075653 0.139069 0.910550 1.0000 0.8980 0.0000
v 0.082771 0.127239 0.907113 1.0000 0.8980 0.0000
v 0.085271 0.113284 0.905906 1.0000 0.8980 0.0000
v 0.082771 0.099329 0.907113 1.0000 0.8980 0.0000
v 0.075653 0.087499 0.910550 1.0000 0.8980 0.0000
v 0.064999 0.079594 0.915694 1.0000 0.8980 0.0000
v 0.065609 0.146974 0.926357 1.0000 0.8980 0.0000
v 0.076780 0.139069 0.930253 1.0000 0.8980 0.0000
v 0.084243 0.127239 0.932856 1.0000 0.8980 0.0000
v 0.086864 0.113284 0.933770 1.0000 0.8980 0.0000
v 0.084243 0.099329 0.932856 1.0000 0.8980 0.0000
v 0.076780 0.087499 0.930253 1.0000 0.8980 0.0000
v 0.065609 0.079594 0.926357 1.0000 0.8980 0.0000
v 0.058500 0.146974 0.934328 1.0000 0.8980 0.0000
v 0.063644 0.139069 0.944982 1.0000 0.8980 0.0000
v 0.067081 0.127239 0.952100 1.0000 0.8980 0.0000
v 0.068288 0.113284 0.954600 1.0000 0.8980 0.0000
v 0.067081 0.099329 0.952100 1.0000 0.8980 0.0000
v 0.063644 0.087499 0.944982 1.0000 0.8980 0.0000
v 0.058500 0.079594 0.934328 1.0000 0.8980 0.0000
v 0.057028 0.146974 0.908585 1.0000 0.8980 0.0000
v 0.060924 0.139069 0.897415 1.0000 0.8980 0.0000
v 0.063527 0.127239 0.889951 1.0000 0.8980 0.0000
v 0.063527 0.099329 0.889951 1.0000 0.8980 0.0000
v 0.060924 0.087499 0.897415 1.0000 0.8980 0.0000
v 0.057028 0.079594 0.908585 1.0000 0.8980 0.0000
v 0.914239 0.087499 -0.029035 1.0000 0.8980 0.0000
v 0.911636 0.099329 -0.021572 1.0000 0.8980 0.0000
v 0.910722 0.113284 -0.018951 1.0000 0.8980 0.0000
v 0.911636 0.127239 -0.021572 1.0000 0.8980 0.0000
v 0.914239 0.139070 -0.029035 1.0000 0.8980 0.0000
v 0.918135 0.146974 -0.040206 1.0000 0.8980 0.0000
v 0.928798 0.079594 -0.040816 1.0000 0.8980 0.0000
v 0.933942 0.087499 -0.030162 1.0000 0.8980 0.0000
v 0.937379 0.099329 -0.023044 1.0000 0.8980 0.0000
v 0.938586 0.113284 -0.020544 1.0000 0.8980 0.0000
v 0.937379 0.127239 -0.023044 1.0000 0.8980 0.0000
v 0.933942 0.139070 -0.030162 1.0000 0.8980 0.0000
v 0.928798 0.146974 -0.040816 1.0000 0.8980 0.0000
v 0.935907 0.079594 -0.048787 1.0000 0.8980 0.0000
v 0.947077 0.087499 -0.044891 1.0000 0.8980 0.0000
v 0.954541 0.099329 -0.042288 1.0000 0.8980 0.0000
v 0.957162 0.113284 -0.041374 1.0000 0.8980 0.0000
v 0.954541 0.127239 -0.042288 1.0000 0.8980 0.0000
v 0.947077 0.139070 -0.044891 1.0000 0.8980 0.0000
v 0.935907 0.146974 -0.048787 1.0000 0.8980 0.0000
v 0.918135 0.079594 -0.040206 1.0000 0.8980 0.0000
v 0.910164 0.146974 -0.047315 1.0000 0.8980 0.0000
v 0.899510 0.139070 -0.042171 1.0000 0.8980 0.0000
v 0.892392 0.127239 -0.038734 1.0000 0.8980 0.0000
v 0.889892 0.113284 -0.037527 1.0000 0.8980 0.0000
v 0.892392 0.099329 -0.038734 1.0000 0.8980 0.0000
v 0.899510 0.087499 -0.042171 1.0000 0.8980 0.0000
v 0.910164 0.079594 -0.047315 1.0000 0.8980 0.0000
v 0.563471 -0.010353 1.110600 0.6471 0.6510 0.6432
v 0.563471 -0.111719 1.110600 0.6471 0.6510 0.6432
v 0.095572 -0.111719 1.241692 0.6471 0.6510 0.6432
v 0.095572 -0.010353 1.241692 0.6471 0.6510 0.6432
v 0.945588 -0.010353 0.810429 0.6471 0.6510 0.6432
v 0.945588 -0.111719 0.810429 0.6471 0.6510 0.6432
v 0.366192 -0.181731 1.045627 0.6471 0.6510 0.6432
v 0.543512 0.022980 1.125653 0.6471 0.6510 0.6432
v 1.183747 -0.010353 0.386878 0.6471 0.6510 0.6432
v 1.183747 -0.111719 0.386878 0.6471 0.6510 0.6432
v 0.738461 -0.181731 0.825898 0.6471 0.6510 0.6432
v 0.932908 0.022980 0.831975 0.6471 0.6510 0.6432
v 1.244492 -0.010353 -0.046612 0.6471 0.6510 0.6432
v 1.244492 -0.111719 -0.046612 0.6471 0.6510 0.6432
v 0.998307 -0.181731 0.480434 0.6471 0.6510 0.6432
v 1.180278 0.022980 0.411636 0.6471 0.6510 0.6432
v 0.101403 -0.027020 1.214356 0.6471 0.6510 0.6432
v 0.101403 -0.095052 1.214356 0.6471 0.6510 0.6432
v 0.500941 -0.027020 1.110856 0.6471 0.6510 0.6432
v 0.500941 -0.095052 1.110856 0.6471 0.6510 0.6432
v 1.221211 -0.027020 -0.046913 0.6471 0.6510 0.6432
v 1.221211 -0.095052 -0.046913 0.6471 0.6510 0.6432
v 0.881422 -0.027020 0.841876 0.6471 0.6510 0.6432
v 0.881422 -0.095052 0.841876 0.6471 0.6510 0.6432
v 0.551905 -0.095052 1.090393 0.6471 0.6510 0.6432
v 0.551905 -0.027020 1.090393 0.6471 0.6510 0.6432
v 1.139712 -0.027020 0.431276 0.6471 0.6510 0.6432
v 1.139712 -0.095052 0.431276 0.6471 0.6510 0.6432
v 0.930382 -0.095052 0.786977 0.6471 0.6510 0.6432
v 0.930382 -0.027020 0.786977 0.6471 0.6510 0.6432
v 1.163936 -0.095052 0.361820 0.6471 0.6510 0.6432
v 1.163936 -0.027020 0.361820 0.6471 0.6510 0.6432
v 0.089302 -0.010353 1.217490 0.6471 0.6510 0.6432
v 0.089302 -0.111719 1.217490 0.6471 0.6510 0.6432
v 0.513041 -0.010353 1.107721 0.6471 0.6510 0.6432
v 0.513041 -0.111719 1.107721 0.6471 0.6510 0.6432
v 0.891402 -0.010353 0.834349 0.6471 0.6510 0.6432
v 0.891402 -0.111719 0.834349 0.6471 0.6510 0.6432
v 0.541926 -0.111719 1.097920 0.6471 0.6510 0.6432
v 0.541926 -0.010353 1.097920 0.6471 0.6510 0.6432
v 1.146052 -0.010353 0.420503 0.6471 0.6510 0.6432
v 1.146052 -0.111719 0.420503 0.6471 0.6510 0.6432
v 0.924042 -0.111719 0.797750 0.6471 0.6510 0.6432
v 0.924042 -0.010353 0.797750 0.6471 0.6510 0.6432
v 1.222946 -0.010353 -0.059292 0.6471 0.6510 0.6432
v 1.222946 -0.111719 -0.059292 0.6471 0.6510 0.6432
v 1.162201 -0.111719 0.374199 0.6471 0.6510 0.6432
v 1.162201 -0.010353 0.374199 0.6471 0.6510 0.6432
v 0.101403 -0.027020 1.214356 0.6471 0.6510 0.6432
v 0.101403 -0.095052 1.214356 0.6471 0.6510 0.6432
v 0.500941 -0.027020 1.110856 0.6471 0.6510 0.6432
v 0.500941 -0.095052 1.110856 0.6471 0.6510 0.6432
v 0.881422 -0.027020 0.841876 1.0000 0.8980 0.0000
v 0.881422 -0.095052 0.841876 1.0000 0.8980 0.0000
v 0.551905 -0.095052 1.090393 1.0000 0.8980 0.0000
v 0.551905 -0.027020 1.090393 1.0000 0.8980 0.0000
v 1.139712 -0.027020 0.431276 1.0000 0.8980 0.0000
v 1.139712 -0.095052 0.431276 1.0000 0.8980 0.0000
v 0.930382 -0.095052 0.786977 1.0000 0.8980 0.0000
v 0.930382 -0.027020 0.786977 1.0000 0.8980 0.0000
v 1.221211 -0.027020 -0.046913 1.0000 0.8980 0.0000
v 1.221211 -0.095052 -0.046913 1.0000 0.8980 0.0000
v 1.163936 -0.095052 0.361820 1.0000 0.8980 0.0000
v 1.163936 -0.027020 0.361820 1.0000 0.8980 0.0000
v 0.101403 -0.027020 1.214356 1.0000 0.8980 0.0000
v 0.101403 -0.095052 1.214356 1.0000 0.8980 0.0000
v 0.500941 -0.027020 1.110856 1.0000 0.8980 0.0000
v 0.500941 -0.095052 1.110856 1.0000 0.8980 0.0000
v 0.213826 -0.044028 1.236883 1.0000 0.8980 0.0000
v 0.213826 -0.078044 1.236883 1.0000 0.8980 0.0000
v 0.413595 -0.044028 1.185133 1.0000 0.8980 0.0000
v 0.413595 -0.078044 1.185133 1.0000 0.8980 0.0000
v 0.829150 -0.044028 0.943925 1.0000 0.8980 0.0000
v 0.829150 -0.078044 0.943925 1.0000 0.8980 0.0000
v 0.664392 -0.078044 1.068183 1.0000 0.8980 0.0000
v 0.664392 -0.044028 1.068183 1.0000 0.8980 0.0000
v 1.130471 -0.044028 0.545560 1.0000 0.8980 0.0000
v 1.130471 -0.078044 0.545560 1.0000 0.8980 0.0000
v 1.025806 -0.078044 0.723411 1.0000 0.8980 0.0000
v 1.025806 -0.044028 0.723411 1.0000 0.8980 0.0000
v 1.256408 -0.044028 0.062209 1.0000 0.8980 0.0000
v 1.256408 -0.078044 0.062209 1.0000 0.8980 0.0000
v 1.227771 -0.078044 0.266575 1.0000 0.8980 0.0000
v 1.227771 -0.044028 0.266575 1.0000 0.8980 0.0000
v 0.591115 -0.181731 0.937025 0.6471 0.6510 0.6432
v 0.454600 -0.274357 0.654293 0.6471 0.6510 0.6432
v 0.187535 -0.181731 1.091908 0.6471 0.6510 0.6432
v 0.169609 -0.274357 0.778456 0.6471 0.6510 0.6432
v 0.904703 -0.181731 0.639489 0.6471 0.6510 0.6432
v 0.543512 -0.145052 1.125653 0.6471 0.6510 0.6432
v 0.670383 -0.274357 0.430520 0.6471 0.6510 0.6432
v 0.298882 -0.311036 0.619008 0.6471 0.6510 0.6432
v 1.080558 -0.181731 0.244596 0.6471 0.6510 0.6432
v 0.932908 -0.145052 0.831975 0.6471 0.6510 0.6432
v 0.784106 -0.274357 0.141205 0.6471 0.6510 0.6432
v 0.513015 -0.311036 0.457511 0.6471 0.6510 0.6432
v 1.180278 -0.145052 0.411636 0.6471 0.6510 0.6432
v 1.106169 -0.181731 0.061828 0.6471 0.6510 0.6432
v 0.649046 -0.311036 0.226363 0.6471 0.6510 0.6432
v 0.792717 -0.274357 0.079754 0.6471 0.6510 0.6432
v 0.185729 -0.157790 1.084937 1.0000 0.8980 0.0000
v 0.167803 -0.250417 0.771485 1.0000 0.8980 0.0000
v 0.364386 -0.157790 1.038656 1.0000 0.8980 0.0000
v 0.227871 -0.250417 0.755924 1.0000 0.8980 0.0000
v 0.734125 -0.157790 0.820149 1.0000 0.8980 0.0000
v 0.586778 -0.157790 0.931276 1.0000 0.8980 0.0000
v 0.499805 -0.250417 0.611181 1.0000 0.8980 0.0000
v 0.450264 -0.250417 0.648544 1.0000 0.8980 0.0000
v 0.992100 -0.157790 0.476781 1.0000 0.8980 0.0000
v 0.898496 -0.157790 0.635836 1.0000 0.8980 0.0000
v 0.695648 -0.250417 0.373390 1.0000 0.8980 0.0000
v 0.664177 -0.250417 0.426868 1.0000 0.8980 0.0000
v 1.099038 -0.157790 0.060828 1.0000 0.8980 0.0000
v 0.785585 -0.250417 0.078754 1.0000 0.8980 0.0000
v 1.073426 -0.157790 0.243597 1.0000 0.8980 0.0000
v 0.776974 -0.250417 0.140205 1.0000 0.8980 0.0000
v 0.159192 0.638460 -0.178504 0.5569 0.9490 0.6863
v 0.294148 0.502977 -0.329833 0.5569 0.9490 0.6863
v 0.384322 0.300213 -0.430947 0.5569 0.9490 0.6863
v 0.415988 0.061036 -0.466454 0.5569 0.9490 0.6863
v 0.384322 -0.178141 -0.430947 0.5569 0.9490 0.6863
v 0.294148 -0.380906 -0.329833 0.5569 0.9490 0.6863
v 0.159192 -0.516389 -0.178504 0.5569 0.9490 0.6863
v 0.178504 0.638460 0.159192 0.5569 0.9490 0.6863
v 0.329833 0.502977 0.294148 0.5569 0.9490 0.6863
v 0.430947 0.300213 0.384322 0.5569 0.9490 0.6863
v 0.466454 0.061036 0.415987 0.5569 0.9490 0.6863
v 0.430947 -0.178142 0.384322 0.5569 0.9490 0.6863
v 0.329833 -0.380906 0.294147 0.5569 0.9490 0.6863
v 0.178504 -0.516389 0.159191 0.5569 0.9490 0.6863
v -0.159192 0.638460 0.178504 0.5569 0.9490 0.6863
v -0.294148 0.502977 0.329833 0.5569 0.9490 0.6863
v -0.384322 0.300213 0.430947 0.5569 0.9490 0.6863
v -0.415988 0.061036 0.466454 0.5569 0.9490 0.6863
v -0.384322 -0.178142 0.430947 0.5569 0.9490 0.6863
v -0.294148 -0.380906 0.329833 0.5569 0.9490 0.6863
v -0.159192 -0.516389 0.178504 0.5569 0.9490 0.6863
v -0.178504 0.638460 -0.159192 0.5569 0.9490 0.6863
v -0.329833 0.502977 -0.294148 0.5569 0.9490 0.6863
v -0.430947 0.300213 -0.384322 0.5569 0.9490 0.6863
v -0.466454 0.061036 -0.415988 0.5569 0.9490 0.6863
v -0.430947 -0.178141 -0.384322 0.5569 0.9490 0.6863
v -0.329833 -0.380906 -0.294148 0.5569 0.9490 0.6863
v -0.178504 -0.516389 -0.159192 0.5569 0.9490 0.6863
v -0.483607 -0.392833 -0.200317 0.6471 0.6510 0.6432
v -0.434454 -0.414870 -0.179957 0.6471 0.6510 0.6432
v -0.385301 -0.392833 -0.159597 0.6471 0.6510 0.6432
v -0.364942 -0.339630 -0.151164 0.6471 0.6510 0.6432
v -0.385301 -0.286427 -0.159597 0.6471 0.6510 0.6432
v -0.434454 -0.264390 -0.179957 0.6471 0.6510 0.6432
v -0.483607 -0.286427 -0.200317 0.6471 0.6510 0.6432
v -0.503967 -0.339630 -0.208750 0.6471 0.6510 0.6432
v -0.370137 -0.392833 -0.370137 0.6471 0.6510 0.6432
v -0.332517 -0.414870 -0.332517 0.6471 0.6510 0.6432
v -0.294897 -0.392833 -0.294897 0.6471 0.6510 0.6432
v -0.279314 -0.339630 -0.279314 0.6471 0.6510 0.6432
v -0.294897 -0.286427 -0.294897 0.6471 0.6510 0.6432
v -0.332517 -0.264390 -0.332517 0.6471 0.6510 0.6432
v -0.370137 -0.286427 -0.370137 0.6471 0.6510 0.6432
v -0.385719 -0.339630 -0.385720 0.6471 0.6510 0.6432
v -0.200317 -0.392833 -0.483607 0.6471 0.6510 0.6432
v -0.179957 -0.414870 -0.434454 0.6471 0.6510 0.6432
v -0.159597 -0.392833 -0.385301 0.6471 0.6510 0.6432
v -0.151164 -0.339630 -0.364942 0.6471 0.6510 0.6432
v -0.159597 -0.286428 -0.385301 0.6471 0.6510 0.6432
v -0.179957 -0.264390 -0.434454 0.6471 0.6510 0.6432
v -0.200317 -0.286428 -0.483607 0.6471 0.6510 0.6432
v -0.208750 -0.339630 -0.503967 0.6471 0.6510 0.6432
v -0.000000 -0.392833 -0.523453 0.6471 0.6510 0.6432
v -0.000000 -0.414870 -0.470250 0.6471 0.6510 0.6432
v -0.000000 -0.392833 -0.417047 0.6471 0.6510 0.6432
v -0.000000 -0.339630 -0.395010 0.6471 0.6510 0.6432
v 0.000000 -0.286428 -0.417047 0.6471 0.6510 0.6432
v 0.000000 -0.264390 -0.470250 0.6471 0.6510 0.6432
v 0.000000 -0.286428 -0.523453 0.6471 0.6510 0.6432
v 0.000000 -0.339630 -0.545490 0.6471 0.6510 0.6432
v 0.200317 -0.392833 -0.483607 0.6471 0.6510 0.6432
v 0.179957 -0.414870 -0.434454 0.6471 0.6510 0.6432
v 0.159597 -0.392833 -0.385301 0.6471 0.6510 0.6432
v 0.151164 -0.339630 -0.364942 0.6471 0.6510 0.6432
v 0.159597 -0.286428 -0.385301 0.6471 0.6510 0.6432
v 0.179957 -0.264390 -0.434454 0.6471 0.6510 0.6432
v 0.200317 -0.286428 -0.483607 0.6471 0.6510 0.6432
v 0.208750 -0.339630 -0.503967 0.6471 0.6510 0.6432
v 0.370137 -0.392833 -0.370137 0.6471 0.6510 0.6432
v 0.332517 -0.414870 -0.332517 0.6471 0.6510 0.6432
v 0.294897 -0.392833 -0.294897 0.6471 0.6510 0.6432
v 0.279314 -0.339630 -0.279314 0.6471 0.6510 0.6432
v 0.294897 -0.286428 -0.294897 0.6471 0.6510 0.6432
v 0.332517 -0.264390 -0.332517 0.6471 0.6510 0.6432
v 0.370137 -0.286428 -0.370137 0.6471 0.6510 0.6432
v 0.385720 -0.339630 -0.385720 0.6471 0.6510 0.6432
v 0.483607 -0.392833 -0.200316 0.6471 0.6510 0.6432
v 0.434454 -0.414870 -0.179957 0.6471 0.6510 0.6432
v 0.385302 -0.392833 -0.159597 0.6471 0.6510 0.6432
v 0.364942 -0.339630 -0.151164 0.6471 0.6510 0.6432
v 0.385302 -0.286428 -0.159597 0.6471 0.6510 0.6432
v 0.434454 -0.264390 -0.179957 0.6471 0.6510 0.6432
v 0.483607 -0.286428 -0.200316 0.6471 0.6510 0.6432
v 0.503967 -0.339630 -0.208750 0.6471 0.6510 0.6432
v 0.523453 -0.392833 0.000000 0.6471 0.6510 0.6432
v 0.470250 -0.414870 0.000000 0.6471 0.6510 0.6432
v 0.417047 -0.392833 0.000000 0.6471 0.6510 0.6432
v 0.395010 -0.339630 0.000000 0.6471 0.6510 0.6432
v 0.417047 -0.286428 0.000000 0.6471 0.6510 0.6432
v 0.470250 -0.264390 0.000000 0.6471 0.6510 0.6432
v 0.523453 -0.286428 0.000000 0.6471 0.6510 0.6432
v 0.545490 -0.339630 0.000000 0.6471 0.6510 0.6432
v 0.483607 -0.392833 0.200317 0.6471 0.6510 0.6432
v 0.434454 -0.414870 0.179957 0.6471 0.6510 0.6432
v 0.385301 -0.392833 0.159597 0.6471 0.6510 0.6432
v 0.364942 -0.339630 0.151164 0.6471 0.6510 0.6432
v 0.385301 -0.286428 0.159597 0.6471 0.6510 0.6432
v 0.434454 -0.264390 0.179957 0.6471 0.6510 0.6432
v 0.483607 -0.286428 0.200317 0.6471 0.6510 0.6432
v 0.503967 -0.339630 0.208750 0.6471 0.6510 0.6432
v 0.370137 -0.392833 0.370137 0.6471 0.6510 0.6432
v 0.332517 -0.414870 0.332517 0.6471 0.6510 0.6432
v 0.294897 -0.392833 0.294897 0.6471 0.6510 0.6432
v 0.279314 -0.339630 0.279314 0.6471 0.6510 0.6432
v 0.294897 -0.286428 0.294897 0.6471 0.6510 0.6432
v 0.332517 -0.264390 0.332517 0.6471 0.6510 0.6432
v 0.370137 -0.286428 0.370137 0.6471 0.6510 0.6432
v 0.385720 -0.339630 0.385720 0.6471 0.6510 0.6432
v 0.200317 -0.392833 0.483607 0.6471 0.6510 0.6432
v 0.179957 -0.414870 0.434454 0.6471 0.6510 0.6432
v 0.159597 -0.392833 0.385301 0.6471 0.6510 0.6432
v 0.151164 -0.339630 0.364942 0.6471 0.6510 0.6432
v 0.159597 -0.286428 0.385301 0.6471 0.6510 0.6432
v 0.179957 -0.264390 0.434454 0.6471 0.6510 0.6432
v 0.200317 -0.286428 0.483607 0.6471 0.6510 0.6432
v 0.208750 -0.339630 0.503967 0.6471 0.6510 0.6432
v -0.000000 -0.392833 0.523453 0.6471 0.6510 0.6432
v -0.000000 -0.414870 0.470250 0.6471 0.6510 0.6432
v -0.000000 -0.392833 0.417047 0.6471 0.6510 0.6432
v -0.000000 -0.339630 0.395010 0.6471 0.6510 0.6432
v -0.000000 -0.286428 0.417047 0.6471 0.6510 0.6432
v -0.000000 -0.264390 0.470250 0.6471 0.6510 0.6432
v -0.000000 -0.286428 0.523453 0.6471 0.6510 0.6432
v -0.000000 -0.339630 0.545490 0.6471 0.6510 0.6432
v 0.509058 -0.339630 -0.210858 0.6471 0.6510 0.6432
v 0.488492 -0.285890 -0.202340 0.6471 0.6510 0.6432
v 0.438843 -0.263630 -0.181775 0.6471 0.6510 0.6432
v 0.389193 -0.285890 -0.161209 0.6471 0.6510 0.6432
v 0.368628 -0.339630 -0.152691 0.6471 0.6510 0.6432
v 0.389193 -0.393370 -0.161209 0.6471 0.6510 0.6432
v 0.438843 -0.415630 -0.181775 0.6471 0.6510 0.6432
v 0.488492 -0.393370 -0.202340 0.6471 0.6510 0.6432
v 0.389616 -0.339630 -0.389616 0.6471 0.6510 0.6432
v 0.373876 -0.285890 -0.373876 0.6471 0.6510 0.6432
v 0.335876 -0.263630 -0.335876 0.6471 0.6510 0.6432
v 0.297876 -0.285890 -0.297876 0.6471 0.6510 0.6432
v 0.282136 -0.339630 -0.282136 0.6471 0.6510 0.6432
v 0.297876 -0.393370 -0.297876 0.6471 0.6510 0.6432
v 0.335876 -0.415630 -0.335876 0.6471 0.6510 0.6432
v 0.373876 -0.393370 -0.373876 0.6471 0.6510 0.6432
v 0.210859 -0.339630 -0.509058 0.6471 0.6510 0.6432
v 0.202340 -0.285890 -0.488492 0.6471 0.6510 0.6432
v 0.181775 -0.263630 -0.438843 0.6471 0.6510 0.6432
v 0.161209 -0.285890 -0.389193 0.6471 0.6510 0.6432
v 0.152691 -0.339630 -0.368628 0.6471 0.6510 0.6432
v 0.161209 -0.393370 -0.389193 0.6471 0.6510 0.6432
v 0.181775 -0.415630 -0.438843 0.6471 0.6510 0.6432
v 0.202340 -0.393370 -0.488492 0.6471 0.6510 0.6432
v -0.210859 -0.339630 -0.509058 0.6471 0.6510 0.6432
v -0.202340 -0.285890 -0.488492 0.6471 0.6510 0.6432
v -0.181775 -0.263630 -0.438843 0.6471 0.6510 0.6432
v -0.161209 -0.285890 -0.389193 0.6471 0.6510 0.6432
v -0.152691 -0.339630 -0.368628 0.6471 0.6510 0.6432
v -0.161209 -0.393370 -0.389193 0.6471 0.6510 0.6432
v -0.181775 -0.415630 -0.438843 0.6471 0.6510 0.6432
v -0.202340 -0.393370 -0.488492 0.6471 0.6510 0.6432
v -0.389616 -0.339630 -0.389616 0.6471 0.6510 0.6432
v -0.373876 -0.285890 -0.373876 0.6471 0.6510 0.6432
v -0.335876 -0.263630 -0.335876 0.6471 0.6510 0.6432
v -0.297876 -0.285890 -0.297876 0.6471 0.6510 0.6432
v -0.282136 -0.339630 -0.282136 0.6471 0.6510 0.6432
v -0.297876 -0.393370 -0.297876 0.6471 0.6510 0.6432
v -0.335876 -0.415630 -0.335876 0.6471 0.6510 0.6432
v -0.373876 -0.393370 -0.373876 0.6471 0.6510 0.6432
v -0.509058 -0.339630 -0.210859 0.6471 0.6510 0.6432
v -0.488492 -0.285890 -0.202340 0.6471 0.6510 0.6432
v -0.438843 -0.263630 -0.181775 0.6471 0.6510 0.6432
v -0.389193 -0.285890 -0.161209 0.6471 0.6510 0.6432
v -0.368628 -0.339630 -0.152691 0.6471 0.6510 0.6432
v -0.389193 -0.393370 -0.161209 0.6471 0.6510 0.6432
v -0.438843 -0.415630 -0.181775 0.6471 0.6510 0.6432
v -0.488492 -0.393370 -0.202340 0.6471 0.6510 0.6432
v -0.509058 -0.339630 0.210858 0.6471 0.6510 0.6432
v -0.488492 -0.285890 0.202340 0.6471 0.6510 0.6432
v -0.438843 -0.263630 0.181774 0.6471 0.6510 0.6432
v -0.389193 -0.285890 0.161209 0.6471 0.6510 0.6432
v -0.368628 -0.339630 0.152691 0.6471 0.6510 0.6432
v -0.389193 -0.393370 0.161209 0.6471 0.6510 0.6432
v -0.438843 -0.415630 0.181774 0.6471 0.6510 0.6432
v -0.488492 -0.393370 0.202340 0.6471 0.6510 0.6432
v -0.389616 -0.339630 0.389616 0.6471 0.6510 0.6432
v -0.373876 -0.285890 0.373876 0.6471 0.6510 0.6432
v -0.335876 -0.263630 0.335876 0.6471 0.6510 0.6432
v -0.297876 -0.285890 0.297876 0.6471 0.6510 0.6432
v -0.282136 -0.339630 0.282136 0.6471 0.6510 0.6432
v -0.297876 -0.393370 0.297876 0.6471 0.6510 0.6432
v -0.335876 -0.415630 0.335876 0.6471 0.6510 0.6432
v -0.373876 -0.393370 0.373876 0.6471 0.6510 0.6432
v -0.210859 -0.339630 0.509058 0.6471 0.6510 0.6432
v -0.202340 -0.285890 0.488492 0.6471 0.6510 0.6432
v -0.181775 -0.263630 0.438843 0.6471 0.6510 0.6432
v -0.161209 -0.285890 0.389193 0.6471 0.6510 0.6432
v -0.152691 -0.339630 0.368628 0.6471 0.6510 0.6432
v -0.161209 -0.393370 0.389193 0.6471 0.6510 0.6432
v -0.181775 -0.415630 0.438843 0.6471 0.6510 0.6432
v -0.202340 -0.393370 0.488492 0.6471 0.6510 0.6432
v 0.210859 -0.339630 0.509058 0.6471 0.6510 0.6432
v 0.202340 -0.285890 0.488492 0.6471 0.6510 0.6432
v 0.181775 -0.263630 0.438843 0.6471 0.6510 0.6432
v 0.161209 -0.285890 0.389193 0.6471 0.6510 0.6432
v 0.152691 -0.339630 0.368628 0.6471 0.6510 0.6432
v 0.161209 -0.393370 0.389193 0.6471 0.6510 0.6432
v 0.181775 -0.415630 0.438843 0.6471 0.6510 0.6432
v 0.202340 -0.393370 0.488492 0.6471 0.6510 0.6432
v 0.389616 -0.339630 0.389616 0.6471 0.6510 0.6432
v 0.373875 -0.285890 0.373876 0.6471 0.6510 0.6432
v 0.335876 -0.263630 0.335876 0.6471 0.6510 0.6432
v 0.297876 -0.285890 0.297876 0.6471 0.6510 0.6432
v 0.282135 -0.339630 0.282136 0.6471 0.6510 0.6432
v 0.297876 -0.393370 0.297876 0.6471 0.6510 0.6432
v 0.335875 -0.415630 0.335876 0.6471 0.6510 0.6432
v 0.373875 -0.393370 0.373876 0.6471 0.6510 0.6432
v 0.509058 -0.339630 0.210859 0.6471 0.6510 0.6432
v 0.488492 -0.285890 0.202340 0.6471 0.6510 0.6432
v 0.438843 -0.263630 0.181775 0.6471 0.6510 0.6432
v 0.389193 -0.285890 0.161209 0.6471 0.6510 0.6432
v 0.368628 -0.339630 0.152691 0.6471 0.6510 0.6432
v 0.389193 -0.393370 0.161209 0.6471 0.6510 0.6432
v 0.438843 -0.415630 0.181775 0.6471 0.6510 0.6432
v 0.488492 -0.393370 0.202340 0.6471 0.6510 0.6432
v -0.654294 -0.274357 0.454600 0.6471 0.6510 0.6432
v -0.619008 0.188964 0.298882 0.6471 0.6510 0.6432
v -0.430521 -0.274357 0.670383 0.6471 0.6510 0.6432
v -0.457511 0.188964 0.513015 0.6471 0.6510 0.6432
v -0.141205 -0.274357 0.784106 0.6471 0.6510 0.6432
v -0.226363 0.188964 0.649046 0.6471 0.6510 0.6432
v 0.039247 -0.311036 0.686266 0.6471 0.6510 0.6432
v 0.039247 0.188964 0.686266 0.6471 0.6510 0.6432
v -1.110600 -0.111719 0.563471 0.6471 0.6510 0.6432
v -1.110600 -0.010353 0.563471 0.6471 0.6510 0.6432
v -0.810429 -0.111719 0.945588 0.6471 0.6510 0.6432
v -0.810429 -0.010353 0.945588 0.6471 0.6510 0.6432
v -0.386878 -0.111719 1.183747 0.6471 0.6510 0.6432
v -0.386878 -0.010353 1.183747 0.6471 0.6510 0.6432
v 0.071370 -0.145052 1.247961 0.6471 0.6510 0.6432
v 0.071370 0.022980 1.247961 0.6471 0.6510 0.6432
v -0.541118 -0.311036 0.261332 0.6471 0.6510 0.6432
v -0.399966 -0.311036 0.448489 0.6471 0.6510 0.6432
v -0.197793 -0.311036 0.567468 0.6471 0.6510 0.6432
v 0.039247 -0.311036 0.686266 0.6471 0.6510 0.6432
v -0.619008 -0.311036 0.298882 0.6471 0.6510 0.6432
v -0.457511 -0.311036 0.513015 0.6471 0.6510 0.6432
v -0.226363 -0.311036 0.649046 0.6471 0.6510 0.6432
v 0.034285 -0.311036 0.599499 0.6471 0.6510 0.6432
v -0.183677 -0.424977 0.525678 0.6471 0.6510 0.6432
v 0.032529 -0.424977 0.568789 0.6471 0.6510 0.6432
v -0.486895 -0.424977 0.239908 0.6471 0.6510 0.6432
v -0.371074 -0.424977 0.416258 0.6471 0.6510 0.6432
v -0.177421 -0.424977 0.507996 0.6471 0.6510 0.6432
v 0.031339 -0.424977 0.547987 0.6471 0.6510 0.6432
v -0.469965 -0.424977 0.231778 0.6471 0.6510 0.6432
v -0.358579 -0.424977 0.402247 0.6471 0.6510 0.6432
v -0.622324 0.087499 0.714102 1.0000 0.8980 0.0000
v -0.624927 0.099329 0.721566 1.0000 0.8980 0.0000
v -0.625841 0.113284 0.724187 1.0000 0.8980 0.0000
v -0.624927 0.127239 0.721566 1.0000 0.8980 0.0000
v -0.305721 0.113284 0.833473 1.0000 0.8980 0.0000
v -0.622324 0.139069 0.714102 1.0000 0.8980 0.0000
v -0.618428 0.146974 0.702931 1.0000 0.8980 0.0000
v -0.613832 0.076818 0.689755 1.0000 0.8980 0.0000
v -0.626399 0.079594 0.695823 1.0000 0.8980 0.0000
v -0.303639 0.149750 0.869879 1.0000 0.8980 0.0000
v -0.314054 0.146974 0.860591 1.0000 0.8980 0.0000
v -0.322883 0.139069 0.852717 1.0000 0.8980 0.0000
v -0.328783 0.127239 0.847456 1.0000 0.8980 0.0000
v -0.330855 0.113284 0.845608 1.0000 0.8980 0.0000
v -0.328783 0.099329 0.847456 1.0000 0.8980 0.0000
v -0.322883 0.087499 0.852717 1.0000 0.8980 0.0000
v -0.314054 0.079594 0.860591 1.0000 0.8980 0.0000
v -0.637052 0.087499 0.700967 1.0000 0.8980 0.0000
v -0.644171 0.099329 0.704404 1.0000 0.8980 0.0000
v -0.317571 0.146974 0.870676 1.0000 0.8980 0.0000
v -0.329382 0.139069 0.871351 1.0000 0.8980 0.0000
v -0.337274 0.127239 0.871803 1.0000 0.8980 0.0000
v -0.340045 0.113284 0.871961 1.0000 0.8980 0.0000
v -0.337274 0.099329 0.871803 1.0000 0.8980 0.0000
v -0.329382 0.087499 0.871351 1.0000 0.8980 0.0000
v -0.317571 0.079594 0.870676 1.0000 0.8980 0.0000
v -0.303639 0.076818 0.869879 1.0000 0.8980 0.0000
v -0.646671 0.113284 0.705611 1.0000 0.8980 0.0000
v -0.312927 0.146974 0.880294 1.0000 0.8980 0.0000
v -0.320801 0.139069 0.889123 1.0000 0.8980 0.0000
v -0.326063 0.127239 0.895023 1.0000 0.8980 0.0000
v -0.327910 0.113284 0.897094 1.0000 0.8980 0.0000
v -0.326063 0.099329 0.895023 1.0000 0.8980 0.0000
v -0.320801 0.087499 0.889123 1.0000 0.8980 0.0000
v -0.312927 0.079594 0.880294 1.0000 0.8980 0.0000
v -0.644171 0.127239 0.704404 1.0000 0.8980 0.0000
v -0.637052 0.139069 0.700967 1.0000 0.8980 0.0000
v -0.302842 0.146974 0.883811 1.0000 0.8980 0.0000
v -0.302167 0.139069 0.895622 1.0000 0.8980 0.0000
v -0.301715 0.127239 0.903514 1.0000 0.8980 0.0000
v -0.301557 0.113284 0.906285 1.0000 0.8980 0.0000
v -0.301715 0.099329 0.903514 1.0000 0.8980 0.0000
v -0.302167 0.087499 0.895622 1.0000 0.8980 0.0000
v -0.302842 0.079594 0.883811 1.0000 0.8980 0.0000
v -0.626399 0.146974 0.695823 1.0000 0.8980 0.0000
v -0.627009 0.079594 0.685160 1.0000 0.8980 0.0000
v -0.293224 0.146974 0.879167 1.0000 0.8980 0.0000
v -0.284395 0.139069 0.887041 1.0000 0.8980 0.0000
v -0.278495 0.127239 0.892302 1.0000 0.8980 0.0000
v -0.276424 0.113284 0.894150 1.0000 0.8980 0.0000
v -0.278495 0.099329 0.892302 1.0000 0.8980 0.0000
v -0.284395 0.087499 0.887041 1.0000 0.8980 0.0000
v -0.293224 0.079594 0.879167 1.0000 0.8980 0.0000
v -0.638179 0.087499 0.681264 1.0000 0.8980 0.0000
v -0.645643 0.099329 0.678661 1.0000 0.8980 0.0000
v -0.289707 0.146974 0.869082 1.0000 0.8980 0.0000
v -0.277896 0.139069 0.868407 1.0000 0.8980 0.0000
v -0.270004 0.127239 0.867955 1.0000 0.8980 0.0000
v -0.267233 0.113284 0.867797 1.0000 0.8980 0.0000
v -0.270004 0.099329 0.867955 1.0000 0.8980 0.0000
v -0.277896 0.087499 0.868407 1.0000 0.8980 0.0000
v -0.289707 0.079594 0.869082 1.0000 0.8980 0.0000
v -0.648264 0.113284 0.677746 1.0000 0.8980 0.0000
v -0.645643 0.127239 0.678661 1.0000 0.8980 0.0000
v -0.294351 0.146974 0.859464 1.0000 0.8980 0.0000
v -0.286477 0.139069 0.850635 1.0000 0.8980 0.0000
v -0.281216 0.127239 0.844735 1.0000 0.8980 0.0000
v -0.279368 0.113284 0.842663 1.0000 0.8980 0.0000
v -0.281216 0.099329 0.844735 1.0000 0.8980 0.0000
v -0.286477 0.087499 0.850635 1.0000 0.8980 0.0000
v -0.294351 0.079594 0.859464 1.0000 0.8980 0.0000
v -0.638179 0.139069 0.681264 1.0000 0.8980 0.0000
v -0.627009 0.146974 0.685160 1.0000 0.8980 0.0000
v -0.304436 0.146974 0.855947 1.0000 0.8980 0.0000
v -0.305111 0.139069 0.844136 1.0000 0.8980 0.0000
v -0.305563 0.127239 0.836244 1.0000 0.8980 0.0000
v -0.613832 0.149750 0.689755 1.0000 0.8980 0.0000
v -0.305563 0.099329 0.836244 1.0000 0.8980 0.0000
v -0.305111 0.087499 0.844136 1.0000 0.8980 0.0000
v -0.304436 0.079594 0.855947 1.0000 0.8980 0.0000
v -0.629688 0.113284 0.656917 1.0000 0.8980 0.0000
v -0.618428 0.079594 0.702931 1.0000 0.8980 0.0000
v -0.607764 0.146974 0.702322 1.0000 0.8980 0.0000
v -0.602620 0.139069 0.712975 1.0000 0.8980 0.0000
v -0.599183 0.127239 0.720094 1.0000 0.8980 0.0000
v -0.597977 0.113284 0.722593 1.0000 0.8980 0.0000
v -0.599183 0.099329 0.720094 1.0000 0.8980 0.0000
v -0.602620 0.087499 0.712975 1.0000 0.8980 0.0000
v -0.607764 0.079594 0.702322 1.0000 0.8980 0.0000
v -0.600656 0.146974 0.694351 1.0000 0.8980 0.0000
v -0.589485 0.139069 0.698246 1.0000 0.8980 0.0000
v -0.582021 0.127239 0.700849 1.0000 0.8980 0.0000
v -0.579400 0.113284 0.701764 1.0000 0.8980 0.0000
v -0.582021 0.099329 0.700849 1.0000 0.8980 0.0000
v -0.589485 0.087499 0.698246 1.0000 0.8980 0.0000
v -0.600656 0.079594 0.694351 1.0000 0.8980 0.0000
v -0.601265 0.146974 0.683687 1.0000 0.8980 0.0000
v -0.590612 0.139069 0.678543 1.0000 0.8980 0.0000
v -0.583494 0.127239 0.675106 1.0000 0.8980 0.0000
v -0.580994 0.113284 0.673899 1.0000 0.8980 0.0000
v -0.583494 0.099329 0.675106 1.0000 0.8980 0.0000
v -0.590612 0.087499 0.678543 1.0000 0.8980 0.0000
v -0.601265 0.079594 0.683687 1.0000 0.8980 0.0000
v -0.609237 0.146974 0.676579 1.0000 0.8980 0.0000
v -0.605341 0.139070 0.665408 1.0000 0.8980 0.0000
v -0.602738 0.127239 0.657944 1.0000 0.8980 0.0000
v -0.601824 0.113284 0.655323 1.0000 0.8980 0.0000
v -0.602738 0.099329 0.657944 1.0000 0.8980 0.0000
v -0.605341 0.087499 0.665408 1.0000 0.8980 0.0000
v -0.609237 0.079594 0.676579 1.0000 0.8980 0.0000
v -0.619900 0.146974 0.677188 1.0000 0.8980 0.0000
v -0.625044 0.139070 0.666535 1.0000 0.8980 0.0000
v -0.628481 0.127239 0.659416 1.0000 0.8980 0.0000
v -0.628481 0.099329 0.659416 1.0000 0.8980 0.0000
v -0.625044 0.087499 0.666535 1.0000 0.8980 0.0000
v -0.619900 0.079594 0.677188 1.0000 0.8980 0.0000
v -0.829696 0.087499 0.427158 1.0000 0.8980 0.0000
v -0.829245 0.099329 0.435050 1.0000 0.8980 0.0000
v -0.829086 0.113284 0.437821 1.0000 0.8980 0.0000
v -0.829245 0.127239 0.435050 1.0000 0.8980 0.0000
v -0.829696 0.139070 0.427158 1.0000 0.8980 0.0000
v -0.830371 0.146974 0.415347 1.0000 0.8980 0.0000
v -0.831168 0.076818 0.401415 1.0000 0.8980 0.0000
v -0.840456 0.079594 0.411830 1.0000 0.8980 0.0000
v -0.848330 0.087499 0.420659 1.0000 0.8980 0.0000
v -0.853592 0.099329 0.426559 1.0000 0.8980 0.0000
v -0.855439 0.113284 0.428630 1.0000 0.8980 0.0000
v -0.853592 0.127239 0.426559 1.0000 0.8980 0.0000
v -0.848330 0.139070 0.420659 1.0000 0.8980 0.0000
v -0.840456 0.146974 0.411830 1.0000 0.8980 0.0000
v -0.845100 0.079594 0.402212 1.0000 0.8980 0.0000
v -0.856911 0.087499 0.402887 1.0000 0.8980 0.0000
v -0.864803 0.099329 0.403338 1.0000 0.8980 0.0000
v -0.867575 0.113284 0.403497 1.0000 0.8980 0.0000
v -0.864803 0.127239 0.403338 1.0000 0.8980 0.0000
v -0.856911 0.139070 0.402887 1.0000 0.8980 0.0000
v -0.845100 0.146974 0.402212 1.0000 0.8980 0.0000
v -0.831168 0.149750 0.401415 1.0000 0.8980 0.0000
v -0.858384 0.113284 0.377144 1.0000 0.8980 0.0000
v -0.830371 0.079594 0.415347 1.0000 0.8980 0.0000
v -0.820753 0.146974 0.410703 1.0000 0.8980 0.0000
v -0.811924 0.139070 0.418577 1.0000 0.8980 0.0000
v -0.806024 0.127239 0.423838 1.0000 0.8980 0.0000
v -0.803953 0.113284 0.425686 1.0000 0.8980 0.0000
v -0.806024 0.099329 0.423838 1.0000 0.8980 0.0000
v -0.811924 0.087499 0.418577 1.0000 0.8980 0.0000
v -0.820753 0.079594 0.410703 1.0000 0.8980 0.0000
v -0.817236 0.146974 0.400618 1.0000 0.8980 0.0000
v -0.805425 0.139070 0.399943 1.0000 0.8980 0.0000
v -0.797533 0.127239 0.399491 1.0000 0.8980 0.0000
v -0.794762 0.113284 0.399333 1.0000 0.8980 0.0000
v -0.797533 0.099329 0.399491 1.0000 0.8980 0.0000
v -0.805425 0.087499 0.399943 1.0000 0.8980 0.0000
v -0.817236 0.079594 0.400618 1.0000 0.8980 0.0000
v -0.821880 0.146974 0.391000 1.0000 0.8980 0.0000
v -0.814006 0.139070 0.382171 1.0000 0.8980 0.0000
v -0.808745 0.127239 0.376271 1.0000 0.8980 0.0000
v -0.806897 0.113284 0.374199 1.0000 0.8980 0.0000
v -0.808745 0.099329 0.376271 1.0000 0.8980 0.0000
v -0.814006 0.087499 0.382171 1.0000 0.8980 0.0000
v -0.821880 0.079594 0.391000 1.0000 0.8980 0.0000
v -0.831965 0.146974 0.387483 1.0000 0.8980 0.0000
v -0.832640 0.139070 0.375672 1.0000 0.8980 0.0000
v -0.833092 0.127239 0.367780 1.0000 0.8980 0.0000
v -0.833250 0.113284 0.365008 1.0000 0.8980 0.0000
v -0.833092 0.099329 0.367780 1.0000 0.8980 0.0000
v -0.832640 0.087499 0.375672 1.0000 0.8980 0.0000
v -0.831965 0.079594 0.387483 1.0000 0.8980 0.0000
v -0.841583 0.146974 0.392127 1.0000 0.8980 0.0000
v -0.850412 0.139070 0.384253 1.0000 0.8980 0.0000
v -0.856312 0.127239 0.378991 1.0000 0.8980 0.0000
v -0.856312 0.099329 0.378991 1.0000 0.8980 0.0000
v -0.850412 0.087499 0.384253 1.0000 0.8980 0.0000
v -0.841583 0.079594 0.392127 1.0000 0.8980 0.0000
v 0.037140 0.113284 0.888891 1.0000 0.8980 0.0000
v 0.052714 0.149750 0.921746 1.0000 0.8980 0.0000
v 0.039819 0.146974 0.917134 1.0000 0.8980 0.0000
v 0.028649 0.139069 0.913238 1.0000 0.8980 0.0000
v 0.021185 0.127239 0.910635 1.0000 0.8980 0.0000
v 0.018564 0.113284 0.909721 1.0000 0.8980 0.0000
v 0.021185 0.099329 0.910635 1.0000 0.8980 0.0000
v 0.028649 0.087499 0.913238 1.0000 0.8980 0.0000
v 0.039819 0.079594 0.917134 1.0000 0.8980 0.0000
v 0.040429 0.146974 0.927797 1.0000 0.8980 0.0000
v 0.029776 0.139069 0.932941 1.0000 0.8980 0.0000
v 0.022657 0.127239 0.936378 1.0000 0.8980 0.0000
v 0.020158 0.113284 0.937585 1.0000 0.8980 0.0000
v 0.022657 0.099329 0.936378 1.0000 0.8980 0.0000
v 0.029776 0.087499 0.932941 1.0000 0.8980 0.0000
v 0.040429 0.079594 0.927797 1.0000 0.8980 0.0000
v 0.052714 0.076818 0.921746 1.0000 0.8980 0.0000
v 0.048400 0.146974 0.934906 1.0000 0.8980 0.0000
v 0.044505 0.139069 0.946077 1.0000 0.8980 0.0000
v 0.041901 0.127239 0.953540 1.0000 0.8980 0.0000
v 0.040987 0.113284 0.956161 1.0000 0.8980 0.0000
v 0.041901 0.099329 0.953540 1.0000 0.8980 0.0000
v 0.044505 0.087499 0.946077 1.0000 0.8980 0.0000
v 0.048400 0.079594 0.934906 1.0000 0.8980 0.0000
v 0.053450 0.146974 0.934617 1.0000 0.8980 0.0000
v 0.054074 0.139069 0.945529 1.0000 0.8980 0.0000
v 0.054491 0.127239 0.952820 1.0000 0.8980 0.0000
v 0.054638 0.113284 0.955381 1.0000 0.8980 0.0000
v 0.054491 0.099329 0.952820 1.0000 0.8980 0.0000
v 0.054074 0.087499 0.945529 1.0000 0.8980 0.0000
v 0.053450 0.079594 0.934617 1.0000 0.8980 0.0000
v 0.053019 0.146974 0.927077 1.0000 0.8980 0.0000
v 0.053278 0.139069 0.931597 1.0000 0.8980 0.0000
v 0.053450 0.127239 0.934617 1.0000 0.8980 0.0000
v 0.053511 0.113284 0.935678 1.0000 0.8980 0.0000
v 0.053450 0.099329 0.934617 1.0000 0.8980 0.0000
v 0.053278 0.087499 0.931597 1.0000 0.8980 0.0000
v 0.053019 0.079594 0.927077 1.0000 0.8980 0.0000
v 0.052409 0.146974 0.916414 1.0000 0.8980 0.0000
v 0.052151 0.139069 0.911894 1.0000 0.8980 0.0000
v 0.051978 0.127239 0.908874 1.0000 0.8980 0.0000
v 0.051917 0.113284 0.907814 1.0000 0.8980 0.0000
v 0.051978 0.099329 0.908874 1.0000 0.8980 0.0000
v 0.052151 0.087499 0.911894 1.0000 0.8980 0.0000
v 0.052409 0.079594 0.916414 1.0000 0.8980 0.0000
v 0.051978 0.146974 0.908874 1.0000 0.8980 0.0000
v 0.051354 0.139069 0.897962 1.0000 0.8980 0.0000
v 0.050937 0.127239 0.890671 1.0000 0.8980 0.0000
v 0.050791 0.113284 0.888111 1.0000 0.8980 0.0000
v 0.050937 0.099329 0.890671 1.0000 0.8980 0.0000
v 0.051354 0.087499 0.897962 1.0000 0.8980 0.0000
v 0.051978 0.079594 0.908874 1.0000 0.8980 0.0000
v 0.046928 0.146974 0.909163 1.0000 0.8980 0.0000
v 0.041784 0.139069 0.898509 1.0000 0.8980 0.0000
v 0.038347 0.127239 0.891391 1.0000 0.8980 0.0000
v 0.038347 0.099329 0.891391 1.0000 0.8980 0.0000
v 0.041784 0.087499 0.898509 1.0000 0.8980 0.0000
v 0.046928 0.079594 0.909163 1.0000 0.8980 0.0000
v -0.911589 0.087499 0.075383 1.0000 0.8980 0.0000
v -0.908151 0.099329 0.082501 1.0000 0.8980 0.0000
v -0.906944 0.113284 0.085001 1.0000 0.8980 0.0000
v -0.908151 0.127239 0.082501 1.0000 0.8980 0.0000
v -0.911589 0.139070 0.075383 1.0000 0.8980 0.0000
v -0.916733 0.146974 0.064729 1.0000 0.8980 0.0000
v -0.927396 0.079594 0.065339 1.0000 0.8980 0.0000
v -0.931291 0.087499 0.076510 1.0000 0.8980 0.0000
v -0.933895 0.099329 0.083974 1.0000 0.8980 0.0000
v -0.934809 0.113284 0.086595 1.0000 0.8980 0.0000
v -0.933895 0.127239 0.083974 1.0000 0.8980 0.0000
v -0.931291 0.139070 0.076510 1.0000 0.8980 0.0000
v -0.927396 0.146974 0.065339 1.0000 0.8980 0.0000
v -0.935367 0.079594 0.058230 1.0000 0.8980 0.0000
v -0.946020 0.087499 0.063374 1.0000 0.8980 0.0000
v -0.953139 0.099329 0.066811 1.0000 0.8980 0.0000
v -0.955639 0.113284 0.068018 1.0000 0.8980 0.0000
v -0.953139 0.127239 0.066811 1.0000 0.8980 0.0000
v -0.946020 0.139070 0.063374 1.0000 0.8980 0.0000
v -0.935367 0.146974 0.058230 1.0000 0.8980 0.0000
v -0.916733 0.079594 0.064729 1.0000 0.8980 0.0000
v -0.909624 0.146974 0.056758 1.0000 0.8980 0.0000
v -0.898453 0.139070 0.060654 1.0000 0.8980 0.0000
v -0.890989 0.127239 0.063257 1.0000 0.8980 0.0000
v -0.888368 0.113284 0.064171 1.0000 0.8980 0.0000
v -0.890989 0.099329 0.063257 1.0000 0.8980 0.0000
v -0.898453 0.087499 0.060654 1.0000 0.8980 0.0000
v -0.909624 0.079594 0.056758 1.0000 0.8980 0.0000
v -0.433182 -0.010353 1.167598 0.6471 0.6510 0.6432
v -0.433182 -0.111719 1.167598 0.6471 0.6510 0.6432
v 0.046612 -0.111719 1.244492 0.6471 0.6510 0.6432
v 0.046612 -0.010353 1.244492 0.6471 0.6510 0.6432
v -0.847029 -0.010353 0.912948 0.6471 0.6510 0.6432
v -0.847029 -0.111719 0.912948 0.6471 0.6510 0.6432
v -0.244596 -0.181731 1.080558 0.6471 0.6510 0.6432
v -0.411636 0.022980 1.180278 0.6471 0.6510 0.6432
v -1.131922 -0.010353 0.519310 0.6471 0.6510 0.6432
v -1.131922 -0.111719 0.519310 0.6471 0.6510 0.6432
v -0.639489 -0.181731 0.904703 0.6471 0.6510 0.6432
v -0.831975 0.022980 0.932908 0.6471 0.6510 0.6432
v -1.241692 -0.010353 0.095572 0.6471 0.6510 0.6432
v -1.241692 -0.111719 0.095572 0.6471 0.6510 0.6432
v -0.937025 -0.181731 0.591115 0.6471 0.6510 0.6432
v -1.125653 0.022980 0.543512 0.6471 0.6510 0.6432
v 0.037702 -0.027020 1.217999 0.6471 0.6510 0.6432
v 0.037702 -0.095052 1.217999 0.6471 0.6510 0.6432
v -0.371030 -0.027020 1.160724 0.6471 0.6510 0.6432
v -0.371030 -0.095052 1.160724 0.6471 0.6510 0.6432
v -1.218597 -0.027020 0.092619 0.6471 0.6510 0.6432
v -1.218597 -0.095052 0.092619 0.6471 0.6510 0.6432
v -0.779696 -0.027020 0.936874 0.6471 0.6510 0.6432
v -0.779696 -0.095052 0.936874 0.6471 0.6510 0.6432
v -0.423995 -0.095052 1.146204 0.6471 0.6510 0.6432
v -0.423995 -0.027020 1.146204 0.6471 0.6510 0.6432
v -1.083113 -0.027020 0.558398 0.6471 0.6510 0.6432
v -1.083113 -0.095052 0.558398 0.6471 0.6510 0.6432
v -0.834596 -0.095052 0.887915 0.6471 0.6510 0.6432
v -0.834596 -0.027020 0.887915 0.6471 0.6510 0.6432
v -1.115097 -0.095052 0.492157 0.6471 0.6510 0.6432
v -1.115097 -0.027020 0.492157 0.6471 0.6510 0.6432
v 0.050081 -0.010353 1.219734 0.6471 0.6510 0.6432
v 0.050081 -0.111719 1.219734 0.6471 0.6510 0.6432
v -0.383409 -0.010353 1.158989 0.6471 0.6510 0.6432
v -0.383409 -0.111719 1.158989 0.6471 0.6510 0.6432
v -0.790469 -0.010353 0.930534 0.6471 0.6510 0.6432
v -0.790469 -0.111719 0.930534 0.6471 0.6510 0.6432
v -0.413223 -0.111719 1.152544 0.6471 0.6510 0.6432
v -0.413223 -0.010353 1.152544 0.6471 0.6510 0.6432
v -1.090640 -0.010353 0.548418 0.6471 0.6510 0.6432
v -1.090640 -0.111719 0.548418 0.6471 0.6510 0.6432
v -0.827069 -0.111719 0.897895 0.6471 0.6510 0.6432
v -0.827069 -0.010353 0.897895 0.6471 0.6510 0.6432
v -1.221732 -0.010353 0.080518 0.6471 0.6510 0.6432
v -1.221732 -0.111719 0.080518 0.6471 0.6510 0.6432
v -1.111963 -0.111719 0.504257 0.6471 0.6510 0.6432
v -1.111963 -0.010353 0.504257 0.6471 0.6510 0.6432
v 0.037702 -0.027020 1.217999 0.6471 0.6510 0.6432
v 0.037702 -0.095052 1.217999 0.6471 0.6510 0.6432
v -0.371030 -0.027020 1.160724 0.6471 0.6510 0.6432
v -0.371030 -0.095052 1.160724 0.6471 0.6510 0.6432
v -0.779696 -0.027020 0.936874 1.0000 0.8980 0.0000
v -0.779696 -0.095052 0.936874 1.0000 0.8980 0.0000
v -0.423995 -0.095052 1.146204 1.0000 0.8980 0.0000
v -0.423995 -0.027020 1.146204 1.0000 0.8980 0.0000
v -1.083113 -0.027020 0.558398 1.0000 0.8980 0.0000
v -1.083113 -0.095052 0.558398 1.0000 0.8980 0.0000
v -0.834596 -0.095052 0.887915 1.0000 0.8980 0.0000
v -0.834596 -0.027020 0.887915 1.0000 0.8980 0.0000
v -1.218597 -0.027020 0.092619 1.0000 0.8980 0.0000
v -1.218597 -0.095052 0.092619 1.0000 0.8980 0.0000
v -1.115097 -0.095052 0.492157 1.0000 0.8980 0.0000
v -1.115097 -0.027020 0.492157 1.0000 0.8980 0.0000
v 0.037702 -0.027020 1.217999 1.0000 0.8980 0.0000
v 0.037702 -0.095052 1.217999 1.0000 0.8980 0.0000
v -0.371030 -0.027020 1.160724 1.0000 0.8980 0.0000
v -0.371030 -0.095052 1.160724 1.0000 0.8980 0.0000
v -0.071419 -0.044028 1.253196 1.0000 0.8980 0.0000
v -0.071419 -0.078044 1.253196 1.0000 0.8980 0.0000
v -0.275786 -0.044028 1.224558 1.0000 0.8980 0.0000
v -0.275786 -0.078044 1.224558 1.0000 0.8980 0.0000
v -0.716131 -0.044028 1.032298 1.0000 0.8980 0.0000
v -0.716131 -0.078044 1.032298 1.0000 0.8980 0.0000
v -0.538280 -0.078044 1.136964 1.0000 0.8980 0.0000
v -0.538280 -0.044028 1.136964 1.0000 0.8980 0.0000
v -1.060903 -0.044028 0.670884 1.0000 0.8980 0.0000
v -1.060903 -0.078044 0.670884 1.0000 0.8980 0.0000
v -0.936645 -0.078044 0.835643 1.0000 0.8980 0.0000
v -0.936645 -0.044028 0.835643 1.0000 0.8980 0.0000
v -1.241125 -0.044028 0.205042 1.0000 0.8980 0.0000
v -1.241125 -0.078044 0.205042 1.0000 0.8980 0.0000
v -1.189375 -0.078044 0.404811 1.0000 0.8980 0.0000
v -1.189375 -0.044028 0.404811 1.0000 0.8980 0.0000
v -0.480434 -0.181731 0.998307 0.6471 0.6510 0.6432
v -0.377043 -0.274357 0.701855 0.6471 0.6510 0.6432
v -0.061828 -0.181731 1.106169 0.6471 0.6510 0.6432
v -0.079754 -0.274357 0.792717 0.6471 0.6510 0.6432
v -0.825898 -0.181731 0.738461 0.6471 0.6510 0.6432
v -0.411636 -0.145052 1.180278 0.6471 0.6510 0.6432
v -0.616930 -0.274357 0.504141 0.6471 0.6510 0.6432
v -0.226363 -0.311036 0.649046 0.6471 0.6510 0.6432
v -1.045627 -0.181731 0.366192 0.6471 0.6510 0.6432
v -0.831975 -0.145052 0.932908 0.6471 0.6510 0.6432
v -0.762896 -0.274357 0.229677 0.6471 0.6510 0.6432
v -0.457511 -0.311036 0.513015 0.6471 0.6510 0.6432
v -1.125653 -0.145052 0.543512 0.6471 0.6510 0.6432
v -1.091908 -0.181731 0.187535 0.6471 0.6510 0.6432
v -0.619008 -0.311036 0.298882 0.6471 0.6510 0.6432
v -0.778456 -0.274357 0.169608 0.6471 0.6510 0.6432
v -0.060828 -0.157790 1.099038 1.0000 0.8980 0.0000
v -0.078754 -0.250417 0.785585 1.0000 0.8980 0.0000
v -0.243597 -0.157790 1.073426 1.0000 0.8980 0.0000
v -0.140205 -0.250417 0.776974 1.0000 0.8980 0.0000
v -0.635836 -0.157790 0.898496 1.0000 0.8980 0.0000
v -0.476781 -0.157790 0.992100 1.0000 0.8980 0.0000
v -0.426868 -0.250417 0.664177 1.0000 0.8980 0.0000
v -0.373390 -0.250417 0.695648 1.0000 0.8980 0.0000
v -0.931276 -0.157790 0.586778 1.0000 0.8980 0.0000
v -0.820149 -0.157790 0.734125 1.0000 0.8980 0.0000
v -0.648544 -0.250417 0.450264 1.0000 0.8980 0.0000
v -0.611181 -0.250417 0.499805 1.0000 0.8980 0.0000
v -1.084937 -0.157790 0.185729 1.0000 0.8980 0.0000
v -0.771485 -0.250417 0.167803 1.0000 0.8980 0.0000
v -1.038656 -0.157790 0.364386 1.0000 0.8980 0.0000
v -0.755924 -0.250417 0.227871 1.0000 0.8980 0.0000
v -0.035685 0.061036 -0.623981 0.5569 0.9490 0.6863
v -0.178504 0.638460 -0.159192 0.5569 0.9490 0.6863
v -0.329833 0.502977 -0.294148 0.5569 0.9490 0.6863
v -0.430947 0.300213 -0.384323 0.5569 0.9490 0.6863
v -0.466454 0.061036 -0.415988 0.5569 0.9490 0.6863
v -0.430947 -0.178141 -0.384323 0.5569 0.9490 0.6863
v -0.329833 -0.380906 -0.294148 0.5569 0.9490 0.6863
v -0.178504 -0.516389 -0.159192 0.5569 0.9490 0.6863
v -0.159192 0.638460 0.178504 0.5569 0.9490 0.6863
v -0.294148 0.502977 0.329833 0.5569 0.9490 0.6863
v -0.384322 0.300213 0.430947 0.5569 0.9490 0.6863
v -0.415988 0.061036 0.466454 0.5569 0.9490 0.6863
v -0.384322 -0.178142 0.430947 0.5569 0.9490 0.6863
v -0.294148 -0.380906 0.329833 0.5569 0.9490 0.6863
v -0.159192 -0.516389 0.178504 0.5569 0.9490 0.6863
v 0.013656 0.638460 0.238787 0.5569 0.9490 0.6863
v 0.025233 0.502977 0.441221 0.5569 0.9490 0.6863
v 0.032969 0.300213 0.576483 0.5569 0.9490 0.6863
v 0.035685 0.061036 0.623980 0.5569 0.9490 0.6863
v 0.032969 -0.178142 0.576483 0.5569 0.9490 0.6863
v 0.025233 -0.380906 0.441221 0.5569 0.9490 0.6863
v 0.013656 -0.516389 0.238787 0.5569 0.9490 0.6863
v 0.178504 0.638460 0.159192 0.5569 0.9490 0.6863
v 0.329833 0.502977 0.294148 0.5569 0.9490 0.6863
v 0.430947 0.300213 0.384322 0.5569 0.9490 0.6863
v 0.466454 0.061036 0.415987 0.5569 0.9490 0.6863
v 0.430947 -0.178142 0.384322 0.5569 0.9490 0.6863
v 0.329833 -0.380906 0.294147 0.5569 0.9490 0.6863
v 0.178504 -0.516389 0.159191 0.5569 0.9490 0.6863
v 0.159192 0.638460 -0.178504 0.5569 0.9490 0.6863
v 0.294148 0.502977 -0.329833 0.5569 0.9490 0.6863
v 0.384322 0.300213 -0.430947 0.5569 0.9490 0.6863
v 0.415988 0.061036 -0.466454 0.5569 0.9490 0.6863
v 0.384322 -0.178141 -0.430947 0.5569 0.9490 0.6863
v 0.294148 -0.380906 -0.329833 0.5569 0.9490 0.6863
v 0.159192 -0.516389 -0.178504 0.5569 0.9490 0.6863
v -0.013656 0.638460 -0.238787 0.5569 0.9490 0.6863
v -0.025233 0.502978 -0.441221 0.5569 0.9490 0.6863
v -0.032969 0.300213 -0.576483 0.5569 0.9490 0.6863
v -0.032969 -0.178141 -0.576483 0.5569 0.9490 0.6863
v -0.025233 -0.380906 -0.441221 0.5569 0.9490 0.6863
v -0.013656 -0.516389 -0.238787 0.5569 0.9490 0.6863
v -0.200317 -0.392833 0.483607 0.6471 0.6510 0.6432
v -0.179957 -0.414870 0.434454 0.6471 0.6510 0.6432
v -0.159597 -0.392833 0.385301 0.6471 0.6510 0.6432
v -0.151164 -0.339630 0.364942 0.6471 0.6510 0.6432
v -0.159597 -0.286428 0.385301 0.6471 0.6510 0.6432
v -0.179957 -0.264390 0.434454 0.6471 0.6510 0.6432
v -0.200317 -0.286428 0.483607 0.6471 0.6510 0.6432
v -0.208750 -0.339630 0.503967 0.6471 0.6510 0.6432
v -0.370137 -0.392833 0.370137 0.6471 0.6510 0.6432
v -0.332517 -0.414870 0.332517 0.6471 0.6510 0.6432
v -0.294897 -0.392833 0.294897 0.6471 0.6510 0.6432
v -0.279314 -0.339630 0.279314 0.6471 0.6510 0.6432
v -0.294897 -0.286427 0.294897 0.6471 0.6510 0.6432
v -0.332517 -0.264390 0.332517 0.6471 0.6510 0.6432
v -0.370137 -0.286427 0.370137 0.6471 0.6510 0.6432
v -0.385720 -0.339630 0.385720 0.6471 0.6510 0.6432
v -0.483607 -0.392833 0.200317 0.6471 0.6510 0.6432
v -0.434454 -0.414870 0.179957 0.6471 0.6510 0.6432
v -0.385301 -0.392833 0.159597 0.6471 0.6510 0.6432
v -0.364942 -0.339630 0.151164 0.6471 0.6510 0.6432
v -0.385301 -0.286427 0.159597 0.6471 0.6510 0.6432
v -0.434454 -0.264390 0.179957 0.6471 0.6510 0.6432
v -0.483607 -0.286427 0.200317 0.6471 0.6510 0.6432
v -0.503967 -0.339630 0.208750 0.6471 0.6510 0.6432
v -0.523453 -0.392833 -0.000000 0.6471 0.6510 0.6432
v -0.470250 -0.414870 -0.000000 0.6471 0.6510 0.6432
v -0.417047 -0.392833 -0.000000 0.6471 0.6510 0.6432
v -0.395010 -0.339630 -0.000000 0.6471 0.6510 0.6432
v -0.417047 -0.286427 -0.000000 0.6471 0.6510 0.6432
v -0.470250 -0.264390 -0.000000 0.6471 0.6510 0.6432
v -0.523453 -0.286427 -0.000000 0.6471 0.6510 0.6432
v -0.545490 -0.339630 -0.000000 0.6471 0.6510 0.6432
v 0.483607 -0.392833 -0.200317 0.6471 0.6510 0.6432
v 0.434454 -0.414870 -0.179957 0.6471 0.6510 0.6432
v 0.385301 -0.392833 -0.159597 0.6471 0.6510 0.6432
v 0.364942 -0.339630 -0.151164 0.6471 0.6510 0.6432
v 0.385301 -0.286428 -0.159597 0.6471 0.6510 0.6432
v 0.434454 -0.264390 -0.179957 0.6471 0.6510 0.6432
v 0.483607 -0.286428 -0.200317 0.6471 0.6510 0.6432
v 0.503967 -0.339630 -0.208750 0.6471 0.6510 0.6432
v 0.370137 -0.392833 -0.370137 0.6471 0.6510 0.6432
v 0.332517 -0.414870 -0.332517 0.6471 0.6510 0.6432
v 0.294897 -0.392833 -0.294897 0.6471 0.6510 0.6432
v 0.279314 -0.339630 -0.279314 0.6471 0.6510 0.6432
v 0.294897 -0.286428 -0.294897 0.6471 0.6510 0.6432
v 0.332517 -0.264390 -0.332517 0.6471 0.6510 0.6432
v 0.370137 -0.286428 -0.370137 0.6471 0.6510 0.6432
v 0.385720 -0.339630 -0.385720 0.6471 0.6510 0.6432
v 0.200317 -0.392833 -0.483607 0.6471 0.6510 0.6432
v 0.179957 -0.414870 -0.434454 0.6471 0.6510 0.6432
v 0.159597 -0.392833 -0.385301 0.6471 0.6510 0.6432
v 0.151164 -0.339630 -0.364942 0.6471 0.6510 0.6432
v 0.159597 -0.286428 -0.385301 0.6471 0.6510 0.6432
v 0.179957 -0.264390 -0.434454 0.6471 0.6510 0.6432
v 0.200317 -0.286428 -0.483607 0.6471 0.6510 0.6432
v 0.208750 -0.339630 -0.503967 0.6471 0.6510 0.6432
v -0.200317 -0.392833 -0.483607 0.6471 0.6510 0.6432
v -0.179957 -0.414870 -0.434454 0.6471 0.6510 0.6432
v -0.159597 -0.392833 -0.385301 0.6471 0.6510 0.6432
v -0.151164 -0.339630 -0.364942 0.6471 0.6510 0.6432
v -0.159597 -0.286428 -0.385301 0.6471 0.6510 0.6432
v -0.179957 -0.264390 -0.434454 0.6471 0.6510 0.6432
v -0.200317 -0.286428 -0.483607 0.6471 0.6510 0.6432
v -0.208750 -0.339630 -0.503967 0.6471 0.6510 0.6432
v -0.370137 -0.392833 -0.370137 0.6471 0.6510 0.6432
v -0.332517 -0.414870 -0.332517 0.6471 0.6510 0.6432
v -0.294897 -0.392833 -0.294897 0.6471 0.6510 0.6432
v -0.279314 -0.339630 -0.279314 0.6471 0.6510 0.6432
v -0.294897 -0.286427 -0.294897 0.6471 0.6510 0.6432
v -0.332517 -0.264390 -0.332517 0.6471 0.6510 0.6432
v -0.370137 -0.286427 -0.370137 0.6471 0.6510 0.6432
v -0.385720 -0.339630 -0.385720 0.6471 0.6510 0.6432
v -0.483607 -0.392833 -0.200317 0.6471 0.6510 0.6432
v -0.434454 -0.414870 -0.179957 0.6471 0.6510 0.6432
v -0.385302 -0.392833 -0.159597 0.6471 0.6510 0.6432
v -0.364942 -0.339630 -0.151164 0.6471 0.6510 0.6432
v -0.385302 -0.286427 -0.159597 0.6471 0.6510 0.6432
v -0.434454 -0.264390 -0.179957 0.6471 0.6510 0.6432
v -0.483607 -0.286427 -0.200317 0.6471 0.6510 0.6432
v -0.503967 -0.339630 -0.208750 0.6471 0.6510 0.6432
v -0.523453 -0.392833 -0.000000 0.6471 0.6510 0.6432
v -0.470250 -0.414870 -0.000000 0.6471 0.6510 0.6432
v -0.417047 -0.392833 -0.000000 0.6471 0.6510 0.6432
v -0.395010 -0.339630 -0.000000 0.6471 0.6510 0.6432
v -0.417047 -0.286427 -0.000000 0.6471 0.6510 0.6432
v -0.470250 -0.264390 -0.000000 0.6471 0.6510 0.6432
v -0.523453 -0.286427 -0.000000 0.6471 0.6510 0.6432
v -0.545490 -0.339630 -0.000000 0.6471 0.6510 0.6432
v -0.483607 -0.392833 0.200317 0.6471 0.6510 0.6432
v -0.434454 -0.414870 0.179957 0.6471 0.6510 0.6432
v -0.385301 -0.392833 0.159597 0.6471 0.6510 0.6432
v -0.364942 -0.339630 0.151164 0.6471 0.6510 0.6432
v -0.385301 -0.286427 0.159597 0.6471 0.6510 0.6432
v -0.434454 -0.264390 0.179957 0.6471 0.6510 0.6432
v -0.483607 -0.286427 0.200317 0.6471 0.6510 0.6432
v -0.503967 -0.339630 0.208750 0.6471 0.6510 0.6432
v -0.370137 -0.392833 0.370137 0.6471 0.6510 0.6432
v -0.332517 -0.414870 0.332517 0.6471 0.6510 0.6432
v -0.294897 -0.392833 0.294897 0.6471 0.6510 0.6432
v -0.279314 -0.339630 0.279314 0.6471 0.6510 0.6432
v -0.294897 -0.286427 0.294897 0.6471 0.6510 0.6432
v -0.332517 -0.264390 0.332517 0.6471 0.6510 0.6432
v -0.370137 -0.286427 0.370137 0.6471 0.6510 0.6432
v -0.385720 -0.339630 0.385720 0.6471 0.6510 0.6432
v -0.200317 -0.392833 0.483607 0.6471 0.6510 0.6432
v -0.179957 -0.414870 0.434454 0.6471 0.6510 0.6432
v -0.159597 -0.392833 0.385301 0.6471 0.6510 0.6432
v -0.151164 -0.339630 0.364942 0.6471 0.6510 0.6432
v -0.159597 -0.286428 0.385301 0.6471 0.6510 0.6432
v -0.179957 -0.264390 0.434454 0.6471 0.6510 0.6432
v -0.200317 -0.286428 0.483607 0.6471 0.6510 0.6432
v -0.208750 -0.339630 0.503967 0.6471 0.6510 0.6432
v -0.509058 -0.339630 -0.210859 0.6471 0.6510 0.6432
v -0.488492 -0.285890 -0.202340 0.6471 0.6510 0.6432
v -0.438843 -0.263630 -0.181775 0.6471 0.6510 0.6432
v -0.389193 -0.285890 -0.161209 0.6471 0.6510 0.6432
v -0.368628 -0.339630 -0.152691 0.6471 0.6510 0.6432
v -0.389193 -0.393370 -0.161209 0.6471 0.6510 0.6432
v -0.438843 -0.415630 -0.181775 0.6471 0.6510 0.6432
v -0.488492 -0.393370 -0.202340 0.6471 0.6510 0.6432
v -0.389616 -0.339630 -0.389616 0.6471 0.6510 0.6432
v -0.373876 -0.285890 -0.373876 0.6471 0.6510 0.6432
v -0.335876 -0.263630 -0.335876 0.6471 0.6510 0.6432
v -0.297876 -0.285890 -0.297876 0.6471 0.6510 0.6432
v -0.282136 -0.339630 -0.282136 0.6471 0.6510 0.6432
v -0.297876 -0.393370 -0.297876 0.6471 0.6510 0.6432
v -0.335876 -0.415630 -0.335876 0.6471 0.6510 0.6432
v -0.373876 -0.393370 -0.373876 0.6471 0.6510 0.6432
v -0.210859 -0.339630 -0.509058 0.6471 0.6510 0.6432
v -0.202340 -0.285890 -0.488492 0.6471 0.6510 0.6432
v -0.181775 -0.263630 -0.438843 0.6471 0.6510 0.6432
v -0.161209 -0.285890 -0.389193 0.6471 0.6510 0.6432
v -0.152691 -0.339630 -0.368628 0.6471 0.6510 0.6432
v -0.161209 -0.393370 -0.389193 0.6471 0.6510 0.6432
v -0.181775 -0.415630 -0.438843 0.6471 0.6510 0.6432
v -0.202340 -0.393370 -0.488492 0.6471 0.6510 0.6432
v 0.000000 -0.339630 -0.551000 0.6471 0.6510 0.6432
v 0.000000 -0.285890 -0.528740 0.6471 0.6510 0.6432
v 0.000000 -0.263630 -0.475000 0.6471 0.6510 0.6432
v 0.000000 -0.285890 -0.421260 0.6471 0.6510 0.6432
v -0.000000 -0.339630 -0.399000 0.6471 0.6510 0.6432
v -0.000000 -0.393370 -0.421260 0.6471 0.6510 0.6432
v -0.000000 -0.415630 -0.475000 0.6471 0.6510 0.6432
v -0.000000 -0.393370 -0.528740 0.6471 0.6510 0.6432
v 0.210859 -0.339630 -0.509058 0.6471 0.6510 0.6432
v 0.202340 -0.285890 -0.488492 0.6471 0.6510 0.6432
v 0.181775 -0.263630 -0.438843 0.6471 0.6510 0.6432
v 0.161209 -0.285890 -0.389193 0.6471 0.6510 0.6432
v 0.152691 -0.339630 -0.368628 0.6471 0.6510 0.6432
v 0.161209 -0.393370 -0.389193 0.6471 0.6510 0.6432
v 0.181775 -0.415630 -0.438843 0.6471 0.6510 0.6432
v 0.202340 -0.393370 -0.488492 0.6471 0.6510 0.6432
v 0.389616 -0.339630 -0.389616 0.6471 0.6510 0.6432
v 0.373876 -0.285890 -0.373876 0.6471 0.6510 0.6432
v 0.335876 -0.263630 -0.335876 0.6471 0.6510 0.6432
v 0.297876 -0.285890 -0.297876 0.6471 0.6510 0.6432
v 0.282136 -0.339630 -0.282136 0.6471 0.6510 0.6432
v 0.297876 -0.393370 -0.297876 0.6471 0.6510 0.6432
v 0.335876 -0.415630 -0.335876 0.6471 0.6510 0.6432
v 0.373876 -0.393370 -0.373876 0.6471 0.6510 0.6432
v 0.509058 -0.339630 -0.210859 0.6471 0.6510 0.6432
v 0.488492 -0.285890 -0.202340 0.6471 0.6510 0.6432
v 0.438843 -0.263630 -0.181775 0.6471 0.6510 0.6432
v 0.389193 -0.285890 -0.161209 0.6471 0.6510 0.6432
v 0.368628 -0.339630 -0.152691 0.6471 0.6510 0.6432
v 0.389193 -0.393370 -0.161209 0.6471 0.6510 0.6432
v 0.438843 -0.415630 -0.181775 0.6471 0.6510 0.6432
v 0.488492 -0.393370 -0.202340 0.6471 0.6510 0.6432
v 0.509058 -0.339630 0.210858 0.6471 0.6510 0.6432
v 0.488492 -0.285890 0.202340 0.6471 0.6510 0.6432
v 0.438843 -0.263630 0.181774 0.6471 0.6510 0.6432
v 0.389193 -0.285890 0.161209 0.6471 0.6510 0.6432
v 0.368628 -0.339630 0.152691 0.6471 0.6510 0.6432
v 0.389193 -0.393370 0.161209 0.6471 0.6510 0.6432
v 0.438843 -0.415630 0.181774 0.6471 0.6510 0.6432
v 0.488492 -0.393370 0.202340 0.6471 0.6510 0.6432
v 0.389616 -0.339630 0.389616 0.6471 0.6510 0.6432
v 0.373876 -0.285890 0.373876 0.6471 0.6510 0.6432
v 0.335876 -0.263630 0.335876 0.6471 0.6510 0.6432
v 0.297876 -0.285890 0.297876 0.6471 0.6510 0.6432
v 0.282136 -0.339630 0.282136 0.6471 0.6510 0.6432
v 0.297876 -0.393370 0.297876 0.6471 0.6510 0.6432
v 0.335876 -0.415630 0.335876 0.6471 0.6510 0.6432
v 0.373876 -0.393370 0.373876 0.6471 0.6510 0.6432
v 0.210859 -0.339630 0.509058 0.6471 0.6510 0.6432
v 0.202340 -0.285890 0.488492 0.6471 0.6510 0.6432
v 0.181775 -0.263630 0.438843 0.6471 0.6510 0.6432
v 0.161209 -0.285890 0.389193 0.6471 0.6510 0.6432
v 0.152691 -0.339630 0.368628 0.6471 0.6510 0.6432
v 0.161209 -0.393370 0.389193 0.6471 0.6510 0.6432
v 0.181775 -0.415630 0.438843 0.6471 0.6510 0.6432
v 0.202340 -0.393370 0.488492 0.6471 0.6510 0.6432
v -0.000000 -0.339630 0.551000 0.6471 0.6510 0.6432
v -0.000000 -0.285890 0.528740 0.6471 0.6510 0.6432
v -0.000000 -0.263630 0.475000 0.6471 0.6510 0.6432
v -0.000000 -0.285890 0.421260 0.6471 0.6510 0.6432
v -0.000000 -0.339630 0.399000 0.6471 0.6510 0.6432
v -0.000000 -0.393370 0.421260 0.6471 0.6510 0.6432
v -0.000000 -0.415630 0.475000 0.6471 0.6510 0.6432
v -0.000000 -0.393370 0.528740 0.6471 0.6510 0.6432
v -0.210859 -0.339630 0.509058 0.6471 0.6510 0.6432
v -0.202340 -0.285890 0.488492 0.6471 0.6510 0.6432
v -0.181775 -0.263630 0.438843 0.6471 0.6510 0.6432
v -0.161209 -0.285890 0.389193 0.6471 0.6510 0.6432
v -0.152691 -0.339630 0.368628 0.6471 0.6510 0.6432
v -0.161209 -0.393370 0.389193 0.6471 0.6510 0.6432
v -0.181775 -0.415630 0.438843 0.6471 0.6510 0.6432
v -0.202340 -0.393370 0.488492 0.6471 0.6510 0.6432
v -0.389616 -0.339630 0.389616 0.6471 0.6510 0.6432
v -0.373876 -0.285890 0.373876 0.6471 0.6510 0.6432
v -0.335876 -0.263630 0.335876 0.6471 0.6510 0.6432
v -0.297876 -0.285890 0.297876 0.6471 0.6510 0.6432
v -0.282136 -0.339630 0.282136 0.6471 0.6510 0.6432
v -0.297876 -0.393370 0.297876 0.6471 0.6510 0.6432
v -0.335876 -0.415630 0.335876 0.6471 0.6510 0.6432
v -0.373876 -0.393370 0.373876 0.6471 0.6510 0.6432
v -0.509058 -0.339630 0.210859 0.6471 0.6510 0.6432
v -0.488492 -0.285890 0.202340 0.6471 0.6510 0.6432
v -0.438843 -0.263630 0.181775 0.6471 0.6510 0.6432
v -0.389193 -0.285890 0.161209 0.6471 0.6510 0.6432
v -0.368628 -0.339630 0.152691 0.6471 0.6510 0.6432
v -0.389193 -0.393370 0.161209 0.6471 0.6510 0.6432
v -0.438843 -0.415630 0.181775 0.6471 0.6510 0.6432
v -0.488492 -0.393370 0.202340 0.6471 0.6510 0.6432
v 0.686266 -0.311036 -0.039247 0.6471 0.6510 0.6432
v 0.686266 0.188964 -0.039247 0.6471 0.6510 0.6432
v 0.654294 -0.274357 -0.454600 0.6471 0.6510 0.6432
v 0.619008 0.188964 -0.298882 0.6471 0.6510 0.6432
v 0.430521 -0.274357 -0.670383 0.6471 0.6510 0.6432
v 0.457511 0.188964 -0.513015 0.6471 0.6510 0.6432
v 0.141205 -0.274357 -0.784106 0.6471 0.6510 0.6432
v 0.226363 0.188964 -0.649046 0.6471 0.6510 0.6432
v 1.247961 -0.145052 -0.071370 0.6471 0.6510 0.6432
v 1.247961 0.022980 -0.071370 0.6471 0.6510 0.6432
v 1.110600 -0.111719 -0.563471 0.6471 0.6510 0.6432
v 1.110600 -0.010353 -0.563471 0.6471 0.6510 0.6432
v 0.810429 -0.111719 -0.945588 0.6471 0.6510 0.6432
v 0.810429 -0.010353 -0.945588 0.6471 0.6510 0.6432
v 0.386878 -0.111719 -1.183747 0.6471 0.6510 0.6432
v 0.386878 -0.010353 -1.183747 0.6471 0.6510 0.6432
v 0.686266 -0.311036 -0.039247 0.6471 0.6510 0.6432
v 0.541118 -0.311036 -0.261332 0.6471 0.6510 0.6432
v 0.399966 -0.311036 -0.448489 0.6471 0.6510 0.6432
v 0.197793 -0.311036 -0.567468 0.6471 0.6510 0.6432
v 0.619008 -0.311036 -0.298882 0.6471 0.6510 0.6432
v 0.457511 -0.311036 -0.513015 0.6471 0.6510 0.6432
v 0.226363 -0.311036 -0.649046 0.6471 0.6510 0.6432
v 0.600414 -0.311036 -0.034337 0.6471 0.6510 0.6432
v 0.183677 -0.424976 -0.525678 0.6471 0.6510 0.6432
v 0.486895 -0.424976 -0.239908 0.6471 0.6510 0.6432
v 0.371074 -0.424976 -0.416258 0.6471 0.6510 0.6432
v 0.566210 -0.424977 -0.032381 0.6471 0.6510 0.6432
v 0.177421 -0.424976 -0.507996 0.6471 0.6510 0.6432
v 0.469965 -0.424976 -0.231778 0.6471 0.6510 0.6432
v 0.358579 -0.424976 -0.402247 0.6471 0.6510 0.6432
v 0.548620 -0.424977 -0.031375 0.6471 0.6510 0.6432
v 0.622324 0.087499 -0.714102 1.0000 0.8980 0.0000
v 0.624927 0.099330 -0.721566 1.0000 0.8980 0.0000
v 0.625841 0.113284 -0.724187 1.0000 0.8980 0.0000
v 0.624927 0.127239 -0.721566 1.0000 0.8980 0.0000
v 0.305721 0.113284 -0.833473 1.0000 0.8980 0.0000
v 0.622324 0.139070 -0.714102 1.0000 0.8980 0.0000
v 0.618428 0.146974 -0.702931 1.0000 0.8980 0.0000
v 0.613832 0.076819 -0.689755 1.0000 0.8980 0.0000
v 0.626399 0.079594 -0.695823 1.0000 0.8980 0.0000
v 0.303639 0.149750 -0.869879 1.0000 0.8980 0.0000
v 0.314054 0.146974 -0.860591 1.0000 0.8980 0.0000
v 0.322883 0.139070 -0.852717 1.0000 0.8980 0.0000
v 0.328783 0.127239 -0.847456 1.0000 0.8980 0.0000
v 0.330855 0.113284 -0.845608 1.0000 0.8980 0.0000
v 0.328783 0.099330 -0.847456 1.0000 0.8980 0.0000
v 0.322883 0.087499 -0.852717 1.0000 0.8980 0.0000
v 0.314054 0.079594 -0.860591 1.0000 0.8980 0.0000
v 0.637052 0.087499 -0.700967 1.0000 0.8980 0.0000
v 0.644171 0.099330 -0.704404 1.0000 0.8980 0.0000
v 0.317571 0.146974 -0.870676 1.0000 0.8980 0.0000
v 0.329382 0.139070 -0.871351 1.0000 0.8980 0.0000
v 0.337274 0.127239 -0.871803 1.0000 0.8980 0.0000
v 0.340045 0.113284 -0.871961 1.0000 0.8980 0.0000
v 0.337274 0.099330 -0.871803 1.0000 0.8980 0.0000
v 0.329382 0.087499 -0.871351 1.0000 0.8980 0.0000
v 0.317571 0.079594 -0.870676 1.0000 0.8980 0.0000
v 0.303639 0.076819 -0.869879 1.0000 0.8980 0.0000
v 0.646671 0.113284 -0.705611 1.0000 0.8980 0.0000
v 0.312927 0.146974 -0.880294 1.0000 0.8980 0.0000
v 0.320801 0.139070 -0.889123 1.0000 0.8980 0.0000
v 0.326063 0.127239 -0.895023 1.0000 0.8980 0.0000
v 0.327910 0.113284 -0.897094 1.0000 0.8980 0.0000
v 0.326063 0.099330 -0.895023 1.0000 0.8980 0.0000
v 0.320801 0.087499 -0.889123 1.0000 0.8980 0.0000
v 0.312927 0.079594 -0.880294 1.0000 0.8980 0.0000
v 0.644171 0.127239 -0.704404 1.0000 0.8980 0.0000
v 0.637052 0.139070 -0.700967 1.0000 0.8980 0.0000
v 0.302842 0.146974 -0.883811 1.0000 0.8980 0.0000
v 0.302167 0.139070 -0.895622 1.0000 0.8980 0.0000
v 0.301715 0.127239 -0.903514 1.0000 0.8980 0.0000
v 0.301557 0.113284 -0.906285 1.0000 0.8980 0.0000
v 0.301715 0.099330 -0.903514 1.0000 0.8980 0.0000
v 0.302167 0.087499 -0.895622 1.0000 0.8980 0.0000
v 0.302842 0.079594 -0.883811 1.0000 0.8980 0.0000
v 0.626399 0.146974 -0.695823 1.0000 0.8980 0.0000
v 0.627009 0.079594 -0.685160 1.0000 0.8980 0.0000
v 0.293224 0.146974 -0.879167 1.0000 0.8980 0.0000
v 0.284395 0.139070 -0.887041 1.0000 0.8980 0.0000
v 0.278495 0.127239 -0.892302 1.0000 0.8980 0.0000
v 0.276424 0.113284 -0.894150 1.0000 0.8980 0.0000
v 0.278495 0.099330 -0.892302 1.0000 0.8980 0.0000
v 0.284395 0.087499 -0.887041 1.0000 0.8980 0.0000
v 0.293224 0.079594 -0.879167 1.0000 0.8980 0.0000
v 0.638179 0.087499 -0.681264 1.0000 0.8980 0.0000
v 0.645643 0.099330 -0.678661 1.0000 0.8980 0.0000
v 0.289707 0.146974 -0.869082 1.0000 0.8980 0.0000
v 0.277896 0.139070 -0.868407 1.0000 0.8980 0.0000
v 0.270004 0.127239 -0.867955 1.0000 0.8980 0.0000
v 0.267233 0.113284 -0.867797 1.0000 0.8980 0.0000
v 0.270004 0.099330 -0.867955 1.0000 0.8980 0.0000
v 0.277896 0.087499 -0.868407 1.0000 0.8980 0.0000
v 0.289707 0.079594 -0.869082 1.0000 0.8980 0.0000
v 0.648264 0.113284 -0.677746 1.0000 0.8980 0.0000
v 0.645643 0.127239 -0.678661 1.0000 0.8980 0.0000
v 0.294351 0.146974 -0.859464 1.0000 0.8980 0.0000
v 0.286477 0.139070 -0.850635 1.0000 0.8980 0.0000
v 0.281216 0.127239 -0.844735 1.0000 0.8980 0.0000
v 0.279368 0.113284 -0.842663 1.0000 0.8980 0.0000
v 0.281216 0.099330 -0.844735 1.0000 0.8980 0.0000
v 0.286477 0.087499 -0.850635 1.0000 0.8980 0.0000
v 0.294351 0.079594 -0.859464 1.0000 0.8980 0.0000
v 0.638179 0.139070 -0.681264 1.0000 0.8980 0.0000
v 0.627009 0.146974 -0.685160 1.0000 0.8980 0.0000
v 0.304436 0.146974 -0.855947 1.0000 0.8980 0.0000
v 0.305111 0.139070 -0.844136 1.0000 0.8980 0.0000
v 0.305563 0.127239 -0.836244 1.0000 0.8980 0.0000
v 0.613832 0.149750 -0.689755 1.0000 0.8980 0.0000
v 0.305563 0.099330 -0.836244 1.0000 0.8980 0.0000
v 0.305111 0.087499 -0.844136 1.0000 0.8980 0.0000
v 0.304436 0.079594 -0.855947 1.0000 0.8980 0.0000
v 0.629688 0.113284 -0.656917 1.0000 0.8980 0.0000
v 0.618428 0.079594 -0.702931 1.0000 0.8980 0.0000
v 0.607764 0.146974 -0.702322 1.0000 0.8980 0.0000
v 0.602620 0.139070 -0.712975 1.0000 0.8980 0.0000
v 0.599183 0.127239 -0.720094 1.0000 0.8980 0.0000
v 0.597977 0.113284 -0.722593 1.0000 0.8980 0.0000
v 0.599183 0.099330 -0.720094 1.0000 0.8980 0.0000
v 0.602620 0.087499 -0.712975 1.0000 0.8980 0.0000
v 0.607764 0.079594 -0.702322 1.0000 0.8980 0.0000
v 0.600656 0.146974 -0.694351 1.0000 0.8980 0.0000
v 0.589485 0.139070 -0.698246 1.0000 0.8980 0.0000
v 0.582021 0.127239 -0.700849 1.0000 0.8980 0.0000
v 0.579400 0.113284 -0.701764 1.0000 0.8980 0.0000
v 0.582021 0.099330 -0.700849 1.0000 0.8980 0.0000
v 0.589485 0.087499 -0.698246 1.0000 0.8980 0.0000
v 0.600656 0.079594 -0.694351 1.0000 0.8980 0.0000
v 0.601265 0.146974 -0.683687 1.0000 0.8980 0.0000
v 0.590612 0.139070 -0.678543 1.0000 0.8980 0.0000
v 0.583494 0.127239 -0.675106 1.0000 0.8980 0.0000
v 0.580994 0.113284 -0.673899 1.0000 0.8980 0.0000
v 0.583494 0.099330 -0.675106 1.0000 0.8980 0.0000
v 0.590612 0.087499 -0.678543 1.0000 0.8980 0.0000
v 0.601265 0.079594 -0.683687 1.0000 0.8980 0.0000
v 0.609237 0.146974 -0.676579 1.0000 0.8980 0.0000
v 0.605341 0.139070 -0.665408 1.0000 0.8980 0.0000
v 0.602738 0.127239 -0.657944 1.0000 0.8980 0.0000
v 0.601824 0.113284 -0.655323 1.0000 0.8980 0.0000
v 0.602738 0.099330 -0.657944 1.0000 0.8980 0.0000
v 0.605341 0.087499 -0.665408 1.0000 0.8980 0.0000
v 0.609237 0.079594 -0.676579 1.0000 0.8980 0.0000
v 0.619900 0.146974 -0.677188 1.0000 0.8980 0.0000
v 0.625044 0.139070 -0.666535 1.0000 0.8980 0.0000
v 0.628481 0.127239 -0.659416 1.0000 0.8980 0.0000
v 0.628481 0.099330 -0.659416 1.0000 0.8980 0.0000
v 0.625044 0.087499 -0.666535 1.0000 0.8980 0.0000
v 0.619900 0.079594 -0.677188 1.0000 0.8980 0.0000
v 0.829696 0.087499 -0.427158 1.0000 0.8980 0.0000
v 0.829245 0.099329 -0.435050 1.0000 0.8980 0.0000
v 0.829086 0.113284 -0.437821 1.0000 0.8980 0.0000
v 0.829245 0.127239 -0.435050 1.0000 0.8980 0.0000
v 0.829696 0.139070 -0.427158 1.0000 0.8980 0.0000
v 0.830371 0.146974 -0.415347 1.0000 0.8980 0.0000
v 0.831168 0.076818 -0.401415 1.0000 0.8980 0.0000
v 0.840456 0.079594 -0.411830 1.0000 0.8980 0.0000
v 0.848330 0.087499 -0.420659 1.0000 0.8980 0.0000
v 0.853592 0.099329 -0.426559 1.0000 0.8980 0.0000
v 0.855439 0.113284 -0.428630 1.0000 0.8980 0.0000
v 0.853592 0.127239 -0.426559 1.0000 0.8980 0.0000
v 0.848330 0.139070 -0.420659 1.0000 0.8980 0.0000
v 0.840456 0.146974 -0.411830 1.0000 0.8980 0.0000
v 0.845100 0.079594 -0.402212 1.0000 0.8980 0.0000
v 0.856911 0.087499 -0.402887 1.0000 0.8980 0.0000
v 0.864803 0.099329 -0.403338 1.0000 0.8980 0.0000
v 0.867575 0.113284 -0.403497 1.0000 0.8980 0.0000
v 0.864803 0.127239 -0.403338 1.0000 0.8980 0.0000
v 0.856911 0.139070 -0.402887 1.0000 0.8980 0.0000
v 0.845100 0.146974 -0.402212 1.0000 0.8980 0.0000
v 0.831168 0.149750 -0.401415 1.0000 0.8980 0.0000
v 0.858384 0.113284 -0.377144 1.0000 0.8980 0.0000
v 0.830371 0.079594 -0.415347 1.0000 0.8980 0.0000
v 0.820753 0.146974 -0.410703 1.0000 0.8980 0.0000
v 0.811924 0.139070 -0.418577 1.0000 0.8980 0.0000
v 0.806024 0.127239 -0.423838 1.0000 0.8980 0.0000
v 0.803953 0.113284 -0.425686 1.0000 0.8980 0.0000
v 0.806024 0.099329 -0.423838 1.0000 0.8980 0.0000
v 0.811924 0.087499 -0.418577 1.0000 0.8980 0.0000
v 0.820753 0.079594 -0.410703 1.0000 0.8980 0.0000
v 0.817236 0.146974 -0.400618 1.0000 0.8980 0.0000
v 0.805425 0.139070 -0.399943 1.0000 0.8980 0.0000
v 0.797533 0.127239 -0.399491 1.0000 0.8980 0.0000
v 0.794762 0.113284 -0.399333 1.0000 0.8980 0.0000
v 0.797533 0.099329 -0.399491 1.0000 0.8980 0.0000
v 0.805425 0.087499 -0.399943 1.0000 0.8980 0.0000
v 0.817236 0.079594 -0.400618 1.0000 0.8980 0.0000
v 0.821880 0.146974 -0.391000 1.0000 0.8980 0.0000
v 0.814006 0.139070 -0.382171 1.0000 0.8980 0.0000
v 0.808745 0.127239 -0.376271 1.0000 0.8980 0.0000
v 0.806897 0.113284 -0.374199 1.0000 0.8980 0.0000
v 0.808745 0.099329 -0.376271 1.0000 0.8980 0.0000
v 0.814006 0.087499 -0.382171 1.0000 0.8980 0.0000
v 0.821880 0.079594 -0.391000 1.0000 0.8980 0.0000
v 0.831965 0.146974 -0.387483 1.0000 0.8980 0.0000
v 0.832640 0.139070 -0.375672 1.0000 0.8980 0.0000
v 0.833092 0.127239 -0.367780 1.0000 0.8980 0.0000
v 0.833250 0.113284 -0.365008 1.0000 0.8980 0.0000
v 0.833092 0.099329 -0.367780 1.0000 0.8980 0.0000
v 0.832640 0.087499 -0.375672 1.0000 0.8980 0.0000
v 0.831965 0.079594 -0.387483 1.0000 0.8980 0.0000
v 0.841583 0.146974 -0.392127 1.0000 0.8980 0.0000
v 0.850412 0.139070 -0.384253 1.0000 0.8980 0.0000
v 0.856312 0.127239 -0.378991 1.0000 0.8980 0.0000
v 0.856312 0.099329 -0.378991 1.0000 0.8980 0.0000
v 0.850412 0.087499 -0.384253 1.0000 0.8980 0.0000
v 0.841583 0.079594 -0.392127 1.0000 0.8980 0.0000
v -0.037140 0.113284 -0.888891 1.0000 0.8980 0.0000
v -0.039819 0.146974 -0.917134 1.0000 0.8980 0.0000
v -0.028649 0.139070 -0.913238 1.0000 0.8980 0.0000
v -0.021185 0.127239 -0.910635 1.0000 0.8980 0.0000
v -0.018564 0.113284 -0.909721 1.0000 0.8980 0.0000
v -0.021185 0.099330 -0.910635 1.0000 0.8980 0.0000
v -0.028649 0.087499 -0.913238 1.0000 0.8980 0.0000
v -0.039819 0.079594 -0.917134 1.0000 0.8980 0.0000
v -0.040429 0.146974 -0.927797 1.0000 0.8980 0.0000
v -0.029776 0.139070 -0.932941 1.0000 0.8980 0.0000
v -0.022657 0.127239 -0.936378 1.0000 0.8980 0.0000
v -0.020158 0.113284 -0.937585 1.0000 0.8980 0.0000
v -0.022657 0.099330 -0.936378 1.0000 0.8980 0.0000
v -0.029776 0.087499 -0.932941 1.0000 0.8980 0.0000
v -0.040429 0.079594 -0.927797 1.0000 0.8980 0.0000
v -0.048400 0.146974 -0.934906 1.0000 0.8980 0.0000
v -0.044505 0.139070 -0.946077 1.0000 0.8980 0.0000
v -0.041901 0.127239 -0.953540 1.0000 0.8980 0.0000
v -0.040987 0.113284 -0.956161 1.0000 0.8980 0.0000
v -0.041901 0.099330 -0.953540 1.0000 0.8980 0.0000
v -0.044505 0.087499 -0.946077 1.0000 0.8980 0.0000
v -0.048400 0.079594 -0.934906 1.0000 0.8980 0.0000
v -0.046928 0.146974 -0.909163 1.0000 0.8980 0.0000
v -0.041784 0.139070 -0.898509 1.0000 0.8980 0.0000
v -0.038347 0.127239 -0.891391 1.0000 0.8980 0.0000
v -0.038347 0.099330 -0.891391 1.0000 0.8980 0.0000
v -0.041784 0.087499 -0.898509 1.0000 0.8980 0.0000
v -0.046928 0.079594 -0.909163 1.0000 0.8980 0.0000
v 0.911589 0.087499 -0.075383 1.0000 0.8980 0.0000
v 0.908151 0.099329 -0.082501 1.0000 0.8980 0.0000
v 0.906944 0.113284 -0.085001 1.0000 0.8980 0.0000
v 0.908151 0.127239 -0.082501 1.0000 0.8980 0.0000
v 0.911589 0.139070 -0.075383 1.0000 0.8980 0.0000
v 0.916733 0.146974 -0.064729 1.0000 0.8980 0.0000
v 0.922765 0.076818 -0.052773 1.0000 0.8980 0.0000
v 0.927396 0.079594 -0.065339 1.0000 0.8980 0.0000
v 0.931291 0.087499 -0.076510 1.0000 0.8980 0.0000
v 0.933895 0.099329 -0.083974 1.0000 0.8980 0.0000
v 0.934809 0.113284 -0.086595 1.0000 0.8980 0.0000
v 0.933895 0.127239 -0.083974 1.0000 0.8980 0.0000
v 0.931291 0.139070 -0.076510 1.0000 0.8980 0.0000
v 0.927396 0.146974 -0.065339 1.0000 0.8980 0.0000
v 0.935367 0.079594 -0.058230 1.0000 0.8980 0.0000
v 0.946020 0.087499 -0.063374 1.0000 0.8980 0.0000
v 0.953139 0.099329 -0.066811 1.0000 0.8980 0.0000
v 0.955639 0.113284 -0.068018 1.0000 0.8980 0.0000
v 0.953139 0.127239 -0.066811 1.0000 0.8980 0.0000
v 0.946020 0.139070 -0.063374 1.0000 0.8980 0.0000
v 0.935367 0.146974 -0.058230 1.0000 0.8980 0.0000
v 0.922765 0.149750 -0.052773 1.0000 0.8980 0.0000
v 0.956400 0.113284 -0.054696 1.0000 0.8980 0.0000
v 0.916733 0.079594 -0.064729 1.0000 0.8980 0.0000
v 0.909624 0.146974 -0.056758 1.0000 0.8980 0.0000
v 0.898453 0.139070 -0.060654 1.0000 0.8980 0.0000
v 0.890989 0.127239 -0.063257 1.0000 0.8980 0.0000
v 0.888368 0.113284 -0.064171 1.0000 0.8980 0.0000
v 0.890989 0.099329 -0.063257 1.0000 0.8980 0.0000
v 0.898453 0.087499 -0.060654 1.0000 0.8980 0.0000
v 0.909624 0.079594 -0.056758 1.0000 0.8980 0.0000
v 0.909894 0.146974 -0.052036 1.0000 0.8980 0.0000
v 0.898982 0.139070 -0.051412 1.0000 0.8980 0.0000
v 0.891691 0.127239 -0.050995 1.0000 0.8980 0.0000
v 0.889130 0.113284 -0.050849 1.0000 0.8980 0.0000
v 0.891691 0.099329 -0.050995 1.0000 0.8980 0.0000
v 0.898982 0.087499 -0.051412 1.0000 0.8980 0.0000
v 0.909894 0.079594 -0.052036 1.0000 0.8980 0.0000
v 0.917434 0.146974 -0.052468 1.0000 0.8980 0.0000
v 0.912914 0.139070 -0.052209 1.0000 0.8980 0.0000
v 0.909894 0.127239 -0.052036 1.0000 0.8980 0.0000
v 0.908833 0.113284 -0.051976 1.0000 0.8980 0.0000
v 0.909894 0.099329 -0.052036 1.0000 0.8980 0.0000
v 0.912914 0.087499 -0.052209 1.0000 0.8980 0.0000
v 0.917434 0.079594 -0.052468 1.0000 0.8980 0.0000
v 0.928097 0.146974 -0.053077 1.0000 0.8980 0.0000
v 0.932617 0.139070 -0.053336 1.0000 0.8980 0.0000
v 0.935637 0.127239 -0.053509 1.0000 0.8980 0.0000
v 0.936697 0.113284 -0.053569 1.0000 0.8980 0.0000
v 0.935637 0.099329 -0.053509 1.0000 0.8980 0.0000
v 0.932617 0.087499 -0.053336 1.0000 0.8980 0.0000
v 0.928097 0.079594 -0.053077 1.0000 0.8980 0.0000
v 0.935637 0.146974 -0.053509 1.0000 0.8980 0.0000
v 0.946549 0.139070 -0.054133 1.0000 0.8980 0.0000
v 0.953840 0.127239 -0.054550 1.0000 0.8980 0.0000
v 0.953840 0.099329 -0.054550 1.0000 0.8980 0.0000
v 0.946549 0.087499 -0.054133 1.0000 0.8980 0.0000
v 0.935637 0.079594 -0.053509 1.0000 0.8980 0.0000
v 0.433182 -0.010353 -1.167598 0.6471 0.6510 0.6432
v 0.433182 -0.111719 -1.167598 0.6471 0.6510 0.6432
v -0.046612 -0.111719 -1.244492 0.6471 0.6510 0.6432
v -0.046612 -0.010353 -1.244492 0.6471 0.6510 0.6432
v 0.847029 -0.010353 -0.912948 0.6471 0.6510 0.6432
v 0.847029 -0.111719 -0.912948 0.6471 0.6510 0.6432
v 0.244596 -0.181730 -1.080558 0.6471 0.6510 0.6432
v 0.411636 0.022981 -1.180278 0.6471 0.6510 0.6432
v 1.131922 -0.010353 -0.519310 0.6471 0.6510 0.6432
v 1.131922 -0.111719 -0.519310 0.6471 0.6510 0.6432
v 0.639489 -0.181730 -0.904703 0.6471 0.6510 0.6432
v 0.831975 0.022981 -0.932908 0.6471 0.6510 0.6432
v 1.241692 -0.010353 -0.095572 0.6471 0.6510 0.6432
v 1.241692 -0.111719 -0.095572 0.6471 0.6510 0.6432
v 0.937025 -0.181730 -0.591115 0.6471 0.6510 0.6432
v 1.125653 0.022981 -0.543512 0.6471 0.6510 0.6432
v -0.037702 -0.027019 -1.217999 0.6471 0.6510 0.6432
v -0.037702 -0.095052 -1.217999 0.6471 0.6510 0.6432
v 0.371030 -0.027019 -1.160724 0.6471 0.6510 0.6432
v 0.371030 -0.095052 -1.160724 0.6471 0.6510 0.6432
v 1.218597 -0.027020 -0.092619 0.6471 0.6510 0.6432
v 1.218597 -0.095052 -0.092619 0.6471 0.6510 0.6432
v 0.779696 -0.027019 -0.936874 0.6471 0.6510 0.6432
v 0.779696 -0.095052 -0.936874 0.6471 0.6510 0.6432
v 0.423995 -0.095052 -1.146204 0.6471 0.6510 0.6432
v 0.423995 -0.027019 -1.146204 0.6471 0.6510 0.6432
v 1.083113 -0.027019 -0.558398 0.6471 0.6510 0.6432
v 1.083113 -0.095052 -0.558398 0.6471 0.6510 0.6432
v 0.834596 -0.095052 -0.887915 0.6471 0.6510 0.6432
v 0.834596 -0.027019 -0.887915 0.6471 0.6510 0.6432
v 1.115097 -0.095052 -0.492157 0.6471 0.6510 0.6432
v 1.115097 -0.027019 -0.492157 0.6471 0.6510 0.6432
v -0.050081 -0.010353 -1.219734 0.6471 0.6510 0.6432
v -0.050081 -0.111719 -1.219734 0.6471 0.6510 0.6432
v 0.383409 -0.010353 -1.158989 0.6471 0.6510 0.6432
v 0.383409 -0.111719 -1.158989 0.6471 0.6510 0.6432
v 0.790469 -0.010353 -0.930534 0.6471 0.6510 0.6432
v 0.790469 -0.111719 -0.930534 0.6471 0.6510 0.6432
v 0.413223 -0.111719 -1.152544 0.6471 0.6510 0.6432
v 0.413223 -0.010353 -1.152544 0.6471 0.6510 0.6432
v 1.090640 -0.010353 -0.548418 0.6471 0.6510 0.6432
v 1.090640 -0.111719 -0.548418 0.6471 0.6510 0.6432
v 0.827069 -0.111719 -0.897895 0.6471 0.6510 0.6432
v 0.827069 -0.010353 -0.897895 0.6471 0.6510 0.6432
v 1.221732 -0.010353 -0.080518 0.6471 0.6510 0.6432
v 1.221732 -0.111719 -0.080518 0.6471 0.6510 0.6432
v 1.111963 -0.111719 -0.504257 0.6471 0.6510 0.6432
v 1.111963 -0.010353 -0.504257 0.6471 0.6510 0.6432
v -0.037702 -0.027019 -1.217999 0.6471 0.6510 0.6432
v -0.037702 -0.095052 -1.217999 0.6471 0.6510 0.6432
v 0.371030 -0.027019 -1.160724 0.6471 0.6510 0.6432
v 0.371030 -0.095052 -1.160724 0.6471 0.6510 0.6432
v 0.779696 -0.027019 -0.936874 1.0000 0.8980 0.0000
v 0.779696 -0.095052 -0.936874 1.0000 0.8980 0.0000
v 0.423995 -0.095052 -1.146204 1.0000 0.8980 0.0000
v 0.423995 -0.027019 -1.146204 1.0000 0.8980 0.0000
v 1.083113 -0.027019 -0.558398 1.0000 0.8980 0.0000
v 1.083113 -0.095052 -0.558398 1.0000 0.8980 0.0000
v 0.834596 -0.095052 -0.887915 1.0000 0.8980 0.0000
v 0.834596 -0.027019 -0.887915 1.0000 0.8980 0.0000
v 1.218597 -0.027020 -0.092619 1.0000 0.8980 0.0000
v 1.218597 -0.095052 -0.092619 1.0000 0.8980 0.0000
v 1.115097 -0.095052 -0.492157 1.0000 0.8980 0.0000
v 1.115097 -0.027019 -0.492157 1.0000 0.8980 0.0000
v -0.037702 -0.027019 -1.217999 1.0000 0.8980 0.0000
v -0.037702 -0.095052 -1.217999 1.0000 0.8980 0.0000
v 0.371030 -0.027019 -1.160724 1.0000 0.8980 0.0000
v 0.371030 -0.095052 -1.160724 1.0000 0.8980 0.0000
v 0.071419 -0.044027 -1.253196 1.0000 0.8980 0.0000
v 0.071419 -0.078044 -1.253196 1.0000 0.8980 0.0000
v 0.275786 -0.044027 -1.224558 1.0000 0.8980 0.0000
v 0.275786 -0.078044 -1.224558 1.0000 0.8980 0.0000
v 0.716131 -0.044027 -1.032298 1.0000 0.8980 0.0000
v 0.716131 -0.078044 -1.032298 1.0000 0.8980 0.0000
v 0.538280 -0.078044 -1.136964 1.0000 0.8980 0.0000
v 0.538280 -0.044027 -1.136964 1.0000 0.8980 0.0000
v 1.060903 -0.044028 -0.670884 1.0000 0.8980 0.0000
v 1.060903 -0.078044 -0.670884 1.0000 0.8980 0.0000
v 0.936645 -0.078044 -0.835643 1.0000 0.8980 0.0000
v 0.936645 -0.044028 -0.835643 1.0000 0.8980 0.0000
v 1.241125 -0.044028 -0.205042 1.0000 0.8980 0.0000
v 1.241125 -0.078044 -0.205042 1.0000 0.8980 0.0000
v 1.189375 -0.078044 -0.404811 1.0000 0.8980 0.0000
v 1.189375 -0.044028 -0.404811 1.0000 0.8980 0.0000
v 0.480434 -0.181730 -0.998307 0.6471 0.6510 0.6432
v 0.377043 -0.274357 -0.701855 0.6471 0.6510 0.6432
v 0.061828 -0.181730 -1.106169 0.6471 0.6510 0.6432
v 0.079754 -0.274357 -0.792717 0.6471 0.6510 0.6432
v 0.825898 -0.181730 -0.738461 0.6471 0.6510 0.6432
v 0.411636 -0.145052 -1.180278 0.6471 0.6510 0.6432
v 0.616930 -0.274357 -0.504141 0.6471 0.6510 0.6432
v 0.226363 -0.311036 -0.649046 0.6471 0.6510 0.6432
v 1.045627 -0.181731 -0.366192 0.6471 0.6510 0.6432
v 0.831975 -0.145052 -0.932908 0.6471 0.6510 0.6432
v 0.762896 -0.274357 -0.229677 0.6471 0.6510 0.6432
v 0.457511 -0.311036 -0.513015 0.6471 0.6510 0.6432
v 1.125653 -0.145052 -0.543512 0.6471 0.6510 0.6432
v 1.091908 -0.181731 -0.187535 0.6471 0.6510 0.6432
v 0.619008 -0.311036 -0.298882 0.6471 0.6510 0.6432
v 0.778456 -0.274357 -0.169608 0.6471 0.6510 0.6432
v 0.060828 -0.157790 -1.099038 1.0000 0.8980 0.0000
v 0.078754 -0.250417 -0.785585 1.0000 0.8980 0.0000
v 0.243597 -0.157790 -1.073426 1.0000 0.8980 0.0000
v 0.140205 -0.250417 -0.776974 1.0000 0.8980 0.0000
v 0.635836 -0.157790 -0.898496 1.0000 0.8980 0.0000
v 0.476781 -0.157790 -0.992100 1.0000 0.8980 0.0000
v 0.426868 -0.250417 -0.664177 1.0000 0.8980 0.0000
v 0.373390 -0.250417 -0.695648 1.0000 0.8980 0.0000
v 0.931276 -0.157790 -0.586778 1.0000 0.8980 0.0000
v 0.820149 -0.157790 -0.734125 1.0000 0.8980 0.0000
v 0.648544 -0.250417 -0.450264 1.0000 0.8980 0.0000
v 0.611181 -0.250417 -0.499805 1.0000 0.8980 0.0000
v 1.084937 -0.157790 -0.185729 1.0000 0.8980 0.0000
v 0.771485 -0.250417 -0.167803 1.0000 0.8980 0.0000
v 1.038656 -0.157790 -0.364386 1.0000 0.8980 0.0000
v 0.755924 -0.250417 -0.227871 1.0000 0.8980 0.0000
v 0.178504 0.638460 0.159192 0.5569 0.9490 0.6863
v 0.329833 0.502977 0.294148 0.5569 0.9490 0.6863
v 0.430947 0.300213 0.384323 0.5569 0.9490 0.6863
v 0.466454 0.061036 0.415988 0.5569 0.9490 0.6863
v 0.430947 -0.178142 0.384323 0.5569 0.9490 0.6863
v 0.329833 -0.380906 0.294148 0.5569 0.9490 0.6863
v 0.178504 -0.516389 0.159192 0.5569 0.9490 0.6863
v 0.238787 0.638460 -0.013656 0.5569 0.9490 0.6863
v 0.441221 0.502977 -0.025233 0.5569 0.9490 0.6863
v 0.576483 0.300213 -0.032969 0.5569 0.9490 0.6863
v 0.623980 0.061036 -0.035685 0.5569 0.9490 0.6863
v 0.576483 -0.178141 -0.032969 0.5569 0.9490 0.6863
v 0.441221 -0.380906 -0.025233 0.5569 0.9490 0.6863
v 0.238787 -0.516389 -0.013656 0.5569 0.9490 0.6863
v 0.159192 0.638460 -0.178504 0.5569 0.9490 0.6863
v 0.294148 0.502977 -0.329833 0.5569 0.9490 0.6863
v 0.384322 0.300213 -0.430947 0.5569 0.9490 0.6863
v 0.415988 0.061036 -0.466454 0.5569 0.9490 0.6863
v 0.384322 -0.178141 -0.430947 0.5569 0.9490 0.6863
v 0.294148 -0.380906 -0.329833 0.5569 0.9490 0.6863
v 0.159192 -0.516389 -0.178504 0.5569 0.9490 0.6863
v -0.178504 0.638460 -0.159191 0.5569 0.9490 0.6863
v -0.329833 0.502977 -0.294147 0.5569 0.9490 0.6863
v -0.430947 0.300213 -0.384322 0.5569 0.9490 0.6863
v -0.466454 0.061036 -0.415987 0.5569 0.9490 0.6863
v -0.430947 -0.178141 -0.384322 0.5569 0.9490 0.6863
v -0.329833 -0.380906 -0.294148 0.5569 0.9490 0.6863
v -0.178504 -0.516389 -0.159192 0.5569 0.9490 0.6863
v -0.238787 0.638460 0.013656 0.5569 0.9490 0.6863
v -0.441221 0.502977 0.025233 0.5569 0.9490 0.6863
v -0.576483 0.300213 0.032969 0.5569 0.9490 0.6863
v -0.623980 0.061036 0.035685 0.5569 0.9490 0.6863
v -0.576483 -0.178141 0.032969 0.5569 0.9490 0.6863
v -0.441221 -0.380906 0.025233 0.5569 0.9490 0.6863
v -0.238787 -0.516389 0.013656 0.5569 0.9490 0.6863
v -0.159192 0.638460 0.178504 0.5569 0.9490 0.6863
v -0.294148 0.502977 0.329833 0.5569 0.9490 0.6863
v -0.384322 0.300213 0.430947 0.5569 0.9490 0.6863
v -0.415988 0.061036 0.466454 0.5569 0.9490 0.6863
v -0.384322 -0.178142 0.430947 0.5569 0.9490 0.6863
v -0.294148 -0.380906 0.329833 0.5569 0.9490 0.6863
v -0.159192 -0.516389 0.178504 0.5569 0.9490 0.6863
v 0.200317 -0.392833 0.483607 0.6471 0.6510 0.6432
v 0.179957 -0.414870 0.434454 0.6471 0.6510 0.6432
v 0.159597 -0.392833 0.385301 0.6471 0.6510 0.6432
v 0.151164 -0.339630 0.364942 0.6471 0.6510 0.6432
v 0.159597 -0.286428 0.385301 0.6471 0.6510 0.6432
v 0.179957 -0.264390 0.434454 0.6471 0.6510 0.6432
v 0.200317 -0.286428 0.483607 0.6471 0.6510 0.6432
v 0.208750 -0.339630 0.503967 0.6471 0.6510 0.6432
v 0.370137 -0.392833 0.370137 0.6471 0.6510 0.6432
v 0.332517 -0.414870 0.332517 0.6471 0.6510 0.6432
v 0.294897 -0.392833 0.294897 0.6471 0.6510 0.6432
v 0.279314 -0.339630 0.279314 0.6471 0.6510 0.6432
v 0.294897 -0.286428 0.294897 0.6471 0.6510 0.6432
v 0.332517 -0.264390 0.332517 0.6471 0.6510 0.6432
v 0.370137 -0.286428 0.370137 0.6471 0.6510 0.6432
v 0.385720 -0.339630 0.385720 0.6471 0.6510 0.6432
v 0.483607 -0.392833 0.200317 0.6471 0.6510 0.6432
v 0.434454 -0.414870 0.179957 0.6471 0.6510 0.6432
v 0.385301 -0.392833 0.159597 0.6471 0.6510 0.6432
v 0.364942 -0.339630 0.151164 0.6471 0.6510 0.6432
v 0.385301 -0.286428 0.159597 0.6471 0.6510 0.6432
v 0.434454 -0.264390 0.179957 0.6471 0.6510 0.6432
v 0.483607 -0.286428 0.200317 0.6471 0.6510 0.6432
v 0.503967 -0.339630 0.208750 0.6471 0.6510 0.6432
v 0.523453 -0.392833 0.000000 0.6471 0.6510 0.6432
v 0.470250 -0.414870 0.000000 0.6471 0.6510 0.6432
v 0.417047 -0.392833 0.000000 0.6471 0.6510 0.6432
v 0.395010 -0.339630 0.000000 0.6471 0.6510 0.6432
v 0.417047 -0.286428 0.000000 0.6471 0.6510 0.6432
v 0.470250 -0.264390 0.000000 0.6471 0.6510 0.6432
v 0.523453 -0.286428 0.000000 0.6471 0.6510 0.6432
v 0.545490 -0.339630 0.000000 0.6471 0.6510 0.6432
v -0.483607 -0.392833 0.200317 0.6471 0.6510 0.6432
v -0.434454 -0.414870 0.179957 0.6471 0.6510 0.6432
v -0.385301 -0.392833 0.159597 0.6471 0.6510 0.6432
v -0.364942 -0.339630 0.151164 0.6471 0.6510 0.6432
v -0.385301 -0.286427 0.159597 0.6471 0.6510 0.6432
v -0.434454 -0.264390 0.179957 0.6471 0.6510 0.6432
v -0.483607 -0.286427 0.200317 0.6471 0.6510 0.6432
v -0.503967 -0.339630 0.208750 0.6471 0.6510 0.6432
v -0.370137 -0.392833 0.370137 0.6471 0.6510 0.6432
v -0.332517 -0.414870 0.332517 0.6471 0.6510 0.6432
v -0.294897 -0.392833 0.294897 0.6471 0.6510 0.6432
v -0.279314 -0.339630 0.279314 0.6471 0.6510 0.6432
v -0.294897 -0.286427 0.294897 0.6471 0.6510 0.6432
v -0.332517 -0.264390 0.332517 0.6471 0.6510 0.6432
v -0.370137 -0.286427 0.370137 0.6471 0.6510 0.6432
v -0.385720 -0.339630 0.385720 0.6471 0.6510 0.6432
v -0.200317 -0.392833 0.483607 0.6471 0.6510 0.6432
v -0.179957 -0.414870 0.434454 0.6471 0.6510 0.6432
v -0.159597 -0.392833 0.385301 0.6471 0.6510 0.6432
v -0.151164 -0.339630 0.364942 0.6471 0.6510 0.6432
v -0.159597 -0.286428 0.385301 0.6471 0.6510 0.6432
v -0.179957 -0.264390 0.434454 0.6471 0.6510 0.6432
v -0.200317 -0.286428 0.483607 0.6471 0.6510 0.6432
v -0.208750 -0.339630 0.503967 0.6471 0.6510 0.6432
v -0.000000 -0.392833 0.523453 0.6471 0.6510 0.6432
v -0.000000 -0.414870 0.470250 0.6471 0.6510 0.6432
v -0.000000 -0.392833 0.417047 0.6471 0.6510 0.6432
v -0.000000 -0.339630 0.395010 0.6471 0.6510 0.6432
v -0.000000 -0.286428 0.417047 0.6471 0.6510 0.6432
v -0.000000 -0.264390 0.470250 0.6471 0.6510 0.6432
v -0.000000 -0.286428 0.523453 0.6471 0.6510 0.6432
v -0.000000 -0.339630 0.545490 0.6471 0.6510 0.6432
v 0.200317 -0.392833 0.483607 0.6471 0.6510 0.6432
v 0.179957 -0.414870 0.434454 0.6471 0.6510 0.6432
v 0.159597 -0.392833 0.385301 0.6471 0.6510 0.6432
v 0.151164 -0.339630 0.364942 0.6471 0.6510 0.6432
v 0.159597 -0.286428 0.385301 0.6471 0.6510 0.6432
v 0.179957 -0.264390 0.434454 0.6471 0.6510 0.6432
v 0.200317 -0.286428 0.483607 0.6471 0.6510 0.6432
v 0.208750 -0.339630 0.503967 0.6471 0.6510 0.6432
v 0.370137 -0.392833 0.370137 0.6471 0.6510 0.6432
v 0.332517 -0.414870 0.332517 0.6471 0.6510 0.6432
v 0.294897 -0.392833 0.294897 0.6471 0.6510 0.6432
v 0.279314 -0.339630 0.279314 0.6471 0.6510 0.6432
v 0.294897 -0.286428 0.294897 0.6471 0.6510 0.6432
v 0.332517 -0.264390 0.332517 0.6471 0.6510 0.6432
v 0.370137 -0.286428 0.370137 0.6471 0.6510 0.6432
v 0.385720 -0.339630 0.385720 0.6471 0.6510 0.6432
v 0.483607 -0.392833 0.200317 0.6471 0.6510 0.6432
v 0.434454 -0.414870 0.179957 0.6471 0.6510 0.6432
v 0.385302 -0.392833 0.159597 0.6471 0.6510 0.6432
v 0.364942 -0.339630 0.151164 0.6471 0.6510 0.6432
v 0.385302 -0.286428 0.159597 0.6471 0.6510 0.6432
v 0.434454 -0.264390 0.179957 0.6471 0.6510 0.6432
v 0.483607 -0.286428 0.200317 0.6471 0.6510 0.6432
v 0.503967 -0.339630 0.208750 0.6471 0.6510 0.6432
v 0.483607 -0.392833 -0.200317 0.6471 0.6510 0.6432
v 0.434454 -0.414870 -0.179957 0.6471 0.6510 0.6432
v 0.385301 -0.392833 -0.159597 0.6471 0.6510 0.6432
v 0.364942 -0.339630 -0.151164 0.6471 0.6510 0.6432
v 0.385301 -0.286428 -0.159597 0.6471 0.6510 0.6432
v 0.434454 -0.264390 -0.179957 0.6471 0.6510 0.6432
v 0.483607 -0.286428 -0.200317 0.6471 0.6510 0.6432
v 0.503967 -0.339630 -0.208750 0.6471 0.6510 0.6432
v 0.370137 -0.392833 -0.370137 0.6471 0.6510 0.6432
v 0.332517 -0.414870 -0.332517 0.6471 0.6510 0.6432
v 0.294897 -0.392833 -0.294897 0.6471 0.6510 0.6432
v 0.279314 -0.339630 -0.279314 0.6471 0.6510 0.6432
v 0.294897 -0.286428 -0.294897 0.6471 0.6510 0.6432
v 0.332517 -0.264390 -0.332517 0.6471 0.6510 0.6432
v 0.370137 -0.286428 -0.370137 0.6471 0.6510 0.6432
v 0.385720 -0.339630 -0.385720 0.6471 0.6510 0.6432
v 0.200317 -0.392833 -0.483607 0.6471 0.6510 0.6432
v 0.179957 -0.414870 -0.434454 0.6471 0.6510 0.6432
v 0.159597 -0.392833 -0.385301 0.6471 0.6510 0.6432
v 0.151164 -0.339630 -0.364942 0.6471 0.6510 0.6432
v 0.159597 -0.286428 -0.385301 0.6471 0.6510 0.6432
v 0.179957 -0.264390 -0.434454 0.6471 0.6510 0.6432
v 0.200317 -0.286428 -0.483607 0.6471 0.6510 0.6432
v 0.208750 -0.339630 -0.503967 0.6471 0.6510 0.6432
v 0.551000 -0.339630 0.000000 0.6471 0.6510 0.6432
v 0.528740 -0.285890 0.000000 0.6471 0.6510 0.6432
v 0.475000 -0.263630 0.000000 0.6471 0.6510 0.6432
v 0.421260 -0.285890 0.000000 0.6471 0.6510 0.6432
v 0.399000 -0.339630 0.000000 0.6471 0.6510 0.6432
v 0.421260 -0.393370 0.000000 0.6471 0.6510 0.6432
v 0.475000 -0.415630 0.000000 0.6471 0.6510 0.6432
v 0.528740 -0.393370 0.000000 0.6471 0.6510 0.6432
v 0.509058 -0.339630 0.210859 0.6471 0.6510 0.6432
v 0.488492 -0.285890 0.202340 0.6471 0.6510 0.6432
v 0.438843 -0.263630 0.181775 0.6471 0.6510 0.6432
v 0.389193 -0.285890 0.161209 0.6471 0.6510 0.6432
v 0.368628 -0.339630 0.152691 0.6471 0.6510 0.6432
v 0.389193 -0.393370 0.161209 0.6471 0.6510 0.6432
v 0.438843 -0.415630 0.181775 0.6471 0.6510 0.6432
v 0.488492 -0.393370 0.202340 0.6471 0.6510 0.6432
v 0.389616 -0.339630 0.389616 0.6471 0.6510 0.6432
v 0.373876 -0.285890 0.373876 0.6471 0.6510 0.6432
v 0.335876 -0.263630 0.335876 0.6471 0.6510 0.6432
v 0.297876 -0.285890 0.297876 0.6471 0.6510 0.6432
v 0.282136 -0.339630 0.282136 0.6471 0.6510 0.6432
v 0.297876 -0.393370 0.297876 0.6471 0.6510 0.6432
v 0.335876 -0.415630 0.335876 0.6471 0.6510 0.6432
v 0.373876 -0.393370 0.373876 0.6471 0.6510 0.6432
v 0.210859 -0.339630 0.509058 0.6471 0.6510 0.6432
v 0.202340 -0.285890 0.488492 0.6471 0.6510 0.6432
v 0.181775 -0.263630 0.438843 0.6471 0.6510 0.6432
v 0.161209 -0.285890 0.389193 0.6471 0.6510 0.6432
v 0.152691 -0.339630 0.368628 0.6471 0.6510 0.6432
v 0.161209 -0.393370 0.389193 0.6471 0.6510 0.6432
v 0.181775 -0.415630 0.438843 0.6471 0.6510 0.6432
v 0.202340 -0.393370 0.488492 0.6471 0.6510 0.6432
v -0.210859 -0.339630 0.509058 0.6471 0.6510 0.6432
v -0.202340 -0.285890 0.488492 0.6471 0.6510 0.6432
v -0.181775 -0.263630 0.438843 0.6471 0.6510 0.6432
v -0.161209 -0.285890 0.389193 0.6471 0.6510 0.6432
v -0.152691 -0.339630 0.368628 0.6471 0.6510 0.6432
v -0.161209 -0.393370 0.389193 0.6471 0.6510 0.6432
v -0.181775 -0.415630 0.438843 0.6471 0.6510 0.6432
v -0.202340 -0.393370 0.488492 0.6471 0.6510 0.6432
v -0.389616 -0.339630 0.389616 0.6471 0.6510 0.6432
v -0.373876 -0.285890 0.373876 0.6471 0.6510 0.6432
v -0.335876 -0.263630 0.335876 0.6471 0.6510 0.6432
v -0.297876 -0.285890 0.297876 0.6471 0.6510 0.6432
v -0.282136 -0.339630 0.282136 0.6471 0.6510 0.6432
v -0.297876 -0.393370 0.297876 0.6471 0.6510 0.6432
v -0.335876 -0.415630 0.335876 0.6471 0.6510 0.6432
v -0.373876 -0.393370 0.373876 0.6471 0.6510 0.6432
v -0.509058 -0.339630 0.210859 0.6471 0.6510 0.6432
v -0.488492 -0.285890 0.202340 0.6471 0.6510 0.6432
v -0.438843 -0.263630 0.181775 0.6471 0.6510 0.6432
v -0.389193 -0.285890 0.161209 0.6471 0.6510 0.6432
v -0.368628 -0.339630 0.152691 0.6471 0.6510 0.6432
v -0.389193 -0.393370 0.161209 0.6471 0.6510 0.6432
v -0.438843 -0.415630 0.181775 0.6471 0.6510 0.6432
v -0.488492 -0.393370 0.202340 0.6471 0.6510 0.6432
v -0.551000 -0.339630 -0.000000 0.6471 0.6510 0.6432
v -0.528740 -0.285890 -0.000000 0.6471 0.6510 0.6432
v -0.475000 -0.263630 -0.000000 0.6471 0.6510 0.6432
v -0.421260 -0.285890 -0.000000 0.6471 0.6510 0.6432
v -0.399000 -0.339630 -0.000000 0.6471 0.6510 0.6432
v -0.421260 -0.393370 -0.000000 0.6471 0.6510 0.6432
v -0.475000 -0.415630 -0.000000 0.6471 0.6510 0.6432
v -0.528740 -0.393370 -0.000000 0.6471 0.6510 0.6432
v -0.509058 -0.339630 -0.210858 0.6471 0.6510 0.6432
v -0.488492 -0.285890 -0.202340 0.6471 0.6510 0.6432
v -0.438843 -0.263630 -0.181774 0.6471 0.6510 0.6432
v -0.389193 -0.285890 -0.161209 0.6471 0.6510 0.6432
v -0.368628 -0.339630 -0.152691 0.6471 0.6510 0.6432
v -0.389193 -0.393370 -0.161209 0.6471 0.6510 0.6432
v -0.438843 -0.415630 -0.181774 0.6471 0.6510 0.6432
v -0.488492 -0.393370 -0.202340 0.6471 0.6510 0.6432
v -0.389616 -0.339630 -0.389616 0.6471 0.6510 0.6432
v -0.373876 -0.285890 -0.373876 0.6471 0.6510 0.6432
v -0.335876 -0.263630 -0.335876 0.6471 0.6510 0.6432
v -0.297876 -0.285890 -0.297876 0.6471 0.6510 0.6432
v -0.282136 -0.339630 -0.282136 0.6471 0.6510 0.6432
v -0.297876 -0.393370 -0.297876 0.6471 0.6510 0.6432
v -0.335876 -0.415630 -0.335876 0.6471 0.6510 0.6432
v -0.373876 -0.393370 -0.373876 0.6471 0.6510 0.6432
v -0.210859 -0.339630 -0.509058 0.6471 0.6510 0.6432
v -0.202340 -0.285890 -0.488492 0.6471 0.6510 0.6432
v -0.181775 -0.263630 -0.438843 0.6471 0.6510 0.6432
v -0.161209 -0.285890 -0.389193 0.6471 0.6510 0.6432
v -0.152691 -0.339630 -0.368628 0.6471 0.6510 0.6432
v -0.161209 -0.393370 -0.389193 0.6471 0.6510 0.6432
v -0.181775 -0.415630 -0.438843 0.6471 0.6510 0.6432
v -0.202340 -0.393370 -0.488492 0.6471 0.6510 0.6432
v 0.210859 -0.339630 -0.509058 0.6471 0.6510 0.6432
v 0.202340 -0.285890 -0.488492 0.6471 0.6510 0.6432
v 0.181775 -0.263630 -0.438843 0.6471 0.6510 0.6432
v 0.161209 -0.285890 -0.389193 0.6471 0.6510 0.6432
v 0.152691 -0.339630 -0.368628 0.6471 0.6510 0.6432
v 0.161209 -0.393370 -0.389193 0.6471 0.6510 0.6432
v 0.181775 -0.415630 -0.438843 0.6471 0.6510 0.6432
v 0.202340 -0.393370 -0.488492 0.6471 0.6510 0.6432
v 0.389616 -0.339630 -0.389616 0.6471 0.6510 0.6432
v 0.373876 -0.285890 -0.373876 0.6471 0.6510 0.6432
v 0.335876 -0.263630 -0.335876 0.6471 0.6510 0.6432
v 0.297876 -0.285890 -0.297876 0.6471 0.6510 0.6432
v 0.282135 -0.339630 -0.282136 0.6471 0.6510 0.6432
v 0.297876 -0.393370 -0.297876 0.6471 0.6510 0.6432
v 0.335876 -0.415630 -0.335876 0.6471 0.6510 0.6432
v 0.373876 -0.393370 -0.373876 0.6471 0.6510 0.6432
v 0.509058 -0.339630 -0.210859 0.6471 0.6510 0.6432
v 0.488492 -0.285890 -0.202340 0.6471 0.6510 0.6432
v 0.438843 -0.263630 -0.181775 0.6471 0.6510 0.6432
v 0.389193 -0.285890 -0.161209 0.6471 0.6510 0.6432
v 0.368628 -0.339630 -0.152691 0.6471 0.6510 0.6432
v 0.389193 -0.393370 -0.161209 0.6471 0.6510 0.6432
v 0.438843 -0.415630 -0.181775 0.6471 0.6510 0.6432
v 0.488492 -0.393370 -0.202340 0.6471 0.6510 0.6432
v -0.686266 -0.311036 0.039247 0.6471 0.6510 0.6432
v -0.686266 0.188964 0.039247 0.6471 0.6510 0.6432
v -0.701855 -0.274357 -0.377043 0.6471 0.6510 0.6432
v -0.649046 0.188964 -0.226363 0.6471 0.6510 0.6432
v -0.504141 -0.274357 -0.616930 0.6471 0.6510 0.6432
v -0.513015 0.188964 -0.457511 0.6471 0.6510 0.6432
v -0.229677 -0.274357 -0.762896 0.6471 0.6510 0.6432
v -0.298882 0.188964 -0.619008 0.6471 0.6510 0.6432
v -0.039247 -0.311036 -0.686266 0.6471 0.6510 0.6432
v -0.039247 0.188964 -0.686266 0.6471 0.6510 0.6432
v -1.247961 -0.145052 0.071370 0.6471 0.6510 0.6432
v -1.247961 0.022980 0.071370 0.6471 0.6510 0.6432
v -1.167598 -0.111719 -0.433182 0.6471 0.6510 0.6432
v -1.167598 -0.010353 -0.433182 0.6471 0.6510 0.6432
v -0.912948 -0.111719 -0.847029 0.6471 0.6510 0.6432
v -0.912948 -0.010353 -0.847029 0.6471 0.6510 0.6432
v -0.519310 -0.111719 -1.131922 0.6471 0.6510 0.6432
v -0.519310 -0.010353 -1.131922 0.6471 0.6510 0.6432
v -0.071370 -0.145052 -1.247961 0.6471 0.6510 0.6432
v -0.071370 0.022981 -1.247961 0.6471 0.6510 0.6432
v -0.686266 -0.311036 0.039247 0.6471 0.6510 0.6432
v -0.567383 -0.311036 -0.197937 0.6471 0.6510 0.6432
v -0.448489 -0.311036 -0.399966 0.6471 0.6510 0.6432
v -0.261198 -0.311036 -0.541218 0.6471 0.6510 0.6432
v -0.039247 -0.311036 -0.686266 0.6471 0.6510 0.6432
v 0.000000 0.188964 0.000000 0.6471 0.6510 0.6432
v -0.649046 -0.311036 -0.226363 0.6471 0.6510 0.6432
v -0.513015 -0.311036 -0.457511 0.6471 0.6510 0.6432
v -0.298882 -0.311036 -0.619008 0.6471 0.6510 0.6432
v -0.034285 -0.311036 -0.599499 0.6471 0.6510 0.6432
v -0.600414 -0.311036 0.034337 0.6471 0.6510 0.6432
v -0.242410 -0.424976 -0.501310 0.6471 0.6510 0.6432
v -0.032529 -0.424976 -0.568789 0.6471 0.6510 0.6432
v -0.511071 -0.424976 -0.182835 0.6471 0.6510 0.6432
v -0.416111 -0.424976 -0.371239 0.6471 0.6510 0.6432
v -0.566210 -0.424977 0.032381 0.6471 0.6510 0.6432
v -0.234179 -0.424976 -0.484457 0.6471 0.6510 0.6432
v -0.031339 -0.424976 -0.547987 0.6471 0.6510 0.6432
v -0.493325 -0.424976 -0.176688 0.6471 0.6510 0.6432
v -0.402100 -0.424976 -0.358744 0.6471 0.6510 0.6432
v -0.548620 -0.424977 0.031375 0.6471 0.6510 0.6432
v -0.699678 0.087499 -0.638497 1.0000 0.8980 0.0000
v -0.703115 0.099330 -0.645616 1.0000 0.8980 0.0000
v -0.704322 0.113284 -0.648116 1.0000 0.8980 0.0000
v -0.703115 0.127239 -0.645616 1.0000 0.8980 0.0000
v -0.398749 0.113284 -0.793184 1.0000 0.8980 0.0000
v -0.699678 0.139070 -0.638497 1.0000 0.8980 0.0000
v -0.694534 0.146974 -0.627844 1.0000 0.8980 0.0000
v -0.688466 0.076819 -0.615277 1.0000 0.8980 0.0000
v -0.701643 0.079594 -0.619873 1.0000 0.8980 0.0000
v -0.400831 0.149750 -0.829591 1.0000 0.8980 0.0000
v -0.410119 0.146974 -0.819176 1.0000 0.8980 0.0000
v -0.417993 0.139070 -0.810346 1.0000 0.8980 0.0000
v -0.423254 0.127239 -0.804447 1.0000 0.8980 0.0000
v -0.425102 0.113284 -0.802375 1.0000 0.8980 0.0000
v -0.423254 0.099330 -0.804447 1.0000 0.8980 0.0000
v -0.417993 0.087499 -0.810346 1.0000 0.8980 0.0000
v -0.410119 0.079594 -0.819176 1.0000 0.8980 0.0000
v -0.712813 0.087499 -0.623769 1.0000 0.8980 0.0000
v -0.720277 0.099330 -0.626372 1.0000 0.8980 0.0000
v -0.414763 0.146974 -0.828794 1.0000 0.8980 0.0000
v -0.426574 0.139070 -0.828118 1.0000 0.8980 0.0000
v -0.434466 0.127239 -0.827667 1.0000 0.8980 0.0000
v -0.437237 0.113284 -0.827509 1.0000 0.8980 0.0000
v -0.434466 0.099330 -0.827667 1.0000 0.8980 0.0000
v -0.426574 0.087499 -0.828118 1.0000 0.8980 0.0000
v -0.414763 0.079594 -0.828794 1.0000 0.8980 0.0000
v -0.400831 0.076819 -0.829591 1.0000 0.8980 0.0000
v -0.722898 0.113284 -0.627286 1.0000 0.8980 0.0000
v -0.411246 0.146974 -0.838879 1.0000 0.8980 0.0000
v -0.420075 0.139070 -0.846753 1.0000 0.8980 0.0000
v -0.425975 0.127239 -0.852014 1.0000 0.8980 0.0000
v -0.428046 0.113284 -0.853862 1.0000 0.8980 0.0000
v -0.425975 0.099330 -0.852014 1.0000 0.8980 0.0000
v -0.420075 0.087499 -0.846753 1.0000 0.8980 0.0000
v -0.411246 0.079594 -0.838879 1.0000 0.8980 0.0000
v -0.720277 0.127239 -0.626372 1.0000 0.8980 0.0000
v -0.712813 0.139070 -0.623769 1.0000 0.8980 0.0000
v -0.401628 0.146974 -0.843523 1.0000 0.8980 0.0000
v -0.402303 0.139070 -0.855334 1.0000 0.8980 0.0000
v -0.402755 0.127239 -0.863226 1.0000 0.8980 0.0000
v -0.402913 0.113284 -0.865997 1.0000 0.8980 0.0000
v -0.402755 0.099330 -0.863226 1.0000 0.8980 0.0000
v -0.402303 0.087499 -0.855334 1.0000 0.8980 0.0000
v -0.401628 0.079594 -0.843523 1.0000 0.8980 0.0000
v -0.701643 0.146974 -0.619873 1.0000 0.8980 0.0000
v -0.701033 0.079594 -0.609209 1.0000 0.8980 0.0000
v -0.391543 0.146974 -0.840005 1.0000 0.8980 0.0000
v -0.383669 0.139070 -0.848835 1.0000 0.8980 0.0000
v -0.378408 0.127239 -0.854734 1.0000 0.8980 0.0000
v -0.376560 0.113284 -0.856806 1.0000 0.8980 0.0000
v -0.378408 0.099330 -0.854734 1.0000 0.8980 0.0000
v -0.383669 0.087499 -0.848835 1.0000 0.8980 0.0000
v -0.391543 0.079594 -0.840005 1.0000 0.8980 0.0000
v -0.711687 0.087499 -0.604065 1.0000 0.8980 0.0000
v -0.718805 0.099330 -0.600628 1.0000 0.8980 0.0000
v -0.386899 0.146974 -0.830387 1.0000 0.8980 0.0000
v -0.375088 0.139070 -0.831063 1.0000 0.8980 0.0000
v -0.367196 0.127239 -0.831514 1.0000 0.8980 0.0000
v -0.364425 0.113284 -0.831673 1.0000 0.8980 0.0000
v -0.367196 0.099330 -0.831514 1.0000 0.8980 0.0000
v -0.375088 0.087499 -0.831063 1.0000 0.8980 0.0000
v -0.386899 0.079594 -0.830387 1.0000 0.8980 0.0000
v -0.721305 0.113284 -0.599421 1.0000 0.8980 0.0000
v -0.718805 0.127239 -0.600628 1.0000 0.8980 0.0000
v -0.390416 0.146974 -0.820302 1.0000 0.8980 0.0000
v -0.381587 0.139070 -0.812428 1.0000 0.8980 0.0000
v -0.375687 0.127239 -0.807167 1.0000 0.8980 0.0000
v -0.373616 0.113284 -0.805320 1.0000 0.8980 0.0000
v -0.375687 0.099330 -0.807167 1.0000 0.8980 0.0000
v -0.381587 0.087499 -0.812428 1.0000 0.8980 0.0000
v -0.390416 0.079594 -0.820302 1.0000 0.8980 0.0000
v -0.711687 0.139070 -0.604065 1.0000 0.8980 0.0000
v -0.701033 0.146974 -0.609209 1.0000 0.8980 0.0000
v -0.400034 0.146974 -0.815659 1.0000 0.8980 0.0000
v -0.399359 0.139070 -0.803847 1.0000 0.8980 0.0000
v -0.398907 0.127239 -0.795955 1.0000 0.8980 0.0000
v -0.688466 0.149750 -0.615277 1.0000 0.8980 0.0000
v -0.398907 0.099330 -0.795955 1.0000 0.8980 0.0000
v -0.399359 0.087499 -0.803847 1.0000 0.8980 0.0000
v -0.400034 0.079594 -0.815659 1.0000 0.8980 0.0000
v -0.700475 0.113284 -0.580845 1.0000 0.8980 0.0000
v -0.694534 0.079594 -0.627844 1.0000 0.8980 0.0000
v -0.683871 0.146974 -0.628454 1.0000 0.8980 0.0000
v -0.679975 0.139070 -0.639624 1.0000 0.8980 0.0000
v -0.677372 0.127239 -0.647088 1.0000 0.8980 0.0000
v -0.676458 0.113284 -0.649709 1.0000 0.8980 0.0000
v -0.677372 0.099330 -0.647088 1.0000 0.8980 0.0000
v -0.679975 0.087499 -0.639624 1.0000 0.8980 0.0000
v -0.683871 0.079594 -0.628454 1.0000 0.8980 0.0000
v -0.675900 0.146974 -0.621345 1.0000 0.8980 0.0000
v -0.665246 0.139070 -0.626489 1.0000 0.8980 0.0000
v -0.658128 0.127239 -0.629926 1.0000 0.8980 0.0000
v -0.655628 0.113284 -0.631133 1.0000 0.8980 0.0000
v -0.658128 0.099330 -0.629926 1.0000 0.8980 0.0000
v -0.665246 0.087499 -0.626489 1.0000 0.8980 0.0000
v -0.675900 0.079594 -0.621345 1.0000 0.8980 0.0000
v -0.675290 0.146974 -0.610682 1.0000 0.8980 0.0000
v -0.664119 0.139070 -0.606786 1.0000 0.8980 0.0000
v -0.656655 0.127239 -0.604183 1.0000 0.8980 0.0000
v -0.654034 0.113284 -0.603269 1.0000 0.8980 0.0000
v -0.656655 0.099330 -0.604183 1.0000 0.8980 0.0000
v -0.664119 0.087499 -0.606786 1.0000 0.8980 0.0000
v -0.675290 0.079594 -0.610682 1.0000 0.8980 0.0000
v -0.682399 0.146974 -0.602710 1.0000 0.8980 0.0000
v -0.677255 0.139070 -0.592057 1.0000 0.8980 0.0000
v -0.673818 0.127239 -0.584939 1.0000 0.8980 0.0000
v -0.672611 0.113284 -0.582439 1.0000 0.8980 0.0000
v -0.673818 0.099330 -0.584939 1.0000 0.8980 0.0000
v -0.677255 0.087499 -0.592057 1.0000 0.8980 0.0000
v -0.682399 0.079594 -0.602710 1.0000 0.8980 0.0000
v -0.693062 0.146974 -0.602100 1.0000 0.8980 0.0000
v -0.696958 0.139070 -0.590930 1.0000 0.8980 0.0000
v -0.699561 0.127239 -0.583466 1.0000 0.8980 0.0000
v -0.699561 0.099330 -0.583466 1.0000 0.8980 0.0000
v -0.696958 0.087499 -0.590930 1.0000 0.8980 0.0000
v -0.693062 0.079594 -0.602101 1.0000 0.8980 0.0000
v -0.872985 0.087499 -0.329782 1.0000 0.8980 0.0000
v -0.873436 0.099329 -0.337674 1.0000 0.8980 0.0000
v -0.873595 0.113284 -0.340446 1.0000 0.8980 0.0000
v -0.873436 0.127239 -0.337674 1.0000 0.8980 0.0000
v -0.872985 0.139070 -0.329782 1.0000 0.8980 0.0000
v -0.872310 0.146974 -0.317971 1.0000 0.8980 0.0000
v -0.871513 0.076818 -0.304039 1.0000 0.8980 0.0000
v -0.881927 0.079594 -0.313327 1.0000 0.8980 0.0000
v -0.890757 0.087499 -0.321201 1.0000 0.8980 0.0000
v -0.896657 0.099329 -0.326463 1.0000 0.8980 0.0000
v -0.898728 0.113284 -0.328310 1.0000 0.8980 0.0000
v -0.896657 0.127239 -0.326463 1.0000 0.8980 0.0000
v -0.890757 0.139070 -0.321201 1.0000 0.8980 0.0000
v -0.881927 0.146974 -0.313327 1.0000 0.8980 0.0000
v -0.885445 0.079594 -0.303242 1.0000 0.8980 0.0000
v -0.897256 0.087499 -0.302567 1.0000 0.8980 0.0000
v -0.905148 0.099329 -0.302116 1.0000 0.8980 0.0000
v -0.907919 0.113284 -0.301957 1.0000 0.8980 0.0000
v -0.905148 0.127239 -0.302116 1.0000 0.8980 0.0000
v -0.897256 0.139070 -0.302567 1.0000 0.8980 0.0000
v -0.885445 0.146974 -0.303242 1.0000 0.8980 0.0000
v -0.871513 0.149750 -0.304039 1.0000 0.8980 0.0000
v -0.895784 0.113284 -0.276824 1.0000 0.8980 0.0000
v -0.872310 0.079594 -0.317971 1.0000 0.8980 0.0000
v -0.862225 0.146974 -0.314454 1.0000 0.8980 0.0000
v -0.854351 0.139070 -0.323283 1.0000 0.8980 0.0000
v -0.849089 0.127239 -0.329183 1.0000 0.8980 0.0000
v -0.847242 0.113284 -0.331255 1.0000 0.8980 0.0000
v -0.849089 0.099329 -0.329183 1.0000 0.8980 0.0000
v -0.854351 0.087499 -0.323283 1.0000 0.8980 0.0000
v -0.862225 0.079594 -0.314454 1.0000 0.8980 0.0000
v -0.857581 0.146974 -0.304836 1.0000 0.8980 0.0000
v -0.845770 0.139070 -0.305511 1.0000 0.8980 0.0000
v -0.837878 0.127239 -0.305963 1.0000 0.8980 0.0000
v -0.835106 0.113284 -0.306121 1.0000 0.8980 0.0000
v -0.837878 0.099329 -0.305963 1.0000 0.8980 0.0000
v -0.845770 0.087499 -0.305512 1.0000 0.8980 0.0000
v -0.857581 0.079594 -0.304836 1.0000 0.8980 0.0000
v -0.861098 0.146974 -0.294751 1.0000 0.8980 0.0000
v -0.852268 0.139070 -0.286877 1.0000 0.8980 0.0000
v -0.846369 0.127239 -0.281616 1.0000 0.8980 0.0000
v -0.844297 0.113284 -0.279768 1.0000 0.8980 0.0000
v -0.846369 0.099329 -0.281616 1.0000 0.8980 0.0000
v -0.852268 0.087499 -0.286877 1.0000 0.8980 0.0000
v -0.861098 0.079594 -0.294751 1.0000 0.8980 0.0000
v -0.870716 0.146974 -0.290107 1.0000 0.8980 0.0000
v -0.870040 0.139070 -0.278296 1.0000 0.8980 0.0000
v -0.869589 0.127239 -0.270404 1.0000 0.8980 0.0000
v -0.869431 0.113284 -0.267633 1.0000 0.8980 0.0000
v -0.869589 0.099329 -0.270404 1.0000 0.8980 0.0000
v -0.870040 0.087499 -0.278296 1.0000 0.8980 0.0000
v -0.870716 0.079594 -0.290107 1.0000 0.8980 0.0000
v -0.880801 0.146974 -0.293624 1.0000 0.8980 0.0000
v -0.888675 0.139070 -0.284795 1.0000 0.8980 0.0000
v -0.893936 0.127239 -0.278895 1.0000 0.8980 0.0000
v -0.893936 0.099329 -0.278895 1.0000 0.8980 0.0000
v -0.888675 0.087499 -0.284795 1.0000 0.8980 0.0000
v -0.880801 0.079594 -0.293624 1.0000 0.8980 0.0000
v -0.064441 0.113284 -0.887330 1.0000 0.8980 0.0000
v -0.052714 0.149750 -0.921746 1.0000 0.8980 0.0000
v -0.064999 0.146974 -0.915694 1.0000 0.8980 0.0000
v -0.075653 0.139070 -0.910550 1.0000 0.8980 0.0000
v -0.082771 0.127239 -0.907113 1.0000 0.8980 0.0000
v -0.085271 0.113284 -0.905906 1.0000 0.8980 0.0000
v -0.082771 0.099330 -0.907113 1.0000 0.8980 0.0000
v -0.075653 0.087499 -0.910550 1.0000 0.8980 0.0000
v -0.064999 0.079594 -0.915694 1.0000 0.8980 0.0000
v -0.065609 0.146974 -0.926357 1.0000 0.8980 0.0000
v -0.076780 0.139070 -0.930253 1.0000 0.8980 0.0000
v -0.084243 0.127239 -0.932856 1.0000 0.8980 0.0000
v -0.086864 0.113284 -0.933770 1.0000 0.8980 0.0000
v -0.084243 0.099330 -0.932856 1.0000 0.8980 0.0000
v -0.076780 0.087499 -0.930253 1.0000 0.8980 0.0000
v -0.065609 0.079594 -0.926357 1.0000 0.8980 0.0000
v -0.052714 0.076819 -0.921746 1.0000 0.8980 0.0000
v -0.058500 0.146974 -0.934328 1.0000 0.8980 0.0000
v -0.063644 0.139070 -0.944982 1.0000 0.8980 0.0000
v -0.067081 0.127239 -0.952100 1.0000 0.8980 0.0000
v -0.068288 0.113284 -0.954600 1.0000 0.8980 0.0000
v -0.067081 0.099330 -0.952100 1.0000 0.8980 0.0000
v -0.063644 0.087499 -0.944982 1.0000 0.8980 0.0000
v -0.058500 0.079594 -0.934328 1.0000 0.8980 0.0000
v -0.053450 0.146974 -0.934617 1.0000 0.8980 0.0000
v -0.054074 0.139070 -0.945529 1.0000 0.8980 0.0000
v -0.054491 0.127239 -0.952820 1.0000 0.8980 0.0000
v -0.054638 0.113284 -0.955381 1.0000 0.8980 0.0000
v -0.054491 0.099330 -0.952820 1.0000 0.8980 0.0000
v -0.054074 0.087499 -0.945529 1.0000 0.8980 0.0000
v -0.053450 0.079594 -0.934617 1.0000 0.8980 0.0000
v -0.053019 0.146974 -0.927077 1.0000 0.8980 0.0000
v -0.053278 0.139070 -0.931597 1.0000 0.8980 0.0000
v -0.053450 0.127239 -0.934617 1.0000 0.8980 0.0000
v -0.053511 0.113284 -0.935678 1.0000 0.8980 0.0000
v -0.053450 0.099330 -0.934617 1.0000 0.8980 0.0000
v -0.053278 0.087499 -0.931597 1.0000 0.8980 0.0000
v -0.053019 0.079594 -0.927077 1.0000 0.8980 0.0000
v -0.052409 0.146974 -0.916414 1.0000 0.8980 0.0000
v -0.052151 0.139070 -0.911894 1.0000 0.8980 0.0000
v -0.051978 0.127239 -0.908874 1.0000 0.8980 0.0000
v -0.051917 0.113284 -0.907814 1.0000 0.8980 0.0000
v -0.051978 0.099330 -0.908874 1.0000 0.8980 0.0000
v -0.052151 0.087499 -0.911894 1.0000 0.8980 0.0000
v -0.052409 0.079594 -0.916414 1.0000 0.8980 0.0000
v -0.051978 0.146974 -0.908874 1.0000 0.8980 0.0000
v -0.051354 0.139070 -0.897962 1.0000 0.8980 0.0000
v -0.050937 0.127239 -0.890671 1.0000 0.8980 0.0000
v -0.050791 0.113284 -0.888111 1.0000 0.8980 0.0000
v -0.050937 0.099330 -0.890671 1.0000 0.8980 0.0000
v -0.051354 0.087499 -0.897962 1.0000 0.8980 0.0000
v -0.051978 0.079594 -0.908874 1.0000 0.8980 0.0000
v -0.057028 0.146974 -0.908585 1.0000 0.8980 0.0000
v -0.060924 0.139070 -0.897415 1.0000 0.8980 0.0000
v -0.063527 0.127239 -0.889951 1.0000 0.8980 0.0000
v -0.063527 0.099330 -0.889951 1.0000 0.8980 0.0000
v -0.060924 0.087499 -0.897415 1.0000 0.8980 0.0000
v -0.057028 0.079594 -0.908585 1.0000 0.8980 0.0000
v -0.914239 0.087499 0.029035 1.0000 0.8980 0.0000
v -0.911636 0.099329 0.021572 1.0000 0.8980 0.0000
v -0.910722 0.113284 0.018951 1.0000 0.8980 0.0000
v -0.911636 0.127239 0.021572 1.0000 0.8980 0.0000
v -0.914239 0.139070 0.029035 1.0000 0.8980 0.0000
v -0.918135 0.146974 0.040206 1.0000 0.8980 0.0000
v -0.922765 0.076818 0.052773 1.0000 0.8980 0.0000
v -0.928798 0.079594 0.040816 1.0000 0.8980 0.0000
v -0.933942 0.087499 0.030162 1.0000 0.8980 0.0000
v -0.937379 0.099329 0.023044 1.0000 0.8980 0.0000
v -0.938586 0.113284 0.020544 1.0000 0.8980 0.0000
v -0.937379 0.127239 0.023044 1.0000 0.8980 0.0000
v -0.933942 0.139070 0.030162 1.0000 0.8980 0.0000
v -0.928798 0.146974 0.040816 1.0000 0.8980 0.0000
v -0.935907 0.079594 0.048787 1.0000 0.8980 0.0000
v -0.947077 0.087499 0.044891 1.0000 0.8980 0.0000
v -0.954541 0.099329 0.042288 1.0000 0.8980 0.0000
v -0.957162 0.113284 0.041374 1.0000 0.8980 0.0000
v -0.954541 0.127239 0.042288 1.0000 0.8980 0.0000
v -0.947077 0.139070 0.044891 1.0000 0.8980 0.0000
v -0.935907 0.146974 0.048787 1.0000 0.8980 0.0000
v -0.922765 0.149750 0.052773 1.0000 0.8980 0.0000
v -0.956400 0.113284 0.054696 1.0000 0.8980 0.0000
v -0.918135 0.079594 0.040206 1.0000 0.8980 0.0000
v -0.910164 0.146974 0.047315 1.0000 0.8980 0.0000
v -0.899510 0.139070 0.042171 1.0000 0.8980 0.0000
v -0.892392 0.127239 0.038734 1.0000 0.8980 0.0000
v -0.889892 0.113284 0.037527 1.0000 0.8980 0.0000
v -0.892392 0.099329 0.038734 1.0000 0.8980 0.0000
v -0.899510 0.087499 0.042171 1.0000 0.8980 0.0000
v -0.910164 0.079594 0.047315 1.0000 0.8980 0.0000
v -0.909894 0.146974 0.052036 1.0000 0.8980 0.0000
v -0.898982 0.139070 0.051412 1.0000 0.8980 0.0000
v -0.891691 0.127239 0.050995 1.0000 0.8980 0.0000
v -0.889130 0.113284 0.050849 1.0000 0.8980 0.0000
v -0.891691 0.099329 0.050995 1.0000 0.8980 0.0000
v -0.898982 0.087499 0.051412 1.0000 0.8980 0.0000
v -0.909894 0.079594 0.052036 1.0000 0.8980 0.0000
v -0.917434 0.146974 0.052468 1.0000 0.8980 0.0000
v -0.912914 0.139070 0.052209 1.0000 0.8980 0.0000
v -0.909894 0.127239 0.052036 1.0000 0.8980 0.0000
v -0.908833 0.113284 0.051976 1.0000 0.8980 0.0000
v -0.909894 0.099329 0.052036 1.0000 0.8980 0.0000
v -0.912914 0.087499 0.052209 1.0000 0.8980 0.0000
v -0.917434 0.079594 0.052468 1.0000 0.8980 0.0000
v -0.928097 0.146974 0.053077 1.0000 0.8980 0.0000
v -0.932617 0.139070 0.053336 1.0000 0.8980 0.0000
v -0.935637 0.127239 0.053509 1.0000 0.8980 0.0000
v -0.936697 0.113284 0.053569 1.0000 0.8980 0.0000
v -0.935637 0.099329 0.053509 1.0000 0.8980 0.0000
v -0.932617 0.087499 0.053336 1.0000 0.8980 0.0000
v -0.928097 0.079594 0.053077 1.0000 0.8980 0.0000
v -0.935637 0.146974 0.053509 1.0000 0.8980 0.0000
v -0.946549 0.139070 0.054133 1.0000 0.8980 0.0000
v -0.953840 0.127239 0.054550 1.0000 0.8980 0.0000
v -0.953840 0.099329 0.054550 1.0000 0.8980 0.0000
v -0.946549 0.087499 0.054133 1.0000 0.8980 0.0000
v -0.935637 0.079594 0.053509 1.0000 0.8980 0.0000
v -0.000000 -0.311036 -0.000000 0.6471 0.6510 0.6432
v -0.563471 -0.010353 -1.110600 0.6471 0.6510 0.6432
v -0.563471 -0.111719 -1.110600 0.6471 0.6510 0.6432
v -0.095572 -0.111719 -1.241692 0.6471 0.6510 0.6432
v -0.095572 -0.010353 -1.241692 0.6471 0.6510 0.6432
v -0.945588 -0.010353 -0.810429 0.6471 0.6510 0.6432
v -0.945588 -0.111719 -0.810429 0.6471 0.6510 0.6432
v -0.366192 -0.181730 -1.045627 0.6471 0.6510 0.6432
v -0.543512 0.022981 -1.125653 0.6471 0.6510 0.6432
v -1.183747 -0.010353 -0.386878 0.6471 0.6510 0.6432
v -1.183747 -0.111719 -0.386878 0.6471 0.6510 0.6432
v -0.738461 -0.181730 -0.825898 0.6471 0.6510 0.6432
v -0.932908 0.022981 -0.831975 0.6471 0.6510 0.6432
v -1.244492 -0.010353 0.046612 0.6471 0.6510 0.6432
v -1.244492 -0.111719 0.046612 0.6471 0.6510 0.6432
v -0.998307 -0.181730 -0.480434 0.6471 0.6510 0.6432
v -1.180278 0.022981 -0.411636 0.6471 0.6510 0.6432
v -0.101403 -0.027019 -1.214356 0.6471 0.6510 0.6432
v -0.101403 -0.095052 -1.214356 0.6471 0.6510 0.6432
v -0.500941 -0.027019 -1.110856 0.6471 0.6510 0.6432
v -0.500941 -0.095052 -1.110856 0.6471 0.6510 0.6432
v -1.221211 -0.027020 0.046913 0.6471 0.6510 0.6432
v -1.221211 -0.095052 0.046913 0.6471 0.6510 0.6432
v -0.881422 -0.027019 -0.841876 0.6471 0.6510 0.6432
v -0.881422 -0.095052 -0.841876 0.6471 0.6510 0.6432
v -0.551905 -0.095052 -1.090393 0.6471 0.6510 0.6432
v -0.551905 -0.027019 -1.090393 0.6471 0.6510 0.6432
v -1.139712 -0.027019 -0.431276 0.6471 0.6510 0.6432
v -1.139712 -0.095052 -0.431276 0.6471 0.6510 0.6432
v -0.930382 -0.095052 -0.786977 0.6471 0.6510 0.6432
v -0.930382 -0.027019 -0.786977 0.6471 0.6510 0.6432
v -1.163936 -0.095052 -0.361820 0.6471 0.6510 0.6432
v -1.163936 -0.027019 -0.361820 0.6471 0.6510 0.6432
v -0.089302 -0.010353 -1.217490 0.6471 0.6510 0.6432
v -0.089302 -0.111719 -1.217490 0.6471 0.6510 0.6432
v -0.513041 -0.010353 -1.107721 0.6471 0.6510 0.6432
v -0.513041 -0.111719 -1.107721 0.6471 0.6510 0.6432
v -0.891402 -0.010353 -0.834349 0.6471 0.6510 0.6432
v -0.891402 -0.111719 -0.834349 0.6471 0.6510 0.6432
v -0.541926 -0.111719 -1.097920 0.6471 0.6510 0.6432
v -0.541926 -0.010353 -1.097920 0.6471 0.6510 0.6432
v -1.146052 -0.010353 -0.420503 0.6471 0.6510 0.6432
v -1.146052 -0.111719 -0.420503 0.6471 0.6510 0.6432
v -0.924042 -0.111719 -0.797750 0.6471 0.6510 0.6432
v -0.924042 -0.010353 -0.797750 0.6471 0.6510 0.6432
v -1.222946 -0.010353 0.059292 0.6471 0.6510 0.6432
v -1.222946 -0.111719 0.059292 0.6471 0.6510 0.6432
v -1.162201 -0.111719 -0.374199 0.6471 0.6510 0.6432
v -1.162201 -0.010353 -0.374199 0.6471 0.6510 0.6432
v -0.101403 -0.027019 -1.214356 0.6471 0.6510 0.6432
v -0.101403 -0.095052 -1.214356 0.6471 0.6510 0.6432
v -0.500941 -0.027019 -1.110856 0.6471 0.6510 0.6432
v -0.500941 -0.095052 -1.110856 0.6471 0.6510 0.6432
v -0.881422 -0.027019 -0.841876 1.0000 0.8980 0.0000
v -0.881422 -0.095052 -0.841876 1.0000 0.8980 0.0000
v -0.551905 -0.095052 -1.090393 1.0000 0.8980 0.0000
v -0.551905 -0.027019 -1.090393 1.0000 0.8980 0.0000
v -1.139712 -0.027019 -0.431276 1.0000 0.8980 0.0000
v -1.139712 -0.095052 -0.431276 1.0000 0.8980 0.0000
v -0.930382 -0.095052 -0.786977 1.0000 0.8980 0.0000
v -0.930382 -0.027019 -0.786977 1.0000 0.8980 0.0000
v -1.221211 -0.027020 0.046913 1.0000 0.8980 0.0000
v -1.221211 -0.095052 0.046913 1.0000 0.8980 0.0000
v -1.163936 -0.095052 -0.361820 1.0000 0.8980 0.0000
v -1.163936 -0.027019 -0.361820 1.0000 0.8980 0.0000
v -0.101403 -0.027019 -1.214356 1.0000 0.8980 0.0000
v -0.101403 -0.095052 -1.214356 1.0000 0.8980 0.0000
v -0.500941 -0.027019 -1.110856 1.0000 0.8980 0.0000
v -0.500941 -0.095052 -1.110856 1.0000 0.8980 0.0000
v -0.213826 -0.044027 -1.236883 1.0000 0.8980 0.0000
v -0.213826 -0.078044 -1.236883 1.0000 0.8980 0.0000
v -0.413595 -0.044027 -1.185133 1.0000 0.8980 0.0000
v -0.413595 -0.078044 -1.185133 1.0000 0.8980 0.0000
v -0.829150 -0.044027 -0.943925 1.0000 0.8980 0.0000
v -0.829150 -0.078044 -0.943925 1.0000 0.8980 0.0000
v -0.664392 -0.078044 -1.068183 1.0000 0.8980 0.0000
v -0.664392 -0.044027 -1.068183 1.0000 0.8980 0.0000
v -1.130471 -0.044028 -0.545560 1.0000 0.8980 0.0000
v -1.130471 -0.078044 -0.545560 1.0000 0.8980 0.0000
v -1.025806 -0.078044 -0.723411 1.0000 0.8980 0.0000
v -1.025806 -0.044028 -0.723411 1.0000 0.8980 0.0000
v -1.256408 -0.044028 -0.062209 1.0000 0.8980 0.0000
v -1.256408 -0.078044 -0.062209 1.0000 0.8980 0.0000
v -1.227771 -0.078044 -0.266575 1.0000 0.8980 0.0000
v -1.227771 -0.044028 -0.266575 1.0000 0.8980 0.0000
v -0.591115 -0.181730 -0.937025 0.6471 0.6510 0.6432
v -0.454600 -0.274357 -0.654294 0.6471 0.6510 0.6432
v -0.187535 -0.181730 -1.091908 0.6471 0.6510 0.6432
v -0.169609 -0.274357 -0.778456 0.6471 0.6510 0.6432
v -0.904703 -0.181730 -0.639489 0.6471 0.6510 0.6432
v -0.543512 -0.145052 -1.125653 0.6471 0.6510 0.6432
v -0.670383 -0.274357 -0.430521 0.6471 0.6510 0.6432
v -0.298882 -0.311036 -0.619008 0.6471 0.6510 0.6432
v -1.080558 -0.181731 -0.244596 0.6471 0.6510 0.6432
v -0.932908 -0.145052 -0.831975 0.6471 0.6510 0.6432
v -0.784106 -0.274357 -0.141205 0.6471 0.6510 0.6432
v -0.513015 -0.311036 -0.457511 0.6471 0.6510 0.6432
v -1.180278 -0.145052 -0.411637 0.6471 0.6510 0.6432
v -1.106169 -0.181731 -0.061828 0.6471 0.6510 0.6432
v -0.649046 -0.311036 -0.226363 0.6471 0.6510 0.6432
v -0.792717 -0.274357 -0.079754 0.6471 0.6510 0.6432
v -0.185729 -0.157790 -1.084937 1.0000 0.8980 0.0000
v -0.167803 -0.250417 -0.771485 1.0000 0.8980 0.0000
v -0.364386 -0.157790 -1.038656 1.0000 0.8980 0.0000
v -0.227871 -0.250417 -0.755924 1.0000 0.8980 0.0000
v -0.734125 -0.157790 -0.820149 1.0000 0.8980 0.0000
v -0.586778 -0.157790 -0.931276 1.0000 0.8980 0.0000
v -0.499805 -0.250417 -0.611181 1.0000 0.8980 0.0000
v -0.450264 -0.250417 -0.648544 1.0000 0.8980 0.0000
v -0.992100 -0.157790 -0.476781 1.0000 0.8980 0.0000
v -0.898496 -0.157790 -0.635836 1.0000 0.8980 0.0000
v -0.695648 -0.250417 -0.373390 1.0000 0.8980 0.0000
v -0.664177 -0.250417 -0.426868 1.0000 0.8980 0.0000
v -1.099038 -0.157790 -0.060828 1.0000 0.8980 0.0000
v -0.785585 -0.250417 -0.078754 1.0000 0.8980 0.0000
v -1.073426 -0.157790 -0.243597 1.0000 0.8980 0.0000
v -0.776974 -0.250417 -0.140205 1.0000 0.8980 0.0000
v 0.035685 0.061036 0.623981 0.5569 0.9490 0.6863
v 0.000000 0.686036 0.000000 0.5569 0.9490 0.6863
v -0.159192 0.638460 0.178504 0.5569 0.9490 0.6863
v -0.294148 0.502977 0.329833 0.5569 0.9490 0.6863
v -0.384322 0.300213 0.430947 0.5569 0.9490 0.6863
v -0.415988 0.061036 0.466454 0.5569 0.9490 0.6863
v -0.384322 -0.178142 0.430947 0.5569 0.9490 0.6863
v -0.294148 -0.380906 0.329833 0.5569 0.9490 0.6863
v -0.159192 -0.516389 0.178504 0.5569 0.9490 0.6863
v -0.238787 0.638460 0.013656 0.5569 0.9490 0.6863
v -0.441221 0.502977 0.025233 0.5569 0.9490 0.6863
v -0.576483 0.300213 0.032969 0.5569 0.9490 0.6863
v -0.623980 0.061036 0.035685 0.5569 0.9490 0.6863
v -0.576483 -0.178141 0.032969 0.5569 0.9490 0.6863
v -0.441221 -0.380906 0.025233 0.5569 0.9490 0.6863
v -0.238787 -0.516389 0.013656 0.5569 0.9490 0.6863
v -0.000000 -0.563964 -0.000000 0.5569 0.9490 0.6863
v -0.178504 0.638460 -0.159191 0.5569 0.9490 0.6863
v -0.329833 0.502977 -0.294147 0.5569 0.9490 0.6863
v -0.430947 0.300213 -0.384322 0.5569 0.9490 0.6863
v -0.466454 0.061036 -0.415987 0.5569 0.9490 0.6863
v -0.430947 -0.178141 -0.384322 0.5569 0.9490 0.6863
v -0.329833 -0.380906 -0.294148 0.5569 0.9490 0.6863
v -0.178504 -0.516389 -0.159192 0.5569 0.9490 0.6863
v -0.013656 0.638460 -0.238787 0.5569 0.9490 0.6863
v -0.025233 0.502978 -0.441221 0.5569 0.9490 0.6863
v -0.032969 0.300213 -0.576483 0.5569 0.9490 0.6863
v -0.035685 0.061036 -0.623980 0.5569 0.9490 0.6863
v -0.032969 -0.178141 -0.576483 0.5569 0.9490 0.6863
v -0.025233 -0.380906 -0.441221 0.5569 0.9490 0.6863
v -0.013656 -0.516389 -0.238787 0.5569 0.9490 0.6863
v 0.159192 0.638460 -0.178504 0.5569 0.9490 0.6863
v 0.294148 0.502977 -0.329833 0.5569 0.9490 0.6863
v 0.384322 0.300213 -0.430947 0.5569 0.9490 0.6863
v 0.415988 0.061036 -0.466454 0.5569 0.9490 0.6863
v 0.384322 -0.178141 -0.430947 0.5569 0.9490 0.6863
v 0.294148 -0.380906 -0.329833 0.5569 0.9490 0.6863
v 0.159192 -0.516389 -0.178504 0.5569 0.9490 0.6863
v 0.238787 0.638460 -0.013656 0.5569 0.9490 0.6863
v 0.441221 0.502977 -0.025233 0.5569 0.9490 0.6863
v 0.576483 0.300213 -0.032969 0.5569 0.9490 0.6863
v 0.623980 0.061036 -0.035685 0.5569 0.9490 0.6863
v 0.576483 -0.178141 -0.032969 0.5569 0.9490 0.6863
v 0.441221 -0.380906 -0.025233 0.5569 0.9490 0.6863
v 0.238787 -0.516389 -0.013656 0.5569 0.9490 0.6863
v 0.178504 0.638460 0.159192 0.5569 0.9490 0.6863
v 0.329833 0.502977 0.294148 0.5569 0.9490 0.6863
v 0.430947 0.300213 0.384322 0.5569 0.9490 0.6863
v 0.466454 0.061036 0.415988 0.5569 0.9490 0.6863
v 0.430947 -0.178142 0.384322 0.5569 0.9490 0.6863
v 0.329833 -0.380906 0.294148 0.5569 0.9490 0.6863
v 0.178504 -0.516389 0.159192 0.5569 0.9490 0.6863
v 0.013656 0.638460 0.238787 0.5569 0.9490 0.6863
v 0.025233 0.502977 0.441221 0.5569 0.9490 0.6863
v 0.032969 0.300213 0.576483 0.5569 0.9490 0.6863
v 0.032969 -0.178142 0.576483 0.5569 0.9490 0.6863
v 0.025233 -0.380906 0.441221 0.5569 0.9490 0.6863
v 0.013656 -0.516389 0.238787 0.5569 0.9490 0.6863
v -0.000000 -0.392833 -0.523453 0.6471 0.6510 0.6432
v -0.000000 -0.414870 -0.470250 0.6471 0.6510 0.6432
v -0.000000 -0.392833 -0.417047 0.6471 0.6510 0.6432
v -0.000000 -0.339630 -0.395010 0.6471 0.6510 0.6432
v 0.000000 -0.286428 -0.417047 0.6471 0.6510 0.6432
v 0.000000 -0.264390 -0.470250 0.6471 0.6510 0.6432
v 0.000000 -0.286428 -0.523453 0.6471 0.6510 0.6432
v 0.000000 -0.339630 -0.545490 0.6471 0.6510 0.6432
v -0.200317 -0.392833 -0.483607 0.6471 0.6510 0.6432
v -0.179957 -0.414870 -0.434454 0.6471 0.6510 0.6432
v -0.159597 -0.392833 -0.385301 0.6471 0.6510 0.6432
v -0.151164 -0.339630 -0.364942 0.6471 0.6510 0.6432
v -0.159597 -0.286428 -0.385301 0.6471 0.6510 0.6432
v -0.179957 -0.264390 -0.434454 0.6471 0.6510 0.6432
v -0.200317 -0.286428 -0.483607 0.6471 0.6510 0.6432
v -0.208750 -0.339630 -0.503967 0.6471 0.6510 0.6432
v -0.370137 -0.392833 -0.370137 0.6471 0.6510 0.6432
v -0.332517 -0.414870 -0.332517 0.6471 0.6510 0.6432
v -0.294897 -0.392833 -0.294897 0.6471 0.6510 0.6432
v -0.279314 -0.339630 -0.279314 0.6471 0.6510 0.6432
v -0.294897 -0.286427 -0.294897 0.6471 0.6510 0.6432
v -0.332517 -0.264390 -0.332517 0.6471 0.6510 0.6432
v -0.370137 -0.286427 -0.370137 0.6471 0.6510 0.6432
v -0.385720 -0.339630 -0.385720 0.6471 0.6510 0.6432
v -0.483607 -0.392833 -0.200317 0.6471 0.6510 0.6432
v -0.434454 -0.414870 -0.179957 0.6471 0.6510 0.6432
v -0.385301 -0.392833 -0.159597 0.6471 0.6510 0.6432
v -0.364942 -0.339630 -0.151164 0.6471 0.6510 0.6432
v -0.385301 -0.286427 -0.159597 0.6471 0.6510 0.6432
v -0.434454 -0.264390 -0.179957 0.6471 0.6510 0.6432
v -0.483607 -0.286427 -0.200317 0.6471 0.6510 0.6432
v -0.503967 -0.339630 -0.208750 0.6471 0.6510 0.6432
v 0.483607 -0.392833 0.200317 0.6471 0.6510 0.6432
v 0.434454 -0.414870 0.179957 0.6471 0.6510 0.6432
v 0.385301 -0.392833 0.159597 0.6471 0.6510 0.6432
v 0.364942 -0.339630 0.151164 0.6471 0.6510 0.6432
v 0.385301 -0.286428 0.159597 0.6471 0.6510 0.6432
v 0.434454 -0.264390 0.179957 0.6471 0.6510 0.6432
v 0.483607 -0.286428 0.200317 0.6471 0.6510 0.6432
v 0.503967 -0.339630 0.208750 0.6471 0.6510 0.6432
v 0.370137 -0.392833 0.370137 0.6471 0.6510 0.6432
v 0.332517 -0.414870 0.332517 0.6471 0.6510 0.6432
v 0.294897 -0.392833 0.294897 0.6471 0.6510 0.6432
v 0.279314 -0.339630 0.279314 0.6471 0.6510 0.6432
v 0.294897 -0.286428 0.294897 0.6471 0.6510 0.6432
v 0.332517 -0.264390 0.332517 0.6471 0.6510 0.6432
v 0.370137 -0.286428 0.370137 0.6471 0.6510 0.6432
v 0.385719 -0.339630 0.385720 0.6471 0.6510 0.6432
v 0.200317 -0.392833 0.483607 0.6471 0.6510 0.6432
v 0.179957 -0.414870 0.434454 0.6471 0.6510 0.6432
v 0.159597 -0.392833 0.385301 0.6471 0.6510 0.6432
v 0.151164 -0.339630 0.364942 0.6471 0.6510 0.6432
v 0.159597 -0.286428 0.385301 0.6471 0.6510 0.6432
v 0.179957 -0.264390 0.434454 0.6471 0.6510 0.6432
v 0.200317 -0.286428 0.483607 0.6471 0.6510 0.6432
v 0.208750 -0.339630 0.503967 0.6471 0.6510 0.6432
v -0.200317 -0.392833 0.483607 0.6471 0.6510 0.6432
v -0.179957 -0.414870 0.434454 0.6471 0.6510 0.6432
v -0.159597 -0.392833 0.385301 0.6471 0.6510 0.6432
v -0.151164 -0.339630 0.364942 0.6471 0.6510 0.6432
v -0.159597 -0.286428 0.385301 0.6471 0.6510 0.6432
v -0.179957 -0.264390 0.434454 0.6471 0.6510 0.6432
v -0.200317 -0.286428 0.483607 0.6471 0.6510 0.6432
v -0.208750 -0.339630 0.503967 0.6471 0.6510 0.6432
v -0.370137 -0.392833 0.370137 0.6471 0.6510 0.6432
v -0.332517 -0.414870 0.332517 0.6471 0.6510 0.6432
v -0.294897 -0.392833 0.294897 0.6471 0.6510 0.6432
v -0.279314 -0.339630 0.279314 0.6471 0.6510 0.6432
v -0.294897 -0.286427 0.294897 0.6471 0.6510 0.6432
v -0.332517 -0.264390 0.332517 0.6471 0.6510 0.6432
v -0.370137 -0.286427 0.370137 0.6471 0.6510 0.6432
v -0.385720 -0.339630 0.385720 0.6471 0.6510 0.6432
v -0.483607 -0.392833 0.200316 0.6471 0.6510 0.6432
v -0.434454 -0.414870 0.179957 0.6471 0.6510 0.6432
v -0.385302 -0.392833 0.159597 0.6471 0.6510 0.6432
v -0.364942 -0.339630 0.151164 0.6471 0.6510 0.6432
v -0.385302 -0.286427 0.159597 0.6471 0.6510 0.6432
v -0.434454 -0.264390 0.179957 0.6471 0.6510 0.6432
v -0.483607 -0.286427 0.200316 0.6471 0.6510 0.6432
v -0.503967 -0.339630 0.208750 0.6471 0.6510 0.6432
v -0.483607 -0.392833 -0.200317 0.6471 0.6510 0.6432
v -0.434454 -0.414870 -0.179957 0.6471 0.6510 0.6432
v -0.385301 -0.392833 -0.159597 0.6471 0.6510 0.6432
v -0.364942 -0.339630 -0.151164 0.6471 0.6510 0.6432
v -0.385301 -0.286427 -0.159597 0.6471 0.6510 0.6432
v -0.434454 -0.264390 -0.179957 0.6471 0.6510 0.6432
v -0.483607 -0.286427 -0.200317 0.6471 0.6510 0.6432
v -0.503967 -0.339630 -0.208750 0.6471 0.6510 0.6432
v -0.370137 -0.392833 -0.370137 0.6471 0.6510 0.6432
v -0.332517 -0.414870 -0.332517 0.6471 0.6510 0.6432
v -0.294897 -0.392833 -0.294897 0.6471 0.6510 0.6432
v -0.279314 -0.339630 -0.279314 0.6471 0.6510 0.6432
v -0.294897 -0.286427 -0.294897 0.6471 0.6510 0.6432
v -0.332517 -0.264390 -0.332517 0.6471 0.6510 0.6432
v -0.370137 -0.286427 -0.370137 0.6471 0.6510 0.6432
v -0.385720 -0.339630 -0.385720 0.6471 0.6510 0.6432
v -0.200317 -0.392833 -0.483607 0.6471 0.6510 0.6432
v -0.179957 -0.414870 -0.434454 0.6471 0.6510 0.6432
v -0.159597 -0.392833 -0.385301 0.6471 0.6510 0.6432
v -0.151164 -0.339630 -0.364942 0.6471 0.6510 0.6432
v -0.159597 -0.286428 -0.385301 0.6471 0.6510 0.6432
v -0.179957 -0.264390 -0.434454 0.6471 0.6510 0.6432
v -0.200317 -0.286428 -0.483607 0.6471 0.6510 0.6432
v -0.208750 -0.339630 -0.503967 0.6471 0.6510 0.6432
v 0.200317 -0.392833 -0.483607 0.6471 0.6510 0.6432
v 0.179957 -0.414870 -0.434454 0.6471 0.6510 0.6432
v 0.159597 -0.392833 -0.385301 0.6471 0.6510 0.6432
v 0.151164 -0.339630 -0.364942 0.6471 0.6510 0.6432
v 0.159597 -0.286428 -0.385301 0.6471 0.6510 0.6432
v 0.179957 -0.264390 -0.434454 0.6471 0.6510 0.6432
v 0.200317 -0.286428 -0.483607 0.6471 0.6510 0.6432
v 0.208750 -0.339630 -0.503967 0.6471 0.6510 0.6432
v 0.370137 -0.392833 -0.370137 0.6471 0.6510 0.6432
v 0.332517 -0.414870 -0.332517 0.6471 0.6510 0.6432
v 0.294897 -0.392833 -0.294897 0.6471 0.6510 0.6432
v 0.279314 -0.339630 -0.279314 0.6471 0.6510 0.6432
v 0.294897 -0.286428 -0.294897 0.6471 0.6510 0.6432
v 0.332517 -0.264390 -0.332517 0.6471 0.6510 0.6432
v 0.370137 -0.286428 -0.370137 0.6471 0.6510 0.6432
v 0.385720 -0.339630 -0.385720 0.6471 0.6510 0.6432
v 0.483607 -0.392833 -0.200317 0.6471 0.6510 0.6432
v 0.434454 -0.414870 -0.179957 0.6471 0.6510 0.6432
v 0.385301 -0.392833 -0.159597 0.6471 0.6510 0.6432
v 0.364942 -0.339630 -0.151164 0.6471 0.6510 0.6432
v 0.385301 -0.286428 -0.159597 0.6471 0.6510 0.6432
v 0.434454 -0.264390 -0.179957 0.6471 0.6510 0.6432
v 0.483607 -0.286428 -0.200317 0.6471 0.6510 0.6432
v 0.503967 -0.339630 -0.208750 0.6471 0.6510 0.6432
v -0.551000 -0.339630 -0.000000 0.6471 0.6510 0.6432
v -0.528740 -0.285890 -0.000000 0.6471 0.6510 0.6432
v -0.475000 -0.263630 -0.000000 0.6471 0.6510 0.6432
v -0.421260 -0.285890 -0.000000 0.6471 0.6510 0.6432
v -0.399000 -0.339630 -0.000000 0.6471 0.6510 0.6432
v -0.421260 -0.393370 -0.000000 0.6471 0.6510 0.6432
v -0.475000 -0.415630 -0.000000 0.6471 0.6510 0.6432
v -0.528740 -0.393370 -0.000000 0.6471 0.6510 0.6432
v -0.509058 -0.339630 0.210858 0.6471 0.6510 0.6432
v -0.488492 -0.285890 0.202340 0.6471 0.6510 0.6432
v -0.438843 -0.263630 0.181775 0.6471 0.6510 0.6432
v -0.389193 -0.285890 0.161209 0.6471 0.6510 0.6432
v -0.368628 -0.339630 0.152691 0.6471 0.6510 0.6432
v -0.389193 -0.393370 0.161209 0.6471 0.6510 0.6432
v -0.438843 -0.415630 0.181775 0.6471 0.6510 0.6432
v -0.488492 -0.393370 0.202340 0.6471 0.6510 0.6432
v -0.389616 -0.339630 0.389616 0.6471 0.6510 0.6432
v -0.373876 -0.285890 0.373876 0.6471 0.6510 0.6432
v -0.335876 -0.263630 0.335876 0.6471 0.6510 0.6432
v -0.297876 -0.285890 0.297876 0.6471 0.6510 0.6432
v -0.282136 -0.339630 0.282136 0.6471 0.6510 0.6432
v -0.297876 -0.393370 0.297876 0.6471 0.6510 0.6432
v -0.335876 -0.415630 0.335876 0.6471 0.6510 0.6432
v -0.373876 -0.393370 0.373876 0.6471 0.6510 0.6432
v -0.210859 -0.339630 0.509058 0.6471 0.6510 0.6432
v -0.202340 -0.285890 0.488492 0.6471 0.6510 0.6432
v -0.181775 -0.263630 0.438843 0.6471 0.6510 0.6432
v -0.161209 -0.285890 0.389193 0.6471 0.6510 0.6432
v -0.152691 -0.339630 0.368628 0.6471 0.6510 0.6432
v -0.161209 -0.393370 0.389193 0.6471 0.6510 0.6432
v -0.181775 -0.415630 0.438843 0.6471 0.6510 0.6432
v -0.202340 -0.393370 0.488492 0.6471 0.6510 0.6432
v -0.000000 -0.339630 0.551000 0.6471 0.6510 0.6432
v -0.000000 -0.285890 0.528740 0.6471 0.6510 0.6432
v -0.000000 -0.263630 0.475000 0.6471 0.6510 0.6432
v -0.000000 -0.285890 0.421260 0.6471 0.6510 0.6432
v -0.000000 -0.339630 0.399000 0.6471 0.6510 0.6432
v -0.000000 -0.393370 0.421260 0.6471 0.6510 0.6432
v -0.000000 -0.415630 0.475000 0.6471 0.6510 0.6432
v -0.000000 -0.393370 0.528740 0.6471 0.6510 0.6432
v 0.210859 -0.339630 0.509058 0.6471 0.6510 0.6432
v 0.202340 -0.285890 0.488492 0.6471 0.6510 0.6432
v 0.181775 -0.263630 0.438843 0.6471 0.6510 0.6432
v 0.161209 -0.285890 0.389193 0.6471 0.6510 0.6432
v 0.152691 -0.339630 0.368628 0.6471 0.6510 0.6432
v 0.161209 -0.393370 0.389193 0.6471 0.6510 0.6432
v 0.181775 -0.415630 0.438843 0.6471 0.6510 0.6432
v 0.202340 -0.393370 0.488492 0.6471 0.6510 0.6432
v 0.389616 -0.339630 0.389616 0.6471 0.6510 0.6432
v 0.373876 -0.285890 0.373876 0.6471 0.6510 0.6432
v 0.335876 -0.263630 0.335876 0.6471 0.6510 0.6432
v 0.297876 -0.285890 0.297876 0.6471 0.6510 0.6432
v 0.282136 -0.339630 0.282136 0.6471 0.6510 0.6432
v 0.297876 -0.393370 0.297876 0.6471 0.6510 0.6432
v 0.335876 -0.415630 0.335876 0.6471 0.6510 0.6432
v 0.373876 -0.393370 0.373876 0.6471 0.6510 0.6432
v 0.509058 -0.339630 0.210859 0.6471 0.6510 0.6432
v 0.488492 -0.285890 0.202340 0.6471 0.6510 0.6432
v 0.438843 -0.263630 0.181775 0.6471 0.6510 0.6432
v 0.389193 -0.285890 0.161209 0.6471 0.6510 0.6432
v 0.368628 -0.339630 0.152691 0.6471 0.6510 0.6432
v 0.389193 -0.393370 0.161209 0.6471 0.6510 0.6432
v 0.438843 -0.415630 0.181775 0.6471 0.6510 0.6432
v 0.488492 -0.393370 0.202340 0.6471 0.6510 0.6432
v 0.551000 -0.339630 0.000000 0.6471 0.6510 0.6432
v 0.528740 -0.285890 0.000000 0.6471 0.6510 0.6432
v 0.475000 -0.263630 0.000000 0.6471 0.6510 0.6432
v 0.421260 -0.285890 0.000000 0.6471 0.6510 0.6432
v 0.399000 -0.339630 0.000000 0.6471 0.6510 0.6432
v 0.421260 -0.393370 0.000000 0.6471 0.6510 0.6432
v 0.475000 -0.415630 0.000000 0.6471 0.6510 0.6432
v 0.528740 -0.393370 0.000000 0.6471 0.6510 0.6432
v 0.509058 -0.339630 -0.210858 0.6471 0.6510 0.6432
v 0.488492 -0.285890 -0.202340 0.6471 0.6510 0.6432
v 0.438843 -0.263630 -0.181774 0.6471 0.6510 0.6432
v 0.389193 -0.285890 -0.161209 0.6471 0.6510 0.6432
v 0.368628 -0.339630 -0.152691 0.6471 0.6510 0.6432
v 0.389193 -0.393370 -0.161209 0.6471 0.6510 0.6432
v 0.438843 -0.415630 -0.181774 0.6471 0.6510 0.6432
v 0.488492 -0.393370 -0.202340 0.6471 0.6510 0.6432
v 0.389616 -0.339630 -0.389616 0.6471 0.6510 0.6432
v 0.373876 -0.285890 -0.373876 0.6471 0.6510 0.6432
v 0.335876 -0.263630 -0.335876 0.6471 0.6510 0.6432
v 0.297876 -0.285890 -0.297876 0.6471 0.6510 0.6432
v 0.282136 -0.339630 -0.282136 0.6471 0.6510 0.6432
v 0.297876 -0.393370 -0.297876 0.6471 0.6510 0.6432
v 0.335876 -0.415630 -0.335876 0.6471 0.6510 0.6432
v 0.373876 -0.393370 -0.373876 0.6471 0.6510 0.6432
v 0.210859 -0.339630 -0.509058 0.6471 0.6510 0.6432
v 0.202340 -0.285890 -0.488492 0.6471 0.6510 0.6432
v 0.181775 -0.263630 -0.438843 0.6471 0.6510 0.6432
v 0.161209 -0.285890 -0.389193 0.6471 0.6510 0.6432
v 0.152691 -0.339630 -0.368628 0.6471 0.6510 0.6432
v 0.161209 -0.393370 -0.389193 0.6471 0.6510 0.6432
v 0.181775 -0.415630 -0.438843 0.6471 0.6510 0.6432
v 0.202340 -0.393370 -0.488492 0.6471 0.6510 0.6432
v 0.000000 -0.339630 -0.551000 0.6471 0.6510 0.6432
v 0.000000 -0.285890 -0.528740 0.6471 0.6510 0.6432
v 0.000000 -0.263630 -0.475000 0.6471 0.6510 0.6432
v 0.000000 -0.285890 -0.421260 0.6471 0.6510 0.6432
v -0.000000 -0.339630 -0.399000 0.6471 0.6510 0.6432
v -0.000000 -0.393370 -0.421260 0.6471 0.6510 0.6432
v -0.000000 -0.415630 -0.475000 0.6471 0.6510 0.6432
v -0.000000 -0.393370 -0.528740 0.6471 0.6510 0.6432
v -0.210859 -0.339630 -0.509058 0.6471 0.6510 0.6432
v -0.202340 -0.285890 -0.488492 0.6471 0.6510 0.6432
v -0.181775 -0.263630 -0.438843 0.6471 0.6510 0.6432
v -0.161209 -0.285890 -0.389193 0.6471 0.6510 0.6432
v -0.152691 -0.339630 -0.368628 0.6471 0.6510 0.6432
v -0.161209 -0.393370 -0.389193 0.6471 0.6510 0.6432
v -0.181775 -0.415630 -0.438843 0.6471 0.6510 0.6432
v -0.202340 -0.393370 -0.488492 0.6471 0.6510 0.6432
v -0.389616 -0.339630 -0.389616 0.6471 0.6510 0.6432
v -0.373875 -0.285890 -0.373876 0.6471 0.6510 0.6432
v -0.335876 -0.263630 -0.335876 0.6471 0.6510 0.6432
v -0.297876 -0.285890 -0.297876 0.6471 0.6510 0.6432
v -0.282135 -0.339630 -0.282136 0.6471 0.6510 0.6432
v -0.297876 -0.393370 -0.297876 0.6471 0.6510 0.6432
v -0.335876 -0.415630 -0.335876 0.6471 0.6510 0.6432
v -0.373875 -0.393370 -0.373876 0.6471 0.6510 0.6432
v -0.509058 -0.339630 -0.210859 0.6471 0.6510 0.6432
v -0.488492 -0.285890 -0.202340 0.6471 0.6510 0.6432
v -0.438843 -0.263630 -0.181775 0.6471 0.6510 0.6432
v -0.389193 -0.285890 -0.161209 0.6471 0.6510 0.6432
v -0.368628 -0.339630 -0.152691 0.6471 0.6510 0.6432
v -0.389193 -0.393370 -0.161209 0.6471 0.6510 0.6432
v -0.438843 -0.415630 -0.181775 0.6471 0.6510 0.6432
v -0.488492 -0.393370 -0.202340 0.6471 0.6510 0.6432
vn -0.0000 1.0000 -0.0000
vn -0.0000 -1.0000 -0.0000
vn 0.5072 -0.0000 -0.8618
vn -0.9483 -0.2881 -0.1329
vn 0.2853 0.9576 0.0400
vn -0.3438 0.0539 0.9375
vn 0.2483 0.9576 0.1461
vn 0.8922 0.0539 -0.4484
vn 0.1734 0.9576 0.2300
vn -0.9060 0.0539 0.4198
vn 0.0722 0.9576 0.2788
vn 0.0949 0.3542 0.9303
vn 0.0954 -0.0203 -0.9952
vn -0.7486 -0.0000 -0.6630
vn -0.9984 -0.0000 0.0571
vn 0.9863 -0.0000 0.1647
vn -0.6270 -0.0863 -0.7742
vn 0.9525 -0.0000 -0.3046
vn -0.2524 0.4585 -0.8521
vn -0.2366 0.4253 -0.8736
vn -0.2273 0.4060 -0.8851
vn -0.8342 0.5180 -0.1891
vn -0.8797 0.4506 -0.1519
vn -0.8006 0.5601 -0.2128
vn -0.7694 0.4931 -0.4061
vn -0.7406 0.5265 -0.4174
vn -0.7912 0.4656 -0.3965
vn -0.5290 0.4722 -0.7051
vn -0.5295 0.4743 -0.7034
vn -0.5297 0.4755 -0.7024
vn 0.1930 -0.8103 -0.5533
vn 0.3239 -0.1807 -0.9287
vn 0.3239 -0.1808 -0.9287
vn 0.2802 0.5253 -0.8035
vn 0.0693 0.9776 -0.1987
vn 0.0693 -0.9776 -0.1987
vn 0.2802 -0.5253 -0.8035
vn 0.3239 0.1807 -0.9287
vn 0.3239 0.1808 -0.9287
vn 0.1930 0.8103 -0.5533
vn 0.7663 0.5253 -0.3700
vn 0.1895 0.9776 -0.0915
vn 0.1895 -0.9776 -0.0915
vn 0.7663 -0.5253 -0.3700
vn 0.8857 0.1807 -0.4276
vn 0.5277 0.8103 -0.2548
vn 0.5277 -0.8103 -0.2548
vn 0.8857 -0.1807 -0.4276
vn 0.1987 -0.9776 0.0693
vn 0.8035 -0.5253 0.2802
vn 0.9287 0.1807 0.3239
vn 0.5533 0.8103 0.1930
vn 0.5533 -0.8103 0.1930
vn 0.9287 -0.1807 0.3239
vn 0.8035 0.5253 0.2802
vn 0.1987 0.9776 0.0693
vn 0.2548 0.8103 0.5277
vn 0.2548 -0.8103 0.5277
vn 0.4276 -0.1807 0.8857
vn 0.4277 -0.1807 0.8857
vn 0.3700 0.5253 0.7663
vn 0.0915 0.9776 0.1895
vn 0.0915 -0.9776 0.1895
vn 0.3700 -0.5253 0.7663
vn 0.4276 0.1807 0.8857
vn 0.4276 0.1808 0.8857
vn -0.1930 -0.8103 0.5533
vn -0.3239 -0.1807 0.9287
vn -0.3239 -0.1808 0.9287
vn -0.2802 0.5253 0.8035
vn -0.0693 0.9776 0.1987
vn -0.0693 -0.9776 0.1987
vn -0.2802 -0.5253 0.8035
vn -0.3239 0.1807 0.9287
vn -0.3239 0.1808 0.9287
vn -0.1930 0.8103 0.5533
vn -0.1895 0.9776 0.0915
vn -0.1895 -0.9776 0.0915
vn -0.7663 -0.5253 0.3700
vn -0.8857 0.1807 0.4276
vn -0.5277 0.8103 0.2548
vn -0.5277 -0.8103 0.2548
vn -0.8857 -0.1807 0.4276
vn -0.7663 0.5253 0.3700
vn -0.8035 -0.5253 -0.2802
vn -0.9287 0.1807 -0.3239
vn -0.5533 0.8103 -0.1930
vn -0.5533 -0.8103 -0.1930
vn -0.9287 -0.1807 -0.3239
vn -0.8035 0.5253 -0.2802
vn -0.1987 0.9776 -0.0693
vn -0.1987 -0.9776 -0.0693
vn -0.2548 -0.8103 -0.5277
vn -0.4276 -0.1807 -0.8857
vn -0.4277 -0.1807 -0.8857
vn -0.3700 0.5253 -0.7663
vn -0.0915 0.9776 -0.1895
vn -0.0915 -0.9776 -0.1895
vn -0.3700 -0.5253 -0.7663
vn -0.4276 0.1807 -0.8857
vn -0.2548 0.8103 -0.5277
vn 0.3900 -0.8103 -0.4374
vn 0.6546 -0.1807 -0.7340
vn 0.6546 -0.1808 -0.7340
vn 0.5664 0.5253 -0.6351
vn 0.1401 0.9776 -0.1571
vn 0.1401 -0.9776 -0.1571
vn 0.5664 -0.5253 -0.6351
vn 0.6546 0.1807 -0.7340
vn 0.6546 0.1808 -0.7340
vn 0.3901 0.8103 -0.4374
vn 0.8495 0.5253 -0.0486
vn 0.2101 0.9776 -0.0120
vn 0.2101 -0.9776 -0.0120
vn 0.8495 -0.5253 -0.0486
vn 0.9819 0.1807 -0.0562
vn 0.5851 0.8103 -0.0335
vn 0.5851 -0.8103 -0.0335
vn 0.9819 -0.1807 -0.0562
vn 0.9819 -0.1808 -0.0562
vn 0.1571 -0.9776 0.1401
vn 0.6351 -0.5253 0.5664
vn 0.7340 0.1807 0.6546
vn 0.4374 0.8103 0.3900
vn 0.4374 -0.8103 0.3900
vn 0.4374 -0.8103 0.3901
vn 0.7340 -0.1807 0.6546
vn 0.7340 -0.1808 0.6546
vn 0.6351 0.5253 0.5664
vn 0.1571 0.9776 0.1401
vn 0.0335 0.8103 0.5851
vn 0.0335 -0.8103 0.5851
vn 0.0562 -0.1807 0.9819
vn 0.0486 0.5253 0.8495
vn 0.0120 0.9776 0.2101
vn 0.0120 -0.9776 0.2101
vn 0.0486 -0.5253 0.8495
vn 0.0562 0.1807 0.9819
vn 0.0562 0.1808 0.9819
vn -0.3900 -0.8103 0.4374
vn -0.6546 -0.1807 0.7340
vn -0.5664 0.5253 0.6351
vn -0.1401 0.9776 0.1571
vn -0.1401 -0.9776 0.1571
vn -0.5664 -0.5253 0.6351
vn -0.6546 0.1807 0.7340
vn -0.3900 0.8103 0.4374
vn -0.2101 0.9776 0.0120
vn -0.2101 -0.9776 0.0120
vn -0.8495 -0.5253 0.0486
vn -0.9819 0.1807 0.0562
vn -0.5851 0.8103 0.0335
vn -0.5851 -0.8103 0.0335
vn -0.9819 -0.1807 0.0562
vn -0.8495 0.5253 0.0486
vn -0.6351 -0.5253 -0.5664
vn -0.7340 0.1807 -0.6546
vn -0.4374 0.8103 -0.3900
vn -0.4374 -0.8103 -0.3900
vn -0.7340 -0.1807 -0.6546
vn -0.6351 0.5253 -0.5664
vn -0.1571 0.9776 -0.1401
vn -0.1571 -0.9776 -0.1401
vn -0.0335 -0.8103 -0.5851
vn -0.0562 -0.1808 -0.9819
vn -0.0562 -0.1807 -0.9819
vn -0.0486 0.5253 -0.8495
vn -0.0120 0.9776 -0.2101
vn -0.0120 -0.9776 -0.2101
vn -0.0486 -0.5253 -0.8495
vn -0.0562 0.1808 -0.9819
vn -0.0562 0.1807 -0.9819
vn -0.0335 0.8103 -0.5851
vn 0.8857 -0.1807 -0.4277
vn 0.8857 0.1807 -0.4277
vn -0.4276 0.1808 -0.8857
vn 0.3901 -0.8103 -0.4374
vn 0.1422 0.9769 -0.1594
vn 0.1422 -0.9769 -0.1594
vn 0.3900 0.8103 -0.4374
vn 0.2146 0.9766 -0.0123
vn 0.2146 -0.9766 -0.0123
vn 0.1594 -0.9769 0.1422
vn 0.1594 0.9769 0.1422
vn 0.5851 -0.8103 -0.0334
vn 0.5851 0.8103 -0.0334
vn 0.1623 0.9761 0.1447
vn 0.1623 -0.9761 0.1447
vn 0.0126 -0.9754 0.2201
vn 0.0126 0.9754 0.2201
vn -0.1447 0.9761 0.1623
vn -0.1447 -0.9761 0.1623
vn -0.9819 -0.1807 0.0561
vn -0.9819 0.1807 0.0561
vn 0.2508 -0.0000 0.9680
vn 0.6021 -0.0000 0.7984
vn 0.8618 -0.0000 0.5072
vn 0.9903 -0.0000 0.1388
vn -0.0000 -0.0000 -0.0000
vn -0.9680 -0.0000 0.2508
vn 0.9680 -0.0000 -0.2508
vn -0.5072 -0.0000 0.8618
vn 0.8307 -0.0000 0.5567
vn 0.5544 -0.0000 0.8323
vn 0.8900 -0.0000 0.4559
vn 0.0808 0.9467 0.3118
vn 0.6478 -0.0000 0.7618
vn 0.0808 -0.9467 0.3118
vn -0.1965 -0.0000 0.9805
vn 0.1937 -0.0000 0.9811
vn 0.1939 -0.9467 0.2571
vn 0.1939 0.9467 0.2571
vn 0.2775 -0.9467 0.1633
vn 0.2775 0.9467 0.1633
vn 0.9967 -0.0000 0.0806
vn 0.3189 -0.9467 0.0447
vn 0.3189 0.9467 0.0447
vn 0.9517 -0.0000 -0.3070
vn 0.0722 -0.9576 0.2788
vn 0.1734 -0.9576 0.2300
vn 0.2483 -0.9576 0.1461
vn 0.2853 -0.9576 0.0400
vn -0.2401 -0.2880 -0.9270
vn 0.9959 0.0539 -0.0729
vn 0.2401 0.2881 0.9270
vn 0.2401 0.2880 0.9270
vn 0.5766 0.2881 0.7646
vn -0.6764 0.0539 0.7346
vn -0.5766 -0.2881 -0.7646
vn -0.8253 -0.2881 -0.4857
vn -0.8253 -0.2880 -0.4857
vn 0.6527 0.0539 -0.7557
vn 0.8253 0.2881 0.4857
vn 0.3138 0.0539 -0.9480
vn 0.9483 0.2881 0.1329
vn 0.0411 0.0539 0.9977
vn -0.3816 -0.9212 -0.0759
vn 0.9087 0.3764 0.1807
vn -0.3816 0.9212 -0.0759
vn -0.7703 -0.3764 -0.5147
vn 0.3235 -0.9212 0.2161
vn 0.7703 0.3764 0.5147
vn -0.3235 0.9212 -0.2161
vn -0.9087 -0.3764 -0.1807
vn 0.3816 -0.9212 0.0759
vn 0.3816 0.9212 0.0759
vn -0.9087 0.3764 -0.1807
vn -0.3235 -0.9212 -0.2161
vn 0.7703 -0.3764 0.5147
vn 0.3235 0.9212 0.2161
vn -0.7703 0.3764 -0.5147
vn 0.9087 -0.3764 0.1807
vn -0.5147 -0.3764 -0.7703
vn 0.2161 -0.9212 0.3235
vn 0.5147 -0.3764 0.7703
vn 0.5147 0.3764 0.7703
vn 0.2161 0.9212 0.3235
vn -0.2161 0.9212 -0.3235
vn -0.5147 0.3764 -0.7703
vn -0.2161 -0.9212 -0.3235
vn -0.1807 -0.3764 -0.9087
vn 0.0759 -0.9212 0.3816
vn 0.1807 -0.3764 0.9087
vn 0.1807 0.3764 0.9087
vn 0.0759 0.9212 0.3816
vn -0.0759 0.9212 -0.3816
vn -0.1807 0.3764 -0.9087
vn -0.0759 -0.9212 -0.3816
vn 0.0759 -0.9212 -0.3816
vn -0.1807 0.3764 0.9087
vn 0.0759 0.9212 -0.3816
vn 0.5147 -0.3764 -0.7703
vn -0.2161 -0.9212 0.3235
vn -0.5147 0.3764 0.7703
vn 0.2161 0.9212 -0.3235
vn 0.1807 -0.3764 -0.9087
vn -0.0759 -0.9212 0.3816
vn -0.0759 0.9212 0.3816
vn 0.1807 0.3764 -0.9087
vn 0.2161 -0.9212 -0.3235
vn -0.5147 -0.3764 0.7703
vn -0.2161 0.9212 0.3235
vn 0.5147 0.3764 -0.7703
vn -0.1807 -0.3764 0.9087
vn 0.7703 -0.3764 -0.5147
vn -0.3235 -0.9212 0.2161
vn -0.7703 -0.3764 0.5147
vn -0.7703 0.3764 0.5147
vn -0.3235 0.9212 0.2161
vn 0.3235 0.9212 -0.2161
vn 0.7703 0.3764 -0.5147
vn 0.3235 -0.9212 -0.2161
vn 0.9087 -0.3764 -0.1807
vn -0.3816 -0.9212 0.0759
vn -0.9087 -0.3764 0.1807
vn -0.9087 0.3764 0.1807
vn -0.3816 0.9212 0.0759
vn 0.3816 0.9212 -0.0759
vn 0.9087 0.3764 -0.1807
vn 0.3816 -0.9212 -0.0759
vn -0.6021 -0.0000 -0.7984
vn 0.9270 -0.2881 -0.2401
vn -0.2788 0.9576 0.0722
vn 0.4484 0.0539 0.8922
vn -0.2300 0.9576 0.1734
vn -0.9375 0.0539 -0.3438
vn -0.1461 0.9576 0.2483
vn 0.9480 0.0539 0.3138
vn -0.0400 0.9576 0.2853
vn -0.0830 -0.0000 0.9965
vn -0.5350 0.7352 -0.4163
vn 0.9699 0.0015 -0.2435
vn 0.6876 0.0208 -0.7258
vn 0.8293 -0.0000 -0.5589
vn 0.7969 -0.0087 0.6041
vn 0.3293 -0.0000 -0.9442
vn 0.1354 0.4253 -0.8949
vn 0.1536 0.4585 -0.8753
vn 0.1249 0.4060 -0.9053
vn 0.8072 0.5180 -0.2830
vn 0.8566 0.4506 -0.2512
vn 0.8835 0.4076 -0.2308
vn 0.7181 0.4931 -0.4912
vn 0.6882 0.5265 -0.4991
vn 0.6680 0.5478 -0.5038
vn 0.4458 0.4743 -0.7592
vn 0.4452 0.4722 -0.7608
vn 0.4462 0.4755 -0.7582
vn -0.9819 0.1808 0.0562
vn -0.9819 -0.1808 0.0562
vn 0.0562 -0.1808 0.9819
vn 0.4374 0.8103 0.3901
vn 0.9819 0.1807 -0.0561
vn 0.9819 -0.1807 -0.0561
vn -0.4276 -0.1808 -0.8857
vn -0.1594 0.9769 -0.1422
vn -0.1594 -0.9769 -0.1422
vn -0.2146 0.9766 0.0123
vn -0.2146 -0.9766 0.0123
vn -0.1422 -0.9769 0.1594
vn -0.6546 0.1808 0.7340
vn -0.6546 -0.1808 0.7340
vn -0.1422 0.9769 0.1594
vn 0.9984 -0.0000 -0.0571
vn -0.0561 -0.1807 -0.9819
vn -0.0561 0.1807 -0.9819
vn 0.7340 0.1808 0.6546
vn -0.1388 -0.0000 0.9903
vn -0.7984 -0.0000 0.6021
vn -0.9903 -0.0000 -0.1388
vn 0.9088 0.3974 0.1273
vn -0.7618 -0.0000 0.6478
vn -0.4559 -0.0000 0.8900
vn -0.8323 -0.0000 0.5544
vn -0.0447 0.9467 0.3189
vn -0.5567 -0.0000 0.8307
vn -0.0447 -0.9467 0.3189
vn 0.3070 -0.0000 0.9517
vn -0.0806 -0.0000 0.9967
vn -0.1633 -0.9467 0.2775
vn -0.1633 0.9467 0.2775
vn -0.2571 -0.9467 0.1939
vn -0.2571 0.9467 0.1939
vn -0.9811 -0.0000 0.1937
vn -0.3117 -0.9467 0.0808
vn -0.3118 -0.9467 0.0808
vn -0.3118 0.9467 0.0808
vn -0.3117 0.9467 0.0808
vn -0.9805 -0.0000 -0.1965
vn -0.0400 -0.9576 0.2853
vn -0.1461 -0.9576 0.2483
vn -0.2300 -0.9576 0.1734
vn -0.2788 -0.9576 0.0722
vn 0.1329 -0.2881 -0.9483
vn 0.1329 -0.2880 -0.9484
vn -0.9977 0.0539 0.0411
vn -0.1329 0.2881 0.9483
vn -0.4857 0.2881 0.8253
vn 0.7557 0.0539 0.6527
vn 0.4857 -0.2881 -0.8253
vn 0.4857 -0.2880 -0.8253
vn 0.7646 -0.2881 -0.5766
vn -0.7346 0.0539 -0.6764
vn -0.7646 0.2881 0.5766
vn -0.4198 0.0539 -0.9060
vn -0.9270 0.2881 0.2401
vn 0.0729 0.0539 0.9959
vn -0.9270 -0.2880 0.2401
vn -0.9270 -0.2881 0.2401
vn 0.2788 0.9576 -0.0722
vn -0.4484 0.0539 -0.8922
vn 0.2300 0.9576 -0.1734
vn 0.9375 0.0539 0.3438
vn 0.1461 0.9576 -0.2483
vn -0.9480 0.0539 -0.3138
vn 0.0400 0.9576 -0.2853
vn 0.6478 -0.5145 -0.5618
vn 0.5052 -0.0000 0.8630
vn -0.9982 0.0186 0.0574
vn 0.8646 0.0026 0.5024
vn -0.9872 -0.0181 0.1584
vn -0.1354 0.4253 0.8949
vn -0.1536 0.4585 0.8753
vn -0.1249 0.4060 0.9053
vn -0.8072 0.5180 0.2830
vn -0.8566 0.4506 0.2512
vn -0.8835 0.4076 0.2308
vn -0.7181 0.4931 0.4912
vn -0.6882 0.5265 0.4991
vn -0.6680 0.5478 0.5038
vn -0.4458 0.4743 0.7592
vn -0.4452 0.4722 0.7608
vn -0.4462 0.4755 0.7582
vn 0.9819 0.1808 -0.0562
vn -0.4374 -0.8103 -0.3901
vn -0.4374 0.8103 -0.3901
vn 0.4277 0.1807 0.8857
vn 0.0561 -0.1807 0.9819
vn 0.0561 0.1807 0.9819
vn 0.1447 0.9761 -0.1623
vn 0.1447 -0.9761 -0.1623
vn -0.0126 -0.9754 -0.2201
vn -0.0126 0.9754 -0.2201
vn -0.7340 -0.1808 -0.6546
vn -0.1623 0.9761 -0.1447
vn -0.1623 -0.9761 -0.1447
vn -0.7340 0.1808 -0.6546
vn 0.0571 -0.0000 0.9984
vn 0.1388 -0.0000 -0.9903
vn 0.7984 -0.0000 -0.6021
vn -0.8992 0.4189 -0.1260
vn 0.7618 -0.0000 -0.6478
vn 0.4559 -0.0000 -0.8900
vn 0.8323 -0.0000 -0.5544
vn 0.0447 0.9467 -0.3189
vn 0.5567 -0.0000 -0.8307
vn 0.0447 -0.9467 -0.3189
vn -0.3070 -0.0000 -0.9517
vn 0.0806 -0.0000 -0.9967
vn 0.1633 -0.9467 -0.2775
vn 0.1633 0.9467 -0.2775
vn 0.2571 -0.9467 -0.1939
vn 0.2571 0.9467 -0.1939
vn 0.9811 -0.0000 -0.1937
vn 0.3117 -0.9467 -0.0808
vn 0.3118 -0.9467 -0.0808
vn 0.3118 0.9467 -0.0808
vn 0.3117 0.9467 -0.0808
vn 0.9805 -0.0000 0.1965
vn 0.0400 -0.9576 -0.2853
vn 0.1461 -0.9576 -0.2483
vn 0.2300 -0.9576 -0.1734
vn 0.2788 -0.9576 -0.0722
vn -0.1329 -0.2881 0.9483
vn -0.1329 -0.2880 0.9484
vn 0.9977 0.0539 -0.0411
vn 0.1329 0.2881 -0.9483
vn 0.4857 0.2881 -0.8253
vn -0.7557 0.0539 -0.6527
vn -0.4857 -0.2881 0.8253
vn -0.4857 -0.2880 0.8253
vn -0.7646 -0.2881 0.5766
vn 0.7346 0.0539 0.6764
vn 0.7646 0.2881 -0.5766
vn 0.4198 0.0539 0.9060
vn 0.9270 0.2881 -0.2401
vn -0.0729 0.0539 -0.9959
vn 0.9483 -0.2881 0.1329
vn -0.2853 0.9576 -0.0400
vn 0.3438 0.0539 -0.9375
vn -0.2483 0.9576 -0.1461
vn -0.8922 0.0539 0.4484
vn -0.1734 0.9576 -0.2300
vn 0.9060 0.0539 -0.4198
vn -0.0722 0.9576 -0.2788
vn -0.9234 0.0017 0.3838
vn -0.8389 -0.0465 -0.5423
vn -0.9759 -0.0000 -0.2183
vn 0.2524 0.4585 0.8521
vn 0.2366 0.4253 0.8736
vn 0.2273 0.4060 0.8851
vn 0.8342 0.5180 0.1891
vn 0.8797 0.4506 0.1519
vn 0.8006 0.5601 0.2128
vn 0.7694 0.4931 0.4061
vn 0.7406 0.5265 0.4174
vn 0.7912 0.4656 0.3965
vn 0.5290 0.4722 0.7051
vn 0.5295 0.4743 0.7034
vn 0.5297 0.4755 0.7024
vn -0.3901 -0.8103 0.4374
vn -0.8857 -0.1807 0.4277
vn -0.8857 0.1807 0.4277
vn -0.0334 -0.8103 -0.5851
vn -0.5851 -0.8103 0.0334
vn -0.5851 0.8103 0.0334
vn -0.2508 -0.0000 -0.9680
vn -0.8618 -0.0000 -0.5072
vn -0.8307 -0.0000 -0.5567
vn -0.5544 -0.0000 -0.8323
vn -0.8900 -0.0000 -0.4559
vn -0.0808 0.9467 -0.3118
vn -0.6478 -0.0000 -0.7618
vn -0.0808 -0.9467 -0.3118
vn 0.1965 -0.0000 -0.9805
vn -0.1937 -0.0000 -0.9811
vn -0.1939 -0.9467 -0.2571
vn -0.1939 0.9467 -0.2571
vn -0.2775 -0.9467 -0.1633
vn -0.2775 0.9467 -0.1633
vn -0.9967 -0.0000 -0.0806
vn -0.3189 -0.9467 -0.0447
vn -0.3189 0.9467 -0.0447
vn -0.9517 -0.0000 0.3070
vn -0.0722 -0.9576 -0.2788
vn -0.1734 -0.9576 -0.2300
vn -0.2483 -0.9576 -0.1461
vn -0.2853 -0.9576 -0.0400
vn 0.2401 -0.2880 0.9270
vn -0.9959 0.0539 0.0729
vn -0.2401 0.2881 -0.9270
vn -0.5766 0.2881 -0.7646
vn 0.6764 0.0539 -0.7346
vn 0.5766 -0.2881 0.7646
vn 0.8253 -0.2881 0.4857
vn -0.6527 0.0539 0.7557
vn -0.8253 0.2881 -0.4857
vn -0.3138 0.0539 0.9480
vn -0.9483 0.2881 -0.1329
vn -0.0411 0.0539 -0.9977
vn -0.2623 0.4794 -0.8375
vn -0.9041 0.4076 -0.1286
vn -0.7210 0.5478 -0.4243
vn -0.5287 0.4708 -0.7063
vn -0.4277 0.1807 -0.8857
vn 0.9270 -0.2880 -0.2401
vn 0.1651 0.4794 -0.8619
vn 0.7712 0.5601 -0.3027
vn 0.7409 0.4656 -0.4841
vn 0.4448 0.4708 -0.7619
vn -0.9287 0.1808 -0.3239
vn -0.9287 -0.1808 -0.3239
vn 0.4276 -0.1808 0.8857
vn -0.1651 0.4794 0.8619
vn -0.7712 0.5601 0.3027
vn -0.7409 0.4656 0.4841
vn -0.4448 0.4708 0.7619
vn 0.2623 0.4794 0.8375
vn 0.9041 0.4076 0.1286
vn 0.7210 0.5478 0.4243
vn 0.5287 0.4708 0.7063
vn -0.3901 0.8103 0.4374
vn -0.5766 0.2881 -0.7645
s 1
usemtl LightMEtal
f 2//5 1274//5 1266//5
f 2//7 266//7 270//7
f 4//9 262//9 266//9
f 598//11 262//11 6//11
f 346//12 610//13 18//14
f 350//1 18//14 17//15
f 353//16 17//15 16//17
f 1265//18 16//17 1281//1
f 74//83 84//83 75//83
f 83//89 93//89 84//89
f 813//182 206//182 213//182
f 206//118 212//118 213//118
f 813//136 220//136 827//136
f 12//195 344//195 262//195
f 257//195 344//195 11//195
f 258//195 262//195 606//195
f 258//195 605//195 257//195
f 9//196 266//196 10//196
f 256//196 348//196 9//196
f 255//196 266//196 262//196
f 255//196 344//196 256//196
f 7//197 270//197 8//197
f 7//197 348//197 351//197
f 8//197 266//197 259//197
f 260//197 266//197 348//197
f 268//198 1274//198 267//198
f 268//198 351//198 1273//198
f 267//198 270//198 263//198
f 264//198 270//198 351//198
f 282//199 311//199 312//199
f 274//199 305//199 306//1
f 278//199 307//199 308//199
f 271//199 304//199 303//2
f 304//199 322//199 320//199
f 279//199 308//199 309//199
f 276//199 315//199 316//199
f 272//199 306//1 304//199
f 283//199 312//199 313//199
f 277//199 310//199 307//199
f 273//199 303//2 305//199
f 281//199 314//199 311//199
f 280//199 309//199 310//199
f 284//199 313//199 314//199
f 286//199 317//199 318//199
f 303//2 320//199 319//199
f 305//199 319//199 321//199
f 306//1 321//199 322//199
f 261//219 605//219 341//219
f 342//219 346//219 5//219
f 261//219 346//219 344//219
f 341//219 597//219 342//219
f 265//220 344//220 339//220
f 340//220 350//220 3//220
f 265//220 350//220 348//220
f 339//220 346//220 340//220
f 269//221 348//221 343//221
f 345//221 353//221 1//221
f 269//221 353//221 351//221
f 343//221 350//221 345//221
f 352//222 351//222 347//222
f 349//222 1265//222 354//222
f 352//222 1265//222 1273//222
f 347//222 353//222 349//222
f 1940//303 898//303 592//303
f 898//305 594//305 592//305
f 894//307 596//307 594//307
f 596//309 606//309 598//309
f 974//310 610//13 597//311
f 978//312 613//1 974//310
f 981//313 612//314 978//312
f 1939//315 611//316 981//313
f 673//54 681//54 672//54
f 691//48 681//48 682//48
f 813//339 812//339 805//339
f 812//153 804//153 805//153
f 813//136 827//136 820//136
f 890//348 603//348 604//348
f 972//348 885//348 603//348
f 886//348 890//348 604//348
f 605//348 886//348 885//348
f 602//202 976//202 601//202
f 976//202 884//202 601//202
f 883//202 894//202 602//202
f 972//202 883//202 884//202
f 898//349 599//349 600//349
f 979//349 888//349 599//349
f 894//349 600//349 887//349
f 888//349 894//349 887//349
f 1950//200 896//200 895//200
f 896//200 979//200 892//200
f 898//200 895//200 891//200
f 979//200 891//200 892//200
f 910//199 939//199 909//199
f 902//199 933//2 901//199
f 906//199 935//199 905//199
f 899//199 932//1 900//199
f 932//1 950//199 934//351
f 907//199 936//199 906//199
f 904//199 943//199 903//199
f 900//199 934//351 902//199
f 911//199 940//199 910//199
f 905//199 938//199 908//199
f 901//199 931//2 899//199
f 909//199 942//199 912//199
f 908//199 937//199 907//199
f 912//199 941//199 911//199
f 914//199 945//199 913//199
f 931//2 948//199 932//1
f 933//2 947//199 931//2
f 934//351 949//199 933//2
f 605//370 889//370 969//370
f 974//370 970//370 595//370
f 889//370 974//370 595//370
f 597//370 969//370 970//370
f 972//371 893//371 967//371
f 978//371 968//371 593//371
f 893//371 978//371 593//371
f 974//371 967//371 968//371
f 971//372 979//372 897//372
f 981//372 973//372 591//372
f 897//372 981//372 591//372
f 978//372 971//372 973//372
f 979//373 980//373 975//373
f 982//373 981//373 977//373
f 980//373 1939//373 982//373
f 981//373 975//373 977//373
f 1274//390 1268//390 1266//390
f 1572//392 1270//392 1268//392
f 1568//394 1272//394 1270//394
f 1564//396 1948//396 1272//396
f 1648//397 1963//398 1947//344
f 1652//399 1287//1 1648//397
f 1655//400 1286//1 1652//399
f 1265//18 1285//401 1655//400
f 1347//89 1355//89 1346//89
f 1356//83 1364//83 1355//83
f 2170//182 1485//182 1478//182
f 1485//118 1477//118 1478//118
f 2170//169 2184//169 1492//169
f 1564//429 1279//429 1280//429
f 1646//429 1559//429 1279//429
f 1560//429 1564//429 1280//429
f 1559//429 1958//429 1560//429
f 1568//3 1277//3 1278//3
f 1650//3 1558//3 1277//3
f 1557//3 1568//3 1278//3
f 1646//3 1557//3 1558//3
f 1572//430 1275//430 1276//430
f 1653//430 1562//430 1275//430
f 1568//430 1276//430 1561//430
f 1650//430 1561//430 1562//430
f 1569//201 1273//201 1570//201
f 1273//201 1566//201 1570//201
f 1572//201 1569//201 1565//201
f 1653//201 1565//201 1566//201
f 1584//199 1613//199 1583//199
f 1576//199 1607//2 1575//199
f 1580//199 1609//199 1579//199
f 1573//199 1606//1 1574//199
f 1606//1 1624//199 1608//431
f 1581//199 1610//199 1580//199
f 1578//199 1617//199 1577//199
f 1574//199 1608//431 1576//199
f 1585//199 1614//199 1584//199
f 1579//199 1612//199 1582//199
f 1575//199 1605//2 1573//199
f 1583//199 1616//199 1586//199
f 1582//199 1611//199 1581//199
f 1586//199 1615//199 1585//199
f 1588//199 1619//199 1587//199
f 1605//2 1622//199 1606//1
f 1607//2 1621//199 1605//2
f 1608//431 1623//199 1607//2
f 1957//450 1563//450 1643//450
f 1648//450 1644//450 1271//450
f 1563//450 1648//450 1271//450
f 1947//450 1643//450 1644//450
f 1646//451 1567//451 1641//451
f 1652//451 1642//451 1269//451
f 1567//451 1652//451 1269//451
f 1648//451 1641//451 1642//451
f 1650//452 1571//452 1645//452
f 1655//452 1647//452 1267//452
f 1571//452 1655//452 1267//452
f 1652//452 1645//452 1647//452
f 1653//453 1654//453 1649//453
f 1265//453 1651//453 1656//453
f 1654//453 1265//453 1656//453
f 1655//453 1649//453 1651//453
f 1942//469 1950//469 1940//469
f 1942//471 2282//471 2286//471
f 1944//473 2278//473 2282//473
f 1948//475 2278//475 1946//475
f 2362//476 1963//398 1967//1
f 2366//1 1967//1 1966//477
f 2369//478 1966//477 1965//1
f 1939//315 1965//1 1959//1
f 2029//48 2039//48 2030//48
f 2038//54 2048//54 2039//54
f 2170//339 2162//339 2169//339
f 2161//153 2169//153 2162//153
f 2170//169 2177//169 2184//169
f 1956//497 2360//497 2278//497
f 2273//497 2360//497 1955//497
f 2274//497 2278//497 1958//497
f 2274//497 1957//497 2273//497
f 1953//301 2282//301 1954//301
f 2272//301 2364//301 1953//301
f 2271//301 2282//301 2278//301
f 2271//301 2360//301 2272//301
f 1951//498 2286//498 1952//498
f 1951//498 2364//498 2367//498
f 1952//498 2282//498 2275//498
f 2275//498 2364//498 2276//498
f 2284//350 1950//350 2283//350
f 2284//350 2367//350 1949//350
f 2283//350 2286//350 2279//350
f 2279//350 2367//350 2280//350
f 2298//199 2327//199 2328//199
f 2290//199 2321//199 2322//1
f 2294//199 2323//199 2324//199
f 2287//199 2320//199 2319//2
f 2320//199 2338//199 2336//199
f 2295//199 2324//199 2325//199
f 2292//199 2331//199 2332//199
f 2288//199 2322//1 2320//199
f 2299//199 2328//199 2329//199
f 2293//199 2326//199 2323//199
f 2289//199 2319//2 2321//199
f 2297//199 2330//199 2327//199
f 2296//199 2325//199 2326//199
f 2300//199 2329//199 2330//199
f 2302//199 2333//199 2334//199
f 2319//2 2336//199 2335//199
f 2321//199 2335//199 2337//199
f 2322//1 2337//199 2338//199
f 2277//515 1957//515 2357//515
f 2358//515 2362//515 1945//515
f 2277//515 2362//515 2360//515
f 2357//515 1947//515 2358//515
f 2281//516 2360//516 2355//516
f 2356//516 2366//516 1943//516
f 2281//516 2366//516 2364//516
f 2355//516 2362//516 2356//516
f 2285//517 2364//517 2359//517
f 1941//517 2366//517 2369//517
f 2285//517 2369//517 2367//517
f 2359//517 2366//517 2361//517
f 2368//518 2367//518 2363//518
f 2370//518 2369//518 1939//518
f 2368//518 1939//518 1949//518
f 2363//518 2369//518 2365//518
f 2//5 270//5 1274//5
f 2//7 4//7 266//7
f 4//9 6//9 262//9
f 598//11 606//11 262//11
f 346//12 597//311 610//13
f 350//1 346//12 18//14
f 353//16 350//1 17//15
f 1265//18 353//16 16//17
f 74//83 83//83 84//83
f 83//89 92//89 93//89
f 206//118 205//118 212//118
f 12//195 11//195 344//195
f 257//195 605//195 344//195
f 258//195 12//195 262//195
f 258//195 606//195 605//195
f 9//196 348//196 266//196
f 256//196 344//196 348//196
f 255//196 10//196 266//196
f 255//196 262//196 344//196
f 7//197 351//197 270//197
f 7//197 260//197 348//197
f 8//197 270//197 266//197
f 260//197 259//197 266//197
f 268//198 1273//198 1274//198
f 268//198 264//198 351//198
f 267//198 1274//198 270//198
f 264//198 263//198 270//198
f 282//199 281//199 311//199
f 274//199 273//199 305//199
f 278//199 277//199 307//199
f 271//199 272//199 304//199
f 304//199 306//1 322//199
f 279//199 278//199 308//199
f 276//199 275//199 315//199
f 272//199 274//199 306//1
f 283//199 282//199 312//199
f 277//199 280//199 310//199
f 273//199 271//199 303//2
f 281//199 284//199 314//199
f 280//199 279//199 309//199
f 284//199 283//199 313//199
f 286//199 285//199 317//199
f 303//2 304//199 320//199
f 305//199 303//2 319//199
f 306//1 305//199 321//199
f 261//219 344//219 605//219
f 342//219 597//219 346//219
f 261//219 5//219 346//219
f 341//219 605//219 597//219
f 265//220 348//220 344//220
f 340//220 346//220 350//220
f 265//220 3//220 350//220
f 339//220 344//220 346//220
f 269//221 351//221 348//221
f 345//221 350//221 353//221
f 269//221 1//221 353//221
f 343//221 348//221 350//221
f 352//222 1273//222 351//222
f 349//222 353//222 1265//222
f 352//222 354//222 1265//222
f 347//222 351//222 353//222
f 1940//303 1950//303 898//303
f 898//305 894//305 594//305
f 894//307 890//307 596//307
f 596//309 890//309 606//309
f 974//310 613//1 610//13
f 978//312 612//314 613//1
f 981//313 611//316 612//314
f 1939//315 1959//1 611//316
f 673//54 682//54 681//54
f 691//48 690//48 681//48
f 812//153 811//153 804//153
f 890//348 972//348 603//348
f 972//348 605//348 885//348
f 886//348 606//348 890//348
f 605//348 606//348 886//348
f 602//202 894//202 976//202
f 976//202 972//202 884//202
f 883//202 890//202 894//202
f 972//202 890//202 883//202
f 898//349 979//349 599//349
f 979//349 976//349 888//349
f 894//349 898//349 600//349
f 888//349 976//349 894//349
f 1950//200 1949//200 896//200
f 896//200 1949//200 979//200
f 898//200 1950//200 895//200
f 979//200 898//200 891//200
f 910//199 940//199 939//199
f 902//199 934//351 933//2
f 906//199 936//199 935//199
f 899//199 931//2 932//1
f 932//1 948//199 950//199
f 907//199 937//199 936//199
f 904//199 944//199 943//199
f 900//199 932//1 934//351
f 911//199 941//199 940//199
f 905//199 935//199 938//199
f 901//199 933//2 931//2
f 909//199 939//199 942//199
f 908//199 938//199 937//199
f 912//199 942//199 941//199
f 914//199 946//199 945//199
f 931//2 947//199 948//199
f 933//2 949//199 947//199
f 934//351 950//199 949//199
f 605//370 972//370 889//370
f 974//370 597//370 970//370
f 889//370 972//370 974//370
f 597//370 605//370 969//370
f 972//371 976//371 893//371
f 978//371 974//371 968//371
f 893//371 976//371 978//371
f 974//371 972//371 967//371
f 971//372 976//372 979//372
f 981//372 978//372 973//372
f 897//372 979//372 981//372
f 978//372 976//372 971//372
f 979//373 1949//373 980//373
f 982//373 1939//373 981//373
f 980//373 1949//373 1939//373
f 981//373 979//373 975//373
f 1274//390 1572//390 1268//390
f 1572//392 1568//392 1270//392
f 1568//394 1564//394 1272//394
f 1564//396 1958//396 1948//396
f 1648//397 1287//1 1963//398
f 1652//399 1286//1 1287//1
f 1655//400 1285//401 1286//1
f 1265//18 1281//1 1285//401
f 1347//89 1356//89 1355//89
f 1356//83 1365//83 1364//83
f 1485//118 1484//118 1477//118
f 1564//429 1646//429 1279//429
f 1646//429 1957//429 1559//429
f 1560//429 1958//429 1564//429
f 1559//429 1957//429 1958//429
f 1568//3 1650//3 1277//3
f 1650//3 1646//3 1558//3
f 1557//3 1564//3 1568//3
f 1646//3 1564//3 1557//3
f 1572//430 1653//430 1275//430
f 1653//430 1650//430 1562//430
f 1568//430 1572//430 1276//430
f 1650//430 1568//430 1561//430
f 1569//201 1274//201 1273//201
f 1273//201 1653//201 1566//201
f 1572//201 1274//201 1569//201
f 1653//201 1572//201 1565//201
f 1584//199 1614//199 1613//199
f 1576//199 1608//431 1607//2
f 1580//199 1610//199 1609//199
f 1573//199 1605//2 1606//1
f 1606//1 1622//199 1624//199
f 1581//199 1611//199 1610//199
f 1578//199 1618//199 1617//199
f 1574//199 1606//1 1608//431
f 1585//199 1615//199 1614//199
f 1579//199 1609//199 1612//199
f 1575//199 1607//2 1605//2
f 1583//199 1613//199 1616//199
f 1582//199 1612//199 1611//199
f 1586//199 1616//199 1615//199
f 1588//199 1620//199 1619//199
f 1605//2 1621//199 1622//199
f 1607//2 1623//199 1621//199
f 1608//431 1624//199 1623//199
f 1957//450 1646//450 1563//450
f 1648//450 1947//450 1644//450
f 1563//450 1646//450 1648//450
f 1947//450 1957//450 1643//450
f 1646//451 1650//451 1567//451
f 1652//451 1648//451 1642//451
f 1567//451 1650//451 1652//451
f 1648//451 1646//451 1641//451
f 1650//452 1653//452 1571//452
f 1655//452 1652//452 1647//452
f 1571//452 1653//452 1655//452
f 1652//452 1650//452 1645//452
f 1653//453 1273//453 1654//453
f 1265//453 1655//453 1651//453
f 1654//453 1273//453 1265//453
f 1655//453 1653//453 1649//453
f 1942//469 2286//469 1950//469
f 1942//471 1944//471 2282//471
f 1944//473 1946//473 2278//473
f 1948//475 1958//475 2278//475
f 2362//476 1947//344 1963//398
f 2366//1 2362//476 1967//1
f 2369//478 2366//1 1966//477
f 1939//315 2369//478 1965//1
f 2029//48 2038//48 2039//48
f 2038//54 2047//54 2048//54
f 2161//153 2168//153 2169//153
f 1956//497 1955//497 2360//497
f 2273//497 1957//497 2360//497
f 2274//497 1956//497 2278//497
f 2274//497 1958//497 1957//497
f 1953//301 2364//301 2282//301
f 2272//301 2360//301 2364//301
f 2271//301 1954//301 2282//301
f 2271//301 2278//301 2360//301
f 1951//498 2367//498 2286//498
f 1951//498 2276//498 2364//498
f 1952//498 2286//498 2282//498
f 2275//498 2282//498 2364//498
f 2284//350 1949//350 1950//350
f 2284//350 2280//350 2367//350
f 2283//350 1950//350 2286//350
f 2279//350 2286//350 2367//350
f 2298//199 2297//199 2327//199
f 2290//199 2289//199 2321//199
f 2294//199 2293//199 2323//199
f 2287//199 2288//199 2320//199
f 2320//199 2322//1 2338//199
f 2295//199 2294//199 2324//199
f 2292//199 2291//199 2331//199
f 2288//199 2290//199 2322//1
f 2299//199 2298//199 2328//199
f 2293//199 2296//199 2326//199
f 2289//199 2287//199 2319//2
f 2297//199 2300//199 2330//199
f 2296//199 2295//199 2325//199
f 2300//199 2299//199 2329//199
f 2302//199 2301//199 2333//199
f 2319//2 2320//199 2336//199
f 2321//199 2319//2 2335//199
f 2322//1 2321//199 2337//199
f 2277//515 2360//515 1957//515
f 2358//515 1947//515 2362//515
f 2277//515 1945//515 2362//515
f 2357//515 1957//515 1947//515
f 2281//516 2364//516 2360//516
f 2356//516 2362//516 2366//516
f 2281//516 1943//516 2366//516
f 2355//516 2360//516 2362//516
f 2285//517 2367//517 2364//517
f 1941//517 2361//517 2366//517
f 2285//517 1941//517 2369//517
f 2359//517 2364//517 2366//517
f 2368//518 1949//518 2367//518
f 2370//518 2365//518 2369//518
f 2368//518 2370//518 1939//518
f 2363//518 2367//518 2369//518
usemtl DarkMetal
f 256//1 292//1 293//1
f 267//2 302//2 299//2
f 260//3 298//3 259//3
f 12//2 287//2 289//2
f 347//4 367//4 352//4
f 1//6 363//6 365//6
f 340//8 360//8 339//8
f 5//10 357//10 358//10
f 1266//1 598//1 4//1
f 15//19 620//20 614//21
f 13//22 1296//23 23//24
f 620//2 19//2 616//2
f 24//2 20//2 21//2
f 24//2 19//2 22//2
f 1296//2 20//2 23//2
f 14//25 23//26 24//27
f 14//28 22//29 15//30
f 104//31 40//31 41//31
f 102//32 38//33 39//33
f 99//34 37//34 100//34
f 98//35 34//35 35//35
f 51//36 104//36 41//36
f 103//37 39//37 40//37
f 100//38 38//39 29//38
f 98//40 36//40 99//40
f 37//41 45//41 46//41
f 35//42 34//42 44//42
f 51//43 41//43 50//43
f 39//44 49//44 40//44
f 37//45 47//45 38//45
f 36//46 44//46 45//46
f 41//47 49//47 50//47
f 39//48 47//48 48//48
f 51//49 50//49 59//49
f 48//50 58//50 49//50
f 46//51 56//51 47//51
f 44//52 54//52 45//52
f 50//53 58//53 59//53
f 47//54 57//54 48//54
f 46//55 54//55 55//55
f 44//56 34//56 53//56
f 53//57 63//57 54//57
f 59//58 67//58 68//58
f 56//59 66//59 57//60
f 54//61 64//61 55//61
f 53//62 34//62 62//62
f 51//63 59//63 68//63
f 58//64 66//64 67//64
f 55//65 65//65 56//66
f 68//67 76//67 77//67
f 66//68 74//69 75//69
f 63//70 73//70 64//70
f 62//71 34//71 71//71
f 51//72 68//72 77//72
f 67//73 75//73 76//73
f 64//74 74//75 65//74
f 63//76 71//76 72//76
f 71//77 34//77 80//77
f 51//78 77//78 86//78
f 76//79 84//79 85//79
f 74//80 82//80 83//80
f 71//81 81//81 72//81
f 77//82 85//82 86//82
f 73//84 81//84 82//84
f 85//85 93//85 94//85
f 83//86 91//86 92//86
f 81//87 89//87 90//87
f 85//88 95//88 86//88
f 81//90 91//90 82//90
f 80//91 34//91 89//91
f 51//92 86//92 95//92
f 94//93 104//93 95//93
f 92//94 102//94 93//95
f 90//96 100//96 91//96
f 89//97 34//97 98//97
f 51//98 95//98 104//98
f 94//99 102//99 103//99
f 92//100 100//100 29//100
f 90//101 98//101 99//101
f 140//102 78//102 70//102
f 105//103 79//104 138//103
f 136//105 88//105 137//105
f 135//106 101//106 97//106
f 32//107 140//107 70//107
f 138//108 78//108 139//108
f 105//109 88//110 87//110
f 135//111 96//111 136//111
f 96//112 60//112 88//112
f 97//113 101//113 69//113
f 32//114 70//114 33//114
f 79//115 42//115 78//115
f 87//116 60//116 52//116
f 96//117 69//117 61//117
f 78//118 33//118 70//118
f 87//119 43//119 79//120
f 32//121 33//121 106//121
f 42//122 26//122 25//122
f 60//123 27//123 52//123
f 69//124 30//124 61//124
f 33//125 25//125 106//126
f 43//127 27//127 26//128
f 61//129 28//129 60//129
f 69//130 101//130 31//130
f 30//131 107//131 108//131
f 25//132 113//132 106//132
f 26//133 110//133 111//133
f 28//134 108//134 109//134
f 31//135 101//135 107//135
f 32//136 106//136 113//136
f 26//137 112//137 25//137
f 28//138 110//138 27//139
f 112//140 120//140 113//140
f 110//141 118//141 111//141
f 108//142 116//142 109//142
f 107//143 101//143 114//143
f 32//144 113//144 120//144
f 112//145 118//145 119//145
f 109//146 117//146 110//146
f 108//147 114//147 115//147
f 114//148 101//148 121//148
f 32//149 120//149 127//149
f 119//150 125//150 126//150
f 116//151 124//151 117//151
f 114//152 122//152 115//152
f 119//153 127//153 120//153
f 117//154 125//154 118//154
f 115//155 123//155 116//155
f 126//156 132//156 133//156
f 123//157 131//157 124//157
f 122//158 128//158 129//158
f 126//159 134//159 127//159
f 124//160 132//160 125//160
f 122//161 130//161 123//161
f 121//162 101//162 128//162
f 32//163 127//163 134//163
f 133//164 140//164 134//164
f 131//165 138//166 132//165
f 129//167 137//167 130//167
f 128//168 101//168 135//168
f 32//169 134//169 140//169
f 132//170 139//170 133//170
f 131//171 137//172 105//172
f 129//173 135//173 136//173
f 198//47 156//47 155//47
f 163//174 157//48 196//174
f 195//41 160//41 159//41
f 193//42 162//42 161//42
f 147//43 198//43 155//43
f 197//44 157//44 156//44
f 163//175 159//175 158//175
f 194//46 161//46 160//46
f 160//55 152//55 159//55
f 161//56 162//56 154//56
f 147//49 155//49 148//49
f 156//50 150//50 149//50
f 158//51 152//51 151//51
f 161//52 153//52 160//52
f 156//53 148//53 155//53
f 158//54 150//54 157//54
f 147//63 148//63 164//63
f 149//64 142//64 141//64
f 152//65 143//65 151//65
f 153//57 146//57 145//57
f 148//58 141//58 164//58
f 151//59 142//59 150//59
f 153//61 144//61 152//61
f 154//62 162//62 146//62
f 145//76 165//76 166//76
f 141//67 171//67 164//67
f 142//68 168//68 169//68
f 144//70 166//70 167//70
f 146//71 162//71 165//71
f 147//72 164//72 171//72
f 142//73 170//73 141//73
f 144//74 168//74 143//74
f 170//82 178//82 171//82
f 169//83 175//83 176//83
f 167//84 173//84 174//84
f 165//77 162//77 172//77
f 147//78 171//78 178//78
f 170//79 176//79 177//79
f 167//80 175//80 168//80
f 166//81 172//81 173//81
f 172//91 162//91 179//91
f 147//92 178//92 185//92
f 176//85 184//85 177//85
f 175//86 181//86 182//86
f 173//87 179//87 180//87
f 177//88 185//88 178//88
f 175//89 183//89 176//89
f 173//90 181//90 174//90
f 183//99 191//99 184//99
f 182//100 188//100 189//176
f 179//101 187//101 180//101
f 185//93 191//93 192//93
f 182//94 190//94 183//94
f 180//96 188//96 181//96
f 179//97 162//97 186//97
f 147//98 185//98 192//98
f 191//31 198//31 192//31
f 190//32 163//32 196//32
f 188//34 194//34 195//34
f 186//35 162//35 193//35
f 147//36 192//36 198//36
f 190//37 197//37 191//37
f 188//38 163//38 189//38
f 186//40 194//40 187//40
f 226//102 205//102 206//177
f 199//103 204//103 224//103
f 223//105 201//105 202//105
f 221//178 798//178 200//178
f 813//179 226//179 206//179
f 224//108 205//108 225//108
f 199//109 202//109 203//109
f 221//180 201//180 222//180
f 201//112 209//112 202//112
f 200//181 798//181 207//181
f 205//115 211//115 212//115
f 203//116 209//116 210//116
f 201//117 207//117 208//117
f 204//119 210//119 211//119
f 813//183 213//183 220//183
f 212//122 218//122 219//122
f 210//123 216//123 217//123
f 207//124 215//124 208//124
f 213//125 219//125 220//125
f 210//127 218//127 211//127
f 208//129 216//129 209//129
f 207//184 798//184 214//184
f 214//131 822//131 215//131
f 220//132 826//132 827//132
f 218//133 824//133 825//133
f 215//134 823//134 216//134
f 214//135 798//135 821//135
f 219//137 825//137 826//137
f 216//138 824//138 217//139
f 847//164 226//164 848//164
f 845//166 224//166 846//165
f 844//167 222//167 223//167
f 842//168 798//168 221//168
f 813//169 848//169 226//169
f 846//170 225//170 847//170
f 845//172 223//172 199//172
f 843//173 221//173 222//173
f 1555//118 240//185 1556//185
f 1521//119 242//119 1554//119
f 1553//112 245//112 244//112
f 1551//113 1520//113 246//113
f 1505//114 1556//114 240//114
f 1554//115 241//115 1555//115
f 1521//116 244//116 243//116
f 1552//117 246//186 245//117
f 245//129 237//129 244//129
f 246//187 1520//187 239//187
f 1505//188 240//188 233//188
f 242//122 234//122 241//122
f 243//123 237//123 236//123
f 245//124 239//124 238//124
f 241//125 233//125 240//125
f 243//127 235//127 242//127
f 1505//189 233//189 247//189
f 234//137 228//137 227//137
f 237//138 229//138 236//138
f 238//131 232//131 231//131
f 234//132 247//132 233//132
f 235//133 229//133 228//133
f 238//134 230//134 237//134
f 239//190 1520//190 232//190
f 232//147 249//147 231//147
f 227//140 254//140 247//140
f 229//141 252//141 228//141
f 230//142 249//142 250//142
f 232//191 1520//191 248//191
f 1505//192 247//192 254//192
f 227//145 252//145 253//145
f 230//146 251//146 229//146
f 254//153 1535//153 1536//153
f 252//193 1533//193 1534//154
f 249//155 1532//155 250//155
f 248//148 1520//148 1530//148
f 1505//149 254//149 1536//149
f 253//150 1534//150 1535//150
f 250//194 1533//194 251//194
f 248//152 1531//152 249//152
f 12//200 290//200 11//200
f 257//201 287//201 258//201
f 11//1 288//1 257//1
f 8//202 296//202 7//202
f 263//3 301//3 302//3
f 255//2 291//2 10//2
f 7//1 297//1 260//1
f 256//3 294//3 255//3
f 8//2 298//2 295//2
f 268//1 301//1 264//1
f 10//202 292//202 9//202
f 267//202 300//202 268//202
f 271//195 288//195 272//195
f 274//195 289//195 273//195
f 272//195 290//195 274//195
f 271//195 289//195 287//195
f 277//196 292//196 291//196
f 279//196 292//196 278//196
f 280//196 291//196 294//196
f 280//196 293//196 279//196
f 282//197 295//197 281//197
f 283//197 296//197 282//197
f 281//197 298//197 284//197
f 284//197 297//197 283//197
f 276//198 299//198 275//198
f 285//198 300//198 276//198
f 275//198 302//198 286//198
f 286//198 301//198 285//198
f 317//203 338//203 318//203
f 313//204 334//204 314//204
f 307//205 328//205 308//205
f 285//199 316//199 317//199
f 275//199 318//199 315//199
f 319//206 325//206 321//206
f 325//195 324//195 326//195
f 322//207 325//207 326//207
f 320//208 326//208 324//208
f 320//209 323//209 319//209
f 327//196 329//196 328//196
f 309//210 330//210 310//210
f 308//211 329//211 309//211
f 310//212 327//212 307//212
f 331//197 333//197 332//197
f 313//213 332//213 333//213
f 311//214 334//214 331//214
f 311//215 332//215 312//215
f 335//198 337//198 336//198
f 317//216 336//216 337//216
f 318//217 335//217 315//217
f 315//218 336//218 316//218
f 341//223 357//223 261//223
f 342//224 355//224 341//224
f 342//225 358//226 356//225
f 340//227 361//227 362//227
f 3//228 359//228 361//228
f 339//229 359//229 265//229
f 343//230 363//231 269//231
f 345//232 364//232 343//232
f 345//233 365//233 366//233
f 349//234 369//234 347//234
f 354//235 370//235 349//235
f 354//236 367//236 368//236
f 884//1 920//1 601//1
f 895//2 930//2 891//2
f 926//301 888//301 887//301
f 917//2 886//2 604//2
f 980//302 997//302 975//302
f 591//304 991//304 897//304
f 988//306 968//306 967//306
f 595//308 985//308 889//308
f 594//1 598//1 1940//1
f 620//317 609//318 614//319
f 607//320 1979//321 1969//322
f 620//2 615//2 619//2
f 622//2 617//2 621//2
f 615//2 622//2 619//2
f 617//2 1979//2 621//2
f 608//323 621//324 607//325
f 619//326 608//327 609//328
f 639//93 701//93 702//93
f 637//94 627//94 700//94
f 698//96 634//96 697//96
f 696//97 633//97 632//97
f 649//98 639//98 702//98
f 638//99 700//99 701//99
f 636//100 698//100 627//100
f 634//101 696//101 697//101
f 644//90 634//90 635//90
f 633//91 642//91 632//91
f 649//92 648//92 639//92
f 647//85 637//85 638//85
f 645//86 635//86 636//86
f 634//87 642//87 633//87
f 648//88 638//88 639//88
f 637//89 645//89 636//89
f 649//78 657//78 648//78
f 656//79 646//79 647//79
f 654//80 644//80 645//80
f 643//81 651//81 642//81
f 648//82 656//82 647//82
f 646//83 654//83 645//83
f 653//84 643//84 644//84
f 642//77 651//77 632//77
f 661//76 651//76 652//76
f 657//67 665//67 656//67
f 664//68 654//68 655//68
f 653//70 661//70 652//70
f 651//71 660//71 632//71
f 649//72 666//72 657//72
f 665//73 655//73 656//73
f 663//74 653//75 654//75
f 675//58 665//58 666//58
f 673//59 663//59 664//59
f 671//61 661//61 662//61
f 660//62 669//62 632//62
f 649//63 675//63 666//63
f 674//64 664//64 665//64
f 672//65 662//65 663//65
f 661//57 669//57 660//57
f 669//56 678//56 632//56
f 649//49 684//49 675//49
f 683//50 673//50 674//50
f 681//51 671//51 672//51
f 679//52 669//52 670//52
f 675//53 683//53 674//53
f 671//55 679//55 670//55
f 683//44 691//44 682//44
f 690//45 680//45 681//45
f 679//46 687//46 678//46
f 693//47 683//47 684//47
f 689//41 679//41 680//41
f 678//42 687//42 632//42
f 649//43 693//43 684//43
f 702//31 692//31 693//31
f 700//32 690//32 691//32
f 698//34 688//34 689//34
f 687//35 696//35 632//35
f 649//36 702//36 693//36
f 701//37 691//37 692//37
f 690//38 698//38 689//38
f 688//40 696//40 687//40
f 738//159 676//159 737//159
f 677//160 703//160 736//160
f 735//161 694//161 734//161
f 733//162 695//162 699//162
f 630//163 668//163 738//163
f 737//156 677//156 736//156
f 703//157 686//157 735//157
f 694//158 733//158 734//158
f 658//155 694//155 686//155
f 695//148 667//148 699//148
f 630//149 631//149 668//149
f 676//150 641//150 677//150
f 650//151 686//151 685//329
f 694//152 667//152 695//152
f 631//153 676//153 668//153
f 641//154 685//154 677//330
f 630//144 704//144 631//144
f 640//145 624//145 641//145
f 625//146 658//146 650//146
f 628//147 667//147 659//147
f 631//140 623//140 640//140
f 641//141 625//141 650//141
f 626//142 659//142 658//142
f 667//143 629//143 699//143
f 628//131 705//131 629//131
f 704//132 710//132 623//132
f 624//133 708//331 625//133
f 626//134 706//134 628//134
f 629//135 705//135 699//135
f 630//136 711//136 704//136
f 710//137 624//137 623//137
f 708//139 626//138 625//138
f 718//126 710//126 711//125
f 709//127 715//127 708//127
f 714//129 706//129 707//129
f 705//130 712//130 699//130
f 630//121 718//121 711//121
f 710//122 716//122 709//122
f 715//123 707//123 708//123
f 706//332 712//332 705//124
f 712//113 719//113 699//113
f 630//114 725//114 718//114
f 717//115 723//115 716//115
f 722//116 714//116 715//333
f 720//117 712//117 713//117
f 725//118 717//118 718//118
f 716//334 722//119 715//334
f 721//112 713//112 714//112
f 731//108 723//108 724//108
f 729//109 721//109 722//109
f 727//180 719//180 720//180
f 732//102 724//102 725//102
f 723//103 729//103 722//103
f 721//105 727//105 720//105
f 719//106 726//106 699//106
f 630//107 732//107 725//107
f 732//164 737//164 731//164
f 736//166 729//166 730//166
f 735//167 727//167 728//167
f 726//168 733//168 699//168
f 630//169 738//169 732//169
f 737//170 730//170 731//170
f 703//172 728//172 729//172
f 727//173 733//173 726//173
f 753//88 795//88 796//88
f 755//89 761//89 794//89
f 757//90 792//90 793//90
f 791//91 759//91 760//91
f 745//92 753//92 796//92
f 754//85 794//85 795//85
f 761//86 757//86 793//86
f 792//87 759//87 791//87
f 750//84 758//84 757//84
f 759//77 752//77 760//77
f 745//78 746//78 753//78
f 754//79 748//79 755//79
f 756//80 750//80 757//80
f 751//81 759//81 758//81
f 753//82 747//82 754//82
f 748//83 756//83 755//83
f 745//72 762//72 746//72
f 747//73 740//73 748//73
f 749//74 742//74 750//74
f 743//76 752//76 751//76
f 762//67 747//67 746//67
f 740//68 749//68 748//68
f 742//70 751//70 750//70
f 752//71 744//71 760//71
f 743//57 763//57 744//57
f 769//58 739//58 762//58
f 767//59 741//59 740//59
f 765//61 743//61 742//61
f 744//62 763//62 760//62
f 745//63 769//63 762//63
f 768//64 740//64 739//64
f 741//65 765//65 742//65
f 776//53 768//53 769//53
f 767//54 773//54 766//54
f 772//55 764//55 765//55
f 763//56 770//56 760//56
f 745//49 776//49 769//49
f 768//50 774//50 767//50
f 773//51 765//51 766//51
f 764//52 770//52 763//52
f 770//42 777//42 760//42
f 745//43 783//43 776//43
f 782//44 774//44 775//44
f 773//45 779//45 772//45
f 771//46 777//46 770//46
f 783//47 775//47 776//47
f 781//48 773//48 774//48
f 772//41 778//41 771//41
f 789//37 781//37 782//37
f 780//38 786//39 779//38
f 785//40 777//40 778//40
f 790//31 782//31 783//31
f 788//32 780//32 781//32
f 779//34 785//34 778//34
f 777//35 784//35 760//35
f 745//36 790//36 783//36
f 790//93 795//93 789//93
f 794//94 787//94 788//335
f 786//96 792//96 785//96
f 784//97 791//97 760//97
f 745//98 796//98 790//98
f 795//99 788//99 789//99
f 787//100 793//100 786//176
f 792//101 784//101 785//101
f 805//159 853//159 854//159
f 803//160 797//160 852//160
f 801//161 850//161 851//161
f 849//336 799//336 798//336
f 813//337 805//337 854//337
f 853//156 803//156 852//156
f 797//157 801//157 851//157
f 850//158 799//158 849//158
f 808//155 800//155 801//155
f 799//338 806//338 798//338
f 804//150 810//150 803//150
f 802//151 808//151 801//151
f 800//152 806//152 799//152
f 810//154 802//154 803//154
f 813//340 820//340 812//340
f 811//145 818//145 810//145
f 817//146 808//341 809//341
f 807//147 814//147 806//147
f 820//140 811//140 812//140
f 818//342 809//141 810//141
f 816//142 807//142 808//142
f 806//343 814//343 798//343
f 822//131 814//131 815//131
f 820//132 826//132 819//132
f 818//133 824//133 817//133
f 823//134 815//134 816//134
f 814//135 821//135 798//135
f 819//137 825//137 818//137
f 824//138 816//138 817//138
f 827//344 833//344 826//344
f 825//344 831//344 824//344
f 830//344 822//344 823//344
f 821//344 828//344 798//344
f 813//344 834//344 827//344
f 826//344 832//344 825//344
f 831//344 823//344 824//344
f 829//344 821//344 822//344
f 828//344 835//344 798//344
f 813//344 841//344 834//344
f 840//344 832//344 833//344
f 838//344 830//344 831//344
f 829//344 835//344 828//344
f 841//344 833//344 834//344
f 839//344 831//344 832//344
f 837//344 829//344 830//344
f 847//344 839//344 840//344
f 838//344 844//344 837//344
f 836//344 842//344 835//344
f 848//344 840//344 841//344
f 846//344 838//344 839//344
f 837//344 843//344 836//344
f 835//344 842//344 798//344
f 813//344 848//344 841//344
f 854//164 847//164 848//164
f 852//345 845//345 846//345
f 844//167 850//167 843//167
f 842//168 849//168 798//168
f 813//169 854//169 848//169
f 853//170 846//170 847//170
f 845//346 851//346 844//346
f 843//173 849//173 842//173
f 868//153 2268//153 2269//153
f 870//193 2234//193 2267//154
f 2266//155 873//155 2265//155
f 2264//148 874//148 2233//148
f 2218//149 868//149 2269//149
f 869//150 2267//150 2268//150
f 2234//194 872//194 2266//151
f 2265//152 874//152 2264//152
f 865//142 873//142 872//142
f 874//191 867//191 2233//191
f 2218//192 861//192 868//192
f 869//145 863//145 870//145
f 871//146 865//146 872//146
f 873//147 867//147 874//147
f 861//140 869//140 868//140
f 863//141 871//141 870//141
f 2218//189 875//189 861//189
f 855//137 863//137 862//137
f 864//138 858//138 865//138
f 859//131 867//131 866//131
f 861//132 855//132 862//132
f 856//133 864//133 863//133
f 858//134 866//134 865//134
f 867//190 860//190 2233//190
f 859//124 876//124 860//124
f 882//125 855//125 875//125
f 880//127 857//128 856//128
f 858//129 877//129 859//129
f 860//187 876//187 2233//187
f 2218//188 882//188 875//188
f 881//122 856//122 855//122
f 857//123 878//123 858//347
f 882//118 2248//118 881//118
f 880//119 2246//119 879//119
f 2245//112 877//112 878//112
f 876//113 2243//113 2233//113
f 2218//114 2249//114 882//114
f 881//115 2247//115 880//115
f 2246//116 878//116 879//116
f 2244//117 876//117 877//117
f 918//198 604//198 603//198
f 915//350 885//350 886//350
f 885//1 918//1 603//1
f 924//196 600//196 599//196
f 930//301 892//301 891//301
f 919//2 883//2 602//2
f 925//1 599//1 888//1
f 922//301 884//301 883//301
f 923//2 887//2 600//2
f 929//1 896//1 892//1
f 920//196 602//196 601//196
f 928//196 895//196 896//196
f 900//348 915//348 899//348
f 917//348 902//348 901//348
f 902//348 916//348 900//348
f 915//348 901//348 899//348
f 919//202 906//202 905//202
f 920//202 907//202 906//202
f 908//202 919//202 905//202
f 921//202 908//202 907//202
f 923//349 910//349 909//349
f 910//349 925//349 911//349
f 912//349 923//349 909//349
f 925//349 912//349 911//349
f 903//200 928//200 904//200
f 904//200 929//200 913//200
f 930//200 903//200 914//200
f 929//200 914//200 913//200
f 946//352 965//352 945//352
f 962//353 941//353 942//353
f 956//354 935//354 936//354
f 913//199 944//199 904//199
f 903//199 946//199 914//199
f 949//355 951//355 947//355
f 952//348 953//348 954//348
f 950//356 953//356 949//356
f 952//357 950//357 948//357
f 951//358 948//358 947//358
f 957//202 955//202 956//202
f 958//359 937//359 938//359
f 937//360 956//360 936//360
f 955//361 938//361 935//361
f 961//349 959//349 960//349
f 941//362 960//362 940//362
f 959//363 942//363 939//363
f 960//364 939//364 940//364
f 965//200 963//200 964//200
f 945//365 964//366 944//366
f 963//367 946//368 943//367
f 964//369 943//369 944//369
f 985//374 969//375 889//374
f 983//376 970//376 969//376
f 984//377 595//377 970//377
f 968//378 989//378 593//378
f 593//379 987//379 893//379
f 893//380 988//381 967//381
f 897//382 992//382 971//382
f 992//383 973//383 971//383
f 973//384 993//384 591//384
f 997//385 977//385 975//385
f 998//386 982//386 977//386
f 982//387 995//387 980//387
f 1558//1 1594//1 1277//1
f 1569//2 1604//2 1565//2
f 1600//196 1562//196 1561//196
f 1591//2 1560//2 1280//2
f 1654//388 1671//389 1649//389
f 1267//391 1665//391 1571//391
f 1662//393 1642//393 1641//393
f 1271//395 1659//395 1563//395
f 1270//1 1948//1 1266//1
f 1976//402 1284//403 1968//404
f 1282//405 1296//406 1288//407
f 1976//2 1289//2 1293//2
f 1295//2 1290//2 1294//2
f 1289//2 1295//2 1293//2
f 1290//2 1296//2 1294//2
f 1283//408 1294//409 1282//410
f 1293//411 1283//412 1284//413
f 1313//58 1375//58 1376//58
f 1311//59 1301//59 1374//59
f 1372//61 1308//61 1371//61
f 1370//62 1307//62 1306//62
f 1323//63 1313//63 1376//63
f 1312//64 1374//64 1375//64
f 1310//65 1372//65 1301//65
f 1308//57 1370//57 1371//57
f 1309//55 1317//55 1308//55
f 1307//56 1316//56 1306//56
f 1323//49 1322//49 1313//49
f 1321//50 1311//50 1312//50
f 1319//51 1309//51 1310//51
f 1308//52 1316//52 1307//52
f 1322//53 1312//53 1313//53
f 1320//54 1310//54 1311//54
f 1323//43 1331//43 1322//43
f 1330//44 1320//44 1321//44
f 1328//45 1318//45 1319//45
f 1326//46 1316//46 1317//46
f 1331//47 1321//47 1322//47
f 1329//48 1319//48 1320//48
f 1327//41 1317//41 1318//41
f 1316//42 1325//42 1306//42
f 1335//40 1325//40 1326//40
f 1331//31 1339//31 1330//31
f 1329//32 1337//32 1328//33
f 1327//34 1335//34 1326//34
f 1325//35 1334//35 1306//35
f 1323//36 1340//36 1331//36
f 1339//37 1329//37 1330//37
f 1337//38 1327//39 1328//39
f 1349//93 1339//93 1340//93
f 1347//94 1337//94 1338//94
f 1345//96 1335//96 1336//96
f 1334//97 1343//97 1306//97
f 1323//98 1349//98 1340//98
f 1348//99 1338//99 1339//99
f 1346//100 1336//100 1337//100
f 1335//101 1343//101 1334//101
f 1343//91 1352//91 1306//91
f 1323//92 1358//92 1349//92
f 1357//85 1347//85 1348//85
f 1355//86 1345//86 1346//86
f 1353//87 1343//87 1344//87
f 1349//88 1357//88 1348//88
f 1345//90 1353//90 1344//90
f 1357//79 1365//79 1356//79
f 1364//80 1354//80 1355//80
f 1353//81 1361//81 1352//81
f 1367//82 1357//82 1358//82
f 1363//84 1353//84 1354//84
f 1352//77 1361//77 1306//77
f 1323//78 1367//78 1358//78
f 1376//67 1366//67 1367//67
f 1374//68 1364//68 1365//68
f 1372//70 1362//70 1363//70
f 1361//71 1370//71 1306//71
f 1323//72 1376//72 1367//72
f 1366//73 1374//73 1365//73
f 1364//74 1372//74 1363//74
f 1362//76 1370//76 1361//76
f 1412//125 1350//125 1411//125
f 1351//127 1377//127 1410//127
f 1360//129 1408//129 1409//129
f 1407//130 1369//130 1373//130
f 1304//121 1342//121 1412//121
f 1411//122 1351//122 1410//122
f 1377//123 1360//123 1409//123
f 1368//124 1407//124 1408//124
f 1332//112 1368//112 1360//112
f 1369//113 1341//113 1373//113
f 1304//114 1305//114 1342//114
f 1350//115 1315//115 1351//115
f 1324//116 1360//116 1359//414
f 1368//117 1341//117 1369//117
f 1305//118 1350//118 1342//118
f 1351//119 1324//119 1359//120
f 1304//107 1378//107 1305//107
f 1314//108 1298//108 1315//108
f 1299//109 1332//109 1324//109
f 1302//180 1341//180 1333//180
f 1305//102 1297//102 1314//102
f 1315//103 1299//103 1324//103
f 1300//105 1333//105 1332//105
f 1341//106 1303//106 1373//106
f 1380//173 1303//173 1302//173
f 1378//164 1384//164 1297//164
f 1298//166 1382//165 1299//166
f 1300//167 1380//167 1302//167
f 1303//168 1379//168 1373//168
f 1304//169 1385//169 1378//169
f 1384//170 1298//170 1297//170
f 1382//171 1300//172 1299//172
f 1392//415 1384//415 1385//159
f 1383//160 1389//160 1382//160
f 1388//161 1380//161 1381//161
f 1379//162 1386//162 1373//162
f 1304//163 1392//163 1385//163
f 1384//156 1390//156 1383//156
f 1389//157 1381//157 1382//157
f 1380//416 1386//416 1379//158
f 1386//148 1393//148 1373//148
f 1304//149 1399//149 1392//149
f 1398//150 1390//150 1391//150
f 1396//151 1388//151 1389//194
f 1387//152 1393//152 1386//152
f 1399//153 1391//153 1392//153
f 1390//154 1396//154 1389//154
f 1388//155 1394//155 1387//155
f 1405//145 1397//145 1398//145
f 1403//146 1395//146 1396//146
f 1394//147 1400//147 1393//147
f 1399//140 1405//140 1398//140
f 1397//141 1403//141 1396//141
f 1395//142 1401//142 1394//142
f 1393//143 1400//143 1373//143
f 1304//144 1406//144 1399//144
f 1406//132 1411//132 1405//132
f 1404//133 1377//133 1403//133
f 1402//134 1408//134 1401//134
f 1400//135 1407//135 1373//135
f 1304//136 1412//136 1406//136
f 1411//137 1404//137 1405//137
f 1377//138 1402//138 1403//138
f 1401//131 1407//131 1400//131
f 1427//53 1469//53 1470//53
f 1429//54 1435//54 1468//54
f 1467//55 1432//55 1466//55
f 1465//56 1433//56 1434//56
f 1419//49 1427//49 1470//49
f 1469//50 1429//50 1468//50
f 1435//51 1431//51 1467//51
f 1466//52 1433//52 1465//52
f 1424//41 1432//41 1431//41
f 1433//42 1426//42 1434//42
f 1419//43 1420//43 1427//43
f 1428//44 1422//44 1429//44
f 1430//45 1424//45 1431//45
f 1425//46 1433//46 1432//46
f 1427//47 1421//47 1428//47
f 1422//48 1430//48 1429//48
f 1419//36 1436//36 1420//36
f 1421//37 1414//37 1422//37
f 1423//38 1416//38 1424//38
f 1417//40 1426//40 1425//40
f 1420//31 1413//31 1421//31
f 1414//32 1423//32 1422//32
f 1416//34 1425//34 1424//34
f 1426//35 1418//35 1434//35
f 1417//101 1437//101 1418//101
f 1443//93 1413//93 1436//93
f 1441//94 1415//94 1414//94
f 1439//96 1417//96 1416//96
f 1418//97 1437//97 1434//97
f 1419//98 1443//98 1436//98
f 1442//99 1414//99 1413//99
f 1415//100 1439//100 1416//100
f 1450//88 1442//88 1443//88
f 1441//89 1447//89 1440//89
f 1446//90 1438//90 1439//90
f 1437//91 1444//91 1434//91
f 1419//92 1450//92 1443//92
f 1449//85 1441//85 1442//85
f 1447//86 1439//86 1440//86
f 1438//87 1444//87 1437//87
f 1444//77 1451//77 1434//77
f 1419//78 1457//78 1450//78
f 1456//79 1448//79 1449//79
f 1447//80 1453//80 1446//80
f 1445//81 1451//81 1444//81
f 1457//82 1449//82 1450//82
f 1455//83 1447//83 1448//83
f 1453//84 1445//84 1446//84
f 1463//73 1455//73 1456//73
f 1454//74 1460//75 1453//74
f 1452//76 1458//76 1451//76
f 1457//67 1463//67 1456//67
f 1462//68 1454//68 1455//68
f 1460//70 1452//70 1453//70
f 1451//71 1458//71 1434//71
f 1419//72 1464//72 1457//72
f 1464//58 1469//58 1463//58
f 1462//59 1435//59 1461//60
f 1460//61 1466//61 1459//61
f 1458//62 1465//62 1434//62
f 1419//63 1470//63 1464//63
f 1469//64 1462//64 1463//64
f 1435//65 1460//65 1461//417
f 1466//57 1458//57 1459//57
f 1478//125 1497//125 1498//125
f 1476//127 1471//127 1496//127
f 1474//129 1494//129 1495//129
f 1493//184 1472//184 2155//184
f 2170//183 1478//183 1498//183
f 1497//122 1476//122 1496//122
f 1471//123 1474//123 1495//123
f 1494//124 1472//124 1493//124
f 1481//112 1473//112 1474//112
f 1472//181 1479//181 2155//181
f 1484//115 1476//115 1477//115
f 1475//116 1481//116 1474//116
f 1473//117 1479//117 1472//117
f 1483//119 1475//119 1476//119
f 2170//179 1492//179 1485//179
f 1484//108 1490//108 1483//108
f 1489//109 1481//110 1482//110
f 1480//180 1486//180 1479//180
f 1492//102 1484//102 1485//102
f 1483//104 1489//103 1482//104
f 1488//105 1480//105 1481//105
f 1479//178 1486//178 2155//178
f 2179//173 1486//173 1487//173
f 1492//164 2183//164 1491//164
f 1490//166 2181//166 1489//166
f 2180//167 1487//167 1488//167
f 1486//168 2178//168 2155//168
f 1491//170 2182//170 1490//170
f 2181//172 1488//172 1489//172
f 1498//132 2204//132 2205//132
f 1496//418 2202//418 2203//418
f 2201//134 1494//134 2200//134
f 2199//135 1493//135 2155//135
f 2170//136 1498//136 2205//136
f 1497//137 2203//137 2204//137
f 2202//419 1495//419 2201//419
f 2200//131 1493//131 2199//131
f 1513//118 1555//118 1556//118
f 1515//334 1521//334 1554//119
f 1553//112 1518//112 1552//112
f 1551//113 1519//113 1520//113
f 1505//114 1513//114 1556//114
f 1514//115 1554//115 1555//115
f 1521//333 1517//333 1553//116
f 1552//117 1519//117 1551//117
f 1510//105 1518//105 1517//105
f 1519//420 1512//420 1520//420
f 1505//421 1506//421 1513//421
f 1514//108 1508//108 1515//108
f 1516//109 1510//109 1517//109
f 1518//180 1512//180 1519//180
f 1506//102 1514//102 1513//102
f 1508//103 1516//103 1515//103
f 1505//422 1522//422 1506//422
f 1507//170 1500//170 1508//170
f 1509//172 1502//172 1510//172
f 1503//173 1512//173 1511//173
f 1506//164 1499//164 1507//164
f 1500//166 1509//166 1508//166
f 1502//167 1511//167 1510//167
f 1512//423 1504//423 1520//423
f 1503//158 1523//158 1504//158
f 1529//159 1499//159 1522//159
f 1527//160 1501//424 1500//424
f 1525//161 1503//161 1502//161
f 1504//425 1523//425 1520//425
f 1505//426 1529//426 1522//426
f 1528//156 1500//156 1499//156
f 1501//427 1525//157 1502//427
f 1529//153 1535//153 1528//153
f 1527//154 1533//154 1526//154
f 1532//155 1524//155 1525//155
f 1523//148 1530//148 1520//148
f 1505//149 1536//149 1529//149
f 1528//150 1534//150 1527//150
f 1533//151 1525//151 1526//151
f 1531//152 1523//152 1524//152
f 1530//428 1537//428 1520//428
f 1505//428 1543//428 1536//428
f 1535//428 1541//428 1534//428
f 1540//428 1532//428 1533//428
f 1538//428 1530//428 1531//428
f 1536//428 1542//428 1535//428
f 1534//428 1540//428 1533//428
f 1539//428 1531//428 1532//428
f 1542//428 1548//428 1541//428
f 1540//428 1546//428 1539//428
f 1545//428 1537//428 1538//428
f 1543//428 1549//428 1542//428
f 1548//428 1540//428 1541//428
f 1546//428 1538//428 1539//428
f 1537//428 1544//428 1520//428
f 1505//428 1550//428 1543//428
f 1556//428 1549//428 1550//428
f 1554//428 1547//428 1548//428
f 1546//428 1552//428 1545//428
f 1544//428 1551//428 1520//428
f 1505//428 1556//428 1550//428
f 1555//428 1548//428 1549//428
f 1547//428 1553//428 1546//428
f 1545//428 1551//428 1544//428
f 1592//350 1280//350 1279//350
f 1589//198 1559//198 1560//198
f 1559//1 1592//1 1279//1
f 1598//301 1276//301 1275//301
f 1604//196 1566//196 1565//196
f 1593//2 1557//2 1278//2
f 1599//1 1275//1 1562//1
f 1596//196 1558//196 1557//196
f 1597//2 1561//2 1276//2
f 1603//1 1570//1 1566//1
f 1594//301 1278//301 1277//301
f 1602//301 1569//301 1570//301
f 1590//429 1573//429 1574//429
f 1591//429 1576//429 1575//429
f 1592//429 1574//429 1576//429
f 1589//429 1575//429 1573//429
f 1593//3 1580//3 1579//3
f 1594//3 1581//3 1580//3
f 1596//3 1579//3 1582//3
f 1595//3 1582//3 1581//3
f 1597//430 1584//430 1583//430
f 1584//430 1599//430 1585//430
f 1586//430 1597//430 1583//430
f 1599//430 1586//430 1585//430
f 1601//201 1578//201 1577//201
f 1602//201 1587//201 1578//201
f 1604//201 1577//201 1588//201
f 1603//201 1588//201 1587//201
f 1640//432 1619//432 1620//432
f 1636//433 1615//433 1616//433
f 1630//434 1609//434 1610//434
f 1587//199 1618//199 1578//199
f 1577//199 1620//199 1588//199
f 1623//435 1625//435 1621//435
f 1626//429 1627//429 1628//429
f 1628//436 1623//436 1624//436
f 1626//437 1624//437 1622//437
f 1625//438 1622//438 1621//438
f 1631//3 1629//3 1630//3
f 1632//439 1611//439 1612//439
f 1611//440 1630//440 1610//440
f 1629//441 1612//441 1609//441
f 1635//430 1633//430 1634//430
f 1635//442 1614//442 1615//442
f 1633//443 1616//443 1613//443
f 1634//444 1613//444 1614//444
f 1638//201 1640//201 1637//201
f 1619//445 1638//446 1618//446
f 1637//447 1620//448 1617//447
f 1638//449 1617//449 1618//449
f 1659//454 1643//455 1563//454
f 1657//456 1644//456 1643//456
f 1658//457 1271//457 1644//457
f 1664//458 1269//458 1642//458
f 1269//459 1661//459 1567//459
f 1661//460 1641//461 1567//460
f 1571//462 1666//462 1645//462
f 1666//463 1647//463 1645//463
f 1647//464 1667//464 1267//464
f 1671//465 1651//465 1649//465
f 1672//466 1656//466 1651//466
f 1656//467 1669//467 1654//467
f 2272//1 2308//1 2309//1
f 2283//2 2318//2 2315//2
f 2276//202 2314//202 2275//202
f 1956//2 2303//2 2305//2
f 2363//468 2383//468 2368//468
f 1941//470 2379//470 2381//470
f 2356//472 2376//472 2355//472
f 1945//474 2373//474 2374//474
f 1940//1 1948//1 1944//1
f 1962//479 1976//480 1968//481
f 1960//482 1979//483 1977//484
f 1976//2 1970//2 1971//2
f 1978//2 1972//2 1973//2
f 1978//2 1970//2 1975//2
f 1979//2 1972//2 1977//2
f 1961//485 1977//486 1978//487
f 1961//488 1975//489 1962//490
f 2059//67 1995//67 1996//67
f 2057//68 1993//69 1994//69
f 2054//70 1992//70 2055//70
f 2053//71 1989//71 1990//71
f 2006//72 2059//72 1996//72
f 2058//73 1994//73 1995//73
f 2055//74 1993//75 1984//74
f 2054//76 1990//76 1991//76
f 1992//84 2000//84 2001//84
f 1990//77 1989//77 1999//77
f 2006//78 1996//78 2005//78
f 1994//79 2004//79 1995//79
f 1992//80 2002//80 1993//80
f 1991//81 1999//81 2000//81
f 1996//82 2004//82 2005//82
f 1993//83 2003//83 1994//83
f 2006//92 2005//92 2014//92
f 2003//85 2013//85 2004//85
f 2001//86 2011//86 2002//86
f 1999//87 2009//87 2000//87
f 2005//88 2013//88 2014//88
f 2002//89 2012//89 2003//89
f 2001//90 2009//90 2010//90
f 1999//91 1989//91 2008//91
f 2008//101 2018//101 2009//101
f 2013//93 2023//93 2014//93
f 2011//94 2021//94 2012//94
f 2009//96 2019//96 2010//96
f 2008//97 1989//97 2017//97
f 2006//98 2014//98 2023//98
f 2013//99 2021//99 2022//99
f 2010//100 2020//100 2011//176
f 2023//31 2031//31 2032//31
f 2020//32 2030//33 2021//32
f 2018//34 2028//34 2019//34
f 2017//35 1989//35 2026//35
f 2006//36 2023//36 2032//36
f 2022//37 2030//37 2031//37
f 2019//38 2029//39 2020//38
f 2018//40 2026//40 2027//40
f 2026//42 1989//42 2035//42
f 2006//43 2032//43 2041//43
f 2031//44 2039//44 2040//44
f 2029//45 2037//45 2038//45
f 2026//46 2036//46 2027//46
f 2032//47 2040//47 2041//47
f 2028//41 2036//41 2037//41
f 2039//50 2049//50 2040//50
f 2038//51 2046//51 2047//51
f 2036//52 2044//52 2045//52
f 2040//53 2050//53 2041//53
f 2036//55 2046//55 2037//55
f 2035//56 1989//56 2044//56
f 2006//49 2041//49 2050//49
f 2049//58 2059//58 2050//58
f 2047//59 2057//59 2048//60
f 2045//61 2055//61 2046//61
f 2044//62 1989//62 2053//62
f 2006//63 2050//63 2059//63
f 2049//64 2057//64 2058//64
f 2047//65 2055//65 1984//65
f 2044//57 2054//57 2045//57
f 2095//491 2033//491 2025//491
f 2060//141 2034//342 2093//141
f 2091//142 2043//142 2092//142
f 2090//143 2056//143 2052//143
f 1987//144 2095//144 2025//144
f 2094//145 2034//145 2033//145
f 2060//146 2043//341 2042//341
f 2090//147 2051//147 2091//147
f 2043//155 2016//155 2015//155
f 2052//148 2056//148 2024//148
f 1987//149 2025//149 1988//149
f 2034//150 1997//150 2033//150
f 2043//151 2007//151 2042//329
f 2052//152 2016//152 2051//152
f 2033//153 1988//153 2025//153
f 2034//154 2007//154 1998//154
f 1987//163 1988//163 2061//163
f 1997//156 1981//156 1980//156
f 2015//157 1982//157 2007//157
f 2024//158 1985//158 2016//158
f 1988//159 1980//159 2061//415
f 1998//160 1982//160 1981//424
f 2016//161 1983//161 2015//161
f 2024//162 2056//162 1986//162
f 1985//173 2062//173 2063//173
f 1980//164 2068//164 2061//164
f 1981//166 2065//166 2066//166
f 1983//167 2063//167 2064//167
f 1986//168 2056//168 2062//168
f 1987//169 2061//169 2068//169
f 1980//170 2066//170 2067//170
f 1983//172 2065//172 1982//171
f 2067//102 2075//102 2068//102
f 2066//103 2072//103 2073//103
f 2063//105 2071//105 2064//105
f 2062//106 2056//106 2069//106
f 1987//107 2068//107 2075//107
f 2067//108 2073//108 2074//108
f 2064//109 2072//109 2065//109
f 2063//180 2069//180 2070//180
f 2069//113 2056//113 2076//113
f 1987//114 2075//114 2082//114
f 2074//115 2080//115 2081//115
f 2071//116 2079//116 2072//116
f 2069//117 2077//117 2070//117
f 2074//118 2082//118 2075//118
f 2073//119 2079//119 2080//120
f 2070//112 2078//112 2071//112
f 2081//122 2087//122 2088//122
f 2078//123 2086//123 2079//123
f 2077//124 2083//124 2084//124
f 2081//125 2089//125 2082//125
f 2079//127 2087//127 2080//127
f 2077//129 2085//129 2078//129
f 2076//130 2056//130 2083//130
f 1987//121 2082//121 2089//121
f 2088//132 2095//132 2089//132
f 2086//331 2093//133 2087//331
f 2084//134 2092//134 2085//134
f 2083//135 2056//135 2090//135
f 1987//136 2089//136 2095//136
f 2088//137 2093//137 2094//137
f 2086//139 2092//138 2060//138
f 2084//131 2090//131 2091//131
f 2152//82 2110//82 2153//82
f 2118//492 2112//83 2151//492
f 2149//84 2114//84 2150//84
f 2148//77 2117//77 2116//77
f 2102//78 2153//78 2110//78
f 2152//79 2112//79 2111//79
f 2118//80 2114//493 2113//493
f 2148//81 2115//81 2149//81
f 2115//90 2107//90 2114//90
f 2116//91 2117//91 2109//91
f 2102//92 2110//92 2103//92
f 2111//85 2105//85 2104//85
f 2113//86 2107//86 2106//86
f 2116//87 2108//87 2115//87
f 2111//88 2103//88 2110//88
f 2113//89 2105//89 2112//89
f 2102//98 2103//98 2119//98
f 2104//99 2097//99 2096//99
f 2107//100 2098//100 2106//100
f 2108//101 2101//101 2100//101
f 2104//93 2119//93 2103//93
f 2106//94 2097//94 2105//94
f 2107//96 2100//96 2099//96
f 2109//97 2117//97 2101//97
f 2100//40 2120//40 2121//40
f 2096//31 2126//31 2119//31
f 2097//32 2123//32 2124//32
f 2099//34 2121//34 2122//34
f 2101//35 2117//35 2120//35
f 2102//36 2119//36 2126//36
f 2097//37 2125//37 2096//37
f 2099//38 2123//38 2098//38
f 2125//47 2133//47 2126//47
f 2124//48 2130//48 2131//48
f 2121//41 2129//41 2122//41
f 2120//42 2117//42 2127//42
f 2102//43 2126//43 2133//43
f 2125//44 2131//44 2132//44
f 2122//45 2130//45 2123//45
f 2121//46 2127//46 2128//46
f 2127//56 2117//56 2134//56
f 2102//49 2133//49 2140//49
f 2132//50 2138//50 2139//50
f 2130//51 2136//51 2137//51
f 2128//52 2134//52 2135//52
f 2132//53 2140//53 2133//53
f 2130//54 2138//54 2131//54
f 2128//55 2136//55 2129//55
f 2138//64 2146//64 2139//64
f 2137//65 2143//65 2144//66
f 2134//57 2142//57 2135//57
f 2139//58 2147//58 2140//58
f 2137//59 2145//59 2138//59
f 2136//61 2142//61 2143//61
f 2134//62 2117//62 2141//62
f 2102//63 2140//63 2147//63
f 2147//67 2152//67 2153//67
f 2145//68 2118//68 2151//68
f 2143//70 2149//70 2150//70
f 2141//71 2117//71 2148//71
f 2102//72 2147//72 2153//72
f 2145//73 2152//73 2146//73
f 2143//74 2118//74 2144//75
f 2141//76 2149//76 2142//76
f 2211//140 2161//140 2162//491
f 2154//141 2160//141 2209//141
f 2208//142 2157//142 2158//142
f 2206//343 2155//343 2156//343
f 2170//340 2211//340 2162//340
f 2209//145 2161//145 2210//145
f 2154//146 2158//146 2159//146
f 2206//147 2157//147 2207//147
f 2157//155 2165//155 2158//155
f 2156//338 2155//338 2163//338
f 2161//150 2167//150 2168//150
f 2158//151 2166//151 2159//151
f 2156//152 2164//152 2157//152
f 2160//154 2166//154 2167//154
f 2170//337 2169//337 2177//337
f 2168//156 2175//156 2176//156
f 2165//157 2174//157 2166//157
f 2163//158 2172//158 2164//158
f 2169//159 2176//159 2177//159
f 2167//160 2174//160 2175//160
f 2164//161 2173//161 2165//161
f 2163//336 2155//336 2171//336
f 2171//173 2179//173 2172//173
f 2177//164 2183//164 2184//494
f 2175//166 2181//166 2182//166
f 2172//167 2180//167 2173//167
f 2171//168 2155//168 2178//168
f 2176//170 2182//170 2183//170
f 2173//172 2181//172 2174//171
f 2184//344 2190//344 2191//344
f 2182//344 2188//344 2189//344
f 2179//344 2187//344 2180//344
f 2178//344 2155//344 2185//344
f 2170//344 2184//344 2191//344
f 2183//344 2189//344 2190//344
f 2180//344 2188//344 2181//344
f 2178//344 2186//344 2179//344
f 2185//344 2155//344 2192//344
f 2170//344 2191//344 2198//344
f 2190//344 2196//344 2197//344
f 2187//344 2195//344 2188//344
f 2186//344 2192//344 2193//344
f 2190//344 2198//344 2191//344
f 2189//344 2195//344 2196//344
f 2186//344 2194//344 2187//344
f 2196//344 2204//344 2197//344
f 2195//344 2201//344 2202//344
f 2193//344 2199//344 2200//344
f 2197//344 2205//344 2198//344
f 2195//344 2203//344 2196//344
f 2194//344 2200//344 2201//344
f 2192//344 2155//344 2199//344
f 2170//344 2198//344 2205//344
f 2204//132 2211//132 2205//132
f 2202//133 2209//133 2203//331
f 2201//134 2207//134 2208//134
f 2199//135 2155//135 2206//135
f 2170//136 2205//136 2211//136
f 2203//137 2210//137 2204//137
f 2202//138 2208//138 2154//138
f 2200//131 2206//131 2207//131
f 2268//153 2226//495 2269//495
f 2234//154 2228//154 2267//154
f 2266//155 2231//155 2230//155
f 2264//148 2233//148 2232//148
f 2218//149 2269//149 2226//149
f 2267//150 2227//150 2268//150
f 2234//151 2230//151 2229//151
f 2265//152 2232//496 2231//152
f 2231//161 2223//161 2230//161
f 2232//425 2233//425 2225//425
f 2218//426 2226//426 2219//426
f 2227//156 2221//156 2220//156
f 2229//157 2223//157 2222//157
f 2231//158 2225//158 2224//158
f 2227//159 2219//159 2226//159
f 2229//160 2221//160 2228//160
f 2218//422 2219//422 2235//422
f 2220//170 2213//170 2212//170
f 2223//172 2214//172 2222//172
f 2224//173 2217//173 2216//173
f 2220//164 2235//164 2219//164
f 2221//166 2214//166 2213//166
f 2224//167 2215//167 2223//167
f 2225//423 2233//423 2217//423
f 2217//180 2237//180 2216//180
f 2212//102 2242//102 2235//102
f 2214//103 2240//103 2213//103
f 2216//105 2238//105 2215//105
f 2217//420 2233//420 2236//420
f 2218//421 2235//421 2242//421
f 2213//108 2241//108 2212//108
f 2214//109 2238//109 2239//109
f 2242//118 2248//118 2249//118
f 2240//334 2246//334 2247//119
f 2237//112 2245//112 2238//112
f 2236//113 2233//113 2243//113
f 2218//114 2242//114 2249//114
f 2241//115 2247//115 2248//115
f 2238//333 2246//333 2239//333
f 2236//117 2244//117 2237//117
f 2243//428 2233//428 2250//428
f 2218//428 2249//428 2256//428
f 2248//428 2254//428 2255//428
f 2245//428 2253//428 2246//428
f 2243//428 2251//428 2244//428
f 2249//428 2255//428 2256//428
f 2247//428 2253//428 2254//428
f 2244//428 2252//428 2245//428
f 2255//428 2261//428 2262//428
f 2252//428 2260//428 2253//428
f 2250//428 2258//428 2251//428
f 2256//428 2262//428 2263//428
f 2253//428 2261//428 2254//428
f 2251//428 2259//428 2252//428
f 2250//428 2233//428 2257//428
f 2218//428 2256//428 2263//428
f 2262//428 2269//428 2263//428
f 2260//428 2267//428 2261//428
f 2259//428 2265//428 2266//428
f 2257//428 2233//428 2264//428
f 2218//428 2263//428 2269//428
f 2261//428 2268//428 2262//428
f 2260//428 2266//428 2234//428
f 2258//428 2264//428 2265//428
f 1956//201 2306//201 1955//201
f 2273//200 2303//200 2274//200
f 1955//1 2304//1 2273//1
f 1952//3 2312//3 1951//3
f 2280//202 2318//202 2279//202
f 2271//2 2307//2 1954//2
f 1951//1 2313//1 2276//1
f 2272//202 2310//202 2271//202
f 1952//2 2314//2 2311//2
f 2284//1 2317//1 2280//1
f 1954//3 2308//3 1953//3
f 2283//3 2316//3 2284//3
f 2287//497 2304//497 2288//497
f 2290//497 2305//497 2289//497
f 2290//497 2304//497 2306//497
f 2289//497 2303//497 2287//497
f 2294//301 2307//301 2293//301
f 2295//301 2308//301 2294//301
f 2293//301 2310//301 2296//301
f 2296//301 2309//301 2295//301
f 2298//498 2311//498 2297//498
f 2299//498 2312//498 2298//498
f 2300//498 2311//498 2314//498
f 2300//498 2313//498 2299//498
f 2291//350 2316//350 2315//350
f 2301//350 2316//350 2292//350
f 2291//350 2318//350 2302//350
f 2302//350 2317//350 2301//350
f 2333//499 2354//499 2334//499
f 2329//500 2350//500 2330//500
f 2323//501 2344//501 2324//501
f 2301//199 2332//199 2333//199
f 2291//199 2334//199 2331//199
f 2337//502 2339//502 2341//502
f 2341//497 2340//497 2342//497
f 2337//503 2342//503 2338//503
f 2338//504 2340//504 2336//504
f 2336//505 2339//505 2335//505
f 2343//301 2345//301 2344//301
f 2325//506 2346//506 2326//506
f 2325//507 2344//507 2345//507
f 2323//508 2346//508 2343//508
f 2347//498 2349//498 2348//498
f 2329//509 2348//509 2349//509
f 2330//510 2347//510 2327//510
f 2327//511 2348//511 2328//511
f 2352//350 2354//350 2353//350
f 2333//512 2352//512 2353//512
f 2334//513 2351//513 2331//513
f 2331//514 2352//514 2332//514
f 2357//519 2373//519 2277//519
f 2358//520 2371//520 2357//520
f 1945//521 2372//521 2358//521
f 1943//522 2378//522 2356//522
f 1943//523 2375//523 2377//523
f 2355//524 2375//524 2281//524
f 2285//525 2380//525 2379//525
f 2361//526 2380//526 2359//526
f 2361//527 2381//527 2382//527
f 2365//528 2385//528 2363//528
f 2370//529 2386//529 2365//529
f 2370//530 2383//530 2384//530
f 256//1 9//1 292//1
f 267//2 263//2 302//2
f 260//3 297//3 298//3
f 12//2 258//2 287//2
f 347//4 369//4 367//4
f 1//6 269//6 363//6
f 340//8 362//8 360//8
f 5//10 261//10 357//10
f 4//1 2//1 1266//1
f 1266//1 1964//1 598//1
f 598//1 6//1 4//1
f 15//19 22//531 620//20
f 13//22 1288//532 1296//23
f 620//2 22//2 19//2
f 24//2 23//2 20//2
f 24//2 21//2 19//2
f 1296//2 1292//2 20//2
f 14//25 13//533 23//26
f 14//28 24//534 22//29
f 104//31 103//31 40//31
f 102//32 29//32 38//33
f 99//34 36//34 37//34
f 103//37 102//37 39//37
f 100//38 37//39 38//39
f 98//40 35//40 36//40
f 37//41 36//41 45//41
f 39//44 48//44 49//44
f 37//45 46//45 47//45
f 36//46 35//46 44//46
f 41//47 40//47 49//47
f 39//48 38//48 47//48
f 48//50 57//50 58//50
f 46//51 55//51 56//51
f 44//52 53//52 54//52
f 50//53 49//53 58//53
f 47//54 56//54 57//54
f 46//55 45//55 54//55
f 53//57 62//57 63//57
f 59//58 58//58 67//58
f 56//59 65//59 66//59
f 54//61 63//61 64//61
f 58//64 57//64 66//64
f 55//65 64//65 65//65
f 68//67 67//67 76//67
f 66//68 65//68 74//69
f 63//70 72//70 73//70
f 67//73 66//73 75//73
f 64//74 73//75 74//75
f 63//76 62//76 71//76
f 76//79 75//79 84//79
f 74//80 73//80 82//80
f 71//81 80//81 81//81
f 77//82 76//82 85//82
f 73//84 72//84 81//84
f 85//85 84//85 93//85
f 83//86 82//86 91//86
f 81//87 80//87 89//87
f 85//88 94//88 95//88
f 81//90 90//90 91//90
f 94//93 103//93 104//93
f 92//94 29//94 102//94
f 90//96 99//96 100//96
f 94//99 93//99 102//99
f 92//100 91//535 100//100
f 90//101 89//101 98//101
f 140//102 139//102 78//102
f 105//103 87//104 79//104
f 136//105 96//105 88//105
f 138//108 79//108 78//108
f 105//109 137//109 88//110
f 135//111 97//111 96//111
f 96//112 61//112 60//112
f 79//115 43//115 42//115
f 87//116 88//116 60//116
f 96//117 97//117 69//117
f 78//118 42//118 33//118
f 87//119 52//119 43//119
f 42//122 43//122 26//122
f 60//123 28//347 27//123
f 69//124 31//332 30//124
f 33//125 42//125 25//125
f 43//127 52//127 27//127
f 61//129 30//129 28//129
f 30//131 31//131 107//131
f 25//132 112//132 113//132
f 26//133 27//331 110//133
f 28//134 30//134 108//134
f 26//137 111//137 112//137
f 28//138 109//138 110//138
f 112//140 119//140 120//140
f 110//141 117//141 118//141
f 108//142 115//142 116//142
f 112//145 111//145 118//145
f 109//146 116//146 117//146
f 108//147 107//147 114//147
f 119//150 118//150 125//150
f 116//151 123//329 124//151
f 114//152 121//152 122//152
f 119//153 126//153 127//153
f 117//154 124//154 125//154
f 115//155 122//155 123//155
f 126//156 125//156 132//156
f 123//157 130//157 131//157
f 122//158 121//158 128//158
f 126//159 133//159 134//159
f 124//160 131//160 132//160
f 122//161 129//161 130//161
f 133//164 139//164 140//164
f 131//165 105//166 138//166
f 129//167 136//167 137//167
f 132//170 138//170 139//170
f 131//171 130//171 137//172
f 129//173 128//173 135//173
f 198//47 197//47 156//47
f 163//174 158//48 157//48
f 195//41 194//41 160//41
f 197//44 196//44 157//44
f 163//175 195//175 159//175
f 194//46 193//46 161//46
f 160//55 153//55 152//55
f 156//50 157//50 150//50
f 158//51 159//51 152//51
f 161//52 154//52 153//52
f 156//53 149//53 148//53
f 158//54 151//54 150//54
f 149//64 150//64 142//64
f 152//65 144//65 143//65
f 153//57 154//57 146//57
f 148//58 149//58 141//58
f 151//59 143//59 142//59
f 153//61 145//61 144//61
f 145//76 146//76 165//76
f 141//67 170//67 171//67
f 142//68 143//68 168//68
f 144//70 145//70 166//70
f 142//73 169//73 170//73
f 144//74 167//74 168//74
f 170//82 177//82 178//82
f 169//83 168//492 175//83
f 167//84 166//84 173//84
f 170//79 169//79 176//79
f 167//80 174//80 175//80
f 166//81 165//81 172//81
f 176//85 183//85 184//85
f 175//86 174//86 181//86
f 173//87 172//87 179//87
f 177//88 184//88 185//88
f 175//89 182//89 183//89
f 173//90 180//90 181//90
f 183//99 190//99 191//99
f 182//100 181//100 188//100
f 179//101 186//101 187//101
f 185//93 184//93 191//93
f 182//94 189//335 190//94
f 180//96 187//96 188//96
f 191//31 197//31 198//31
f 190//32 189//32 163//32
f 188//34 187//34 194//34
f 190//37 196//37 197//37
f 188//38 195//38 163//38
f 186//40 193//40 194//40
f 226//102 225//102 205//102
f 199//103 203//103 204//103
f 223//105 222//105 201//105
f 224//108 204//108 205//108
f 199//109 223//109 202//109
f 221//180 200//111 201//180
f 201//112 208//112 209//112
f 205//115 204//115 211//115
f 203//116 202//116 209//116
f 201//117 200//117 207//117
f 204//119 203//119 210//119
f 212//122 211//122 218//122
f 210//123 209//123 216//123
f 207//124 214//124 215//124
f 213//125 212//125 219//125
f 210//127 217//127 218//127
f 208//129 215//129 216//129
f 214//131 821//131 822//131
f 220//132 219//132 826//132
f 218//133 217//331 824//133
f 215//134 822//134 823//134
f 219//137 218//137 825//137
f 216//138 823//138 824//138
f 847//164 225//164 226//164
f 845//166 199//166 224//166
f 844//167 843//167 222//167
f 846//170 224//170 225//170
f 845//172 844//171 223//172
f 843//173 842//173 221//173
f 1555//118 241//118 240//185
f 1521//119 243//119 242//119
f 1553//112 1552//112 245//112
f 1554//115 242//115 241//115
f 1521//116 1553//116 244//116
f 1552//117 1551//186 246//186
f 245//129 238//129 237//129
f 242//122 235//122 234//122
f 243//123 244//123 237//123
f 245//124 246//124 239//124
f 241//125 234//125 233//125
f 243//127 236//127 235//127
f 234//137 235//137 228//137
f 237//138 230//138 229//138
f 238//131 239//131 232//131
f 234//132 227//132 247//132
f 235//133 236//133 229//133
f 238//134 231//134 230//134
f 232//147 248//147 249//147
f 227//140 253//491 254//140
f 229//141 251//141 252//141
f 230//142 231//142 249//142
f 227//145 228//145 252//145
f 230//146 250//146 251//146
f 254//153 253//153 1535//153
f 252//193 251//193 1533//193
f 249//155 1531//155 1532//155
f 253//150 252//150 1534//150
f 250//194 1532//194 1533//194
f 248//152 1530//152 1531//152
f 12//200 289//200 290//200
f 257//201 288//201 287//201
f 11//1 290//1 288//1
f 8//202 295//202 296//202
f 263//3 264//3 301//3
f 255//2 294//2 291//2
f 7//1 296//1 297//1
f 256//3 293//3 294//3
f 8//2 259//2 298//2
f 268//1 300//1 301//1
f 10//202 291//202 292//202
f 267//202 299//202 300//202
f 271//195 287//195 288//195
f 274//195 290//195 289//195
f 272//195 288//195 290//195
f 271//195 273//195 289//195
f 277//196 278//196 292//196
f 279//196 293//196 292//196
f 280//196 277//196 291//196
f 280//196 294//196 293//196
f 282//197 296//197 295//197
f 283//197 297//197 296//197
f 281//197 295//197 298//197
f 284//197 298//197 297//197
f 276//198 300//198 299//198
f 285//198 301//198 300//198
f 275//198 299//198 302//198
f 286//198 302//198 301//198
f 317//203 337//203 338//203
f 313//204 333//204 334//204
f 307//205 327//205 328//205
f 285//199 276//199 316//199
f 275//199 286//199 318//199
f 319//206 323//206 325//206
f 325//195 323//195 324//195
f 322//207 321//207 325//207
f 320//208 322//208 326//208
f 320//209 324//209 323//209
f 327//196 330//196 329//196
f 309//210 329//210 330//210
f 308//211 328//211 329//211
f 310//212 330//212 327//212
f 331//197 334//197 333//197
f 313//213 312//213 332//213
f 311//214 314//214 334//214
f 311//215 331//215 332//215
f 335//198 338//198 337//198
f 317//216 316//216 336//216
f 318//217 338//217 335//217
f 315//218 335//218 336//218
f 341//223 355//223 357//223
f 342//224 356//224 355//224
f 342//225 5//226 358//226
f 340//227 3//227 361//227
f 3//228 265//228 359//228
f 339//229 360//229 359//229
f 343//230 364//230 363//231
f 345//232 366//232 364//232
f 345//233 1//233 365//233
f 349//234 370//234 369//234
f 354//235 368//235 370//235
f 354//236 352//236 367//236
f 884//1 921//1 920//1
f 895//2 927//2 930//2
f 926//301 925//301 888//301
f 917//2 915//2 886//2
f 980//302 995//536 997//302
f 591//304 993//304 991//304
f 988//306 990//306 968//306
f 595//308 986//308 985//308
f 1940//1 592//1 594//1
f 594//1 596//1 598//1
f 598//1 1964//1 1940//1
f 620//317 619//537 609//318
f 607//320 621//538 1979//321
f 620//2 616//2 615//2
f 622//2 618//2 617//2
f 615//2 618//2 622//2
f 617//2 1974//2 1979//2
f 608//323 622//539 621//324
f 619//326 622//540 608//327
f 639//93 638//93 701//93
f 637//94 636//94 627//94
f 698//96 635//96 634//96
f 638//99 637//99 700//99
f 636//100 635//100 698//100
f 634//101 633//101 696//101
f 644//90 643//90 634//90
f 647//85 646//85 637//85
f 645//86 644//541 635//86
f 634//87 643//87 642//87
f 648//88 647//88 638//88
f 637//89 646//542 645//89
f 656//79 655//79 646//79
f 654//80 653//493 644//80
f 643//81 652//81 651//81
f 648//82 657//82 656//82
f 646//83 655//492 654//83
f 653//84 652//84 643//84
f 661//76 660//76 651//76
f 657//67 666//67 665//67
f 664//68 663//69 654//68
f 653//70 662//70 661//70
f 665//73 664//73 655//73
f 663//74 662//74 653//75
f 675//58 674//58 665//58
f 673//59 672//543 663//59
f 671//61 670//61 661//61
f 674//64 673//64 664//64
f 672//65 671//65 662//65
f 661//57 670//57 669//57
f 683//50 682//50 673//50
f 681//51 680//51 671//51
f 679//52 678//52 669//52
f 675//53 684//53 683//53
f 671//55 680//55 679//55
f 683//44 692//44 691//44
f 690//45 689//45 680//45
f 679//46 688//46 687//46
f 693//47 692//47 683//47
f 689//41 688//41 679//41
f 702//31 701//31 692//31
f 700//32 627//32 690//32
f 698//34 697//34 688//34
f 701//37 700//37 691//37
f 690//38 627//38 698//38
f 688//40 697//40 696//40
f 738//159 668//159 676//159
f 677//160 685//160 703//160
f 735//161 686//161 694//161
f 737//156 676//156 677//156
f 703//157 685//157 686//157
f 694//158 695//158 733//158
f 658//155 659//155 694//155
f 676//150 640//150 641//150
f 650//151 658//151 686//151
f 694//152 659//152 667//152
f 631//153 640//153 676//153
f 641//154 650//154 685//154
f 640//145 623//145 624//145
f 625//146 626//146 658//146
f 628//147 629//147 667//147
f 631//140 704//140 623//140
f 641//141 624//141 625//141
f 626//142 628//142 659//142
f 628//131 706//131 705//131
f 704//132 711//132 710//132
f 624//133 709//331 708//331
f 626//134 707//134 706//134
f 710//137 709//137 624//137
f 708//139 707//139 626//138
f 718//126 717//126 710//126
f 709//127 716//127 715//127
f 714//129 713//129 706//129
f 710//122 717//122 716//122
f 715//123 714//123 707//123
f 706//332 713//332 712//332
f 717//115 724//115 723//115
f 722//116 721//116 714//116
f 720//117 719//117 712//117
f 725//118 724//118 717//118
f 716//334 723//120 722//119
f 721//112 720//112 713//112
f 731//108 730//108 723//108
f 729//109 728//109 721//109
f 727//180 726//180 719//180
f 732//102 731//102 724//102
f 723//103 730//103 729//103
f 721//105 728//105 727//105
f 732//164 738//164 737//164
f 736//166 703//166 729//166
f 735//167 734//167 727//167
f 737//170 736//170 730//170
f 703//172 735//172 728//172
f 727//173 734//173 733//173
f 753//88 754//88 795//88
f 755//89 756//89 761//89
f 757//90 758//90 792//90
f 754//85 755//85 794//85
f 761//86 756//86 757//86
f 792//87 758//87 759//87
f 750//84 751//84 758//84
f 754//79 747//79 748//79
f 756//80 749//80 750//80
f 751//81 752//81 759//81
f 753//82 746//82 747//82
f 748//83 749//83 756//83
f 747//73 739//73 740//73
f 749//74 741//74 742//74
f 743//76 744//76 752//76
f 762//67 739//67 747//67
f 740//68 741//68 749//68
f 742//70 743//70 751//70
f 743//57 764//57 763//57
f 769//58 768//58 739//58
f 767//59 766//60 741//59
f 765//61 764//61 743//61
f 768//64 767//64 740//64
f 741//65 766//65 765//65
f 776//53 775//53 768//53
f 767//54 774//54 773//54
f 772//55 771//55 764//55
f 768//50 775//50 774//50
f 773//51 772//51 765//51
f 764//52 771//52 770//52
f 782//44 781//44 774//44
f 773//45 780//45 779//45
f 771//46 778//46 777//46
f 783//47 782//47 775//47
f 781//48 780//48 773//48
f 772//41 779//41 778//41
f 789//37 788//37 781//37
f 780//38 787//39 786//39
f 785//40 784//40 777//40
f 790//31 789//31 782//31
f 788//32 787//33 780//32
f 779//34 786//34 785//34
f 790//93 796//93 795//93
f 794//94 761//94 787//94
f 786//96 793//96 792//96
f 795//99 794//99 788//99
f 787//100 761//100 793//100
f 792//101 791//101 784//101
f 805//159 804//159 853//159
f 803//160 802//160 797//160
f 801//161 800//161 850//161
f 853//156 804//156 803//156
f 797//157 802//157 801//157
f 850//158 800//158 799//158
f 808//155 807//155 800//155
f 804//150 811//150 810//150
f 802//151 809//151 808//151
f 800//152 807//152 806//152
f 810//154 809//154 802//154
f 811//145 819//145 818//145
f 817//146 816//146 808//341
f 807//147 815//147 814//147
f 820//140 819//140 811//140
f 818//342 817//342 809//141
f 816//142 815//142 807//142
f 822//131 821//131 814//131
f 820//132 827//132 826//132
f 818//133 825//418 824//133
f 823//134 822//134 815//134
f 819//137 826//137 825//137
f 824//138 823//419 816//138
f 827//344 834//344 833//344
f 825//344 832//344 831//344
f 830//344 829//344 822//344
f 826//344 833//344 832//344
f 831//344 830//344 823//344
f 829//344 828//344 821//344
f 840//344 839//344 832//344
f 838//344 837//344 830//344
f 829//344 836//344 835//344
f 841//344 840//344 833//344
f 839//344 838//344 831//344
f 837//344 836//344 829//344
f 847//344 846//344 839//344
f 838//344 845//344 844//344
f 836//344 843//344 842//344
f 848//344 847//344 840//344
f 846//344 845//344 838//344
f 837//344 844//344 843//344
f 854//164 853//164 847//164
f 852//345 797//166 845//345
f 844//167 851//167 850//167
f 853//170 852//170 846//170
f 845//346 797//346 851//346
f 843//173 850//173 849//173
f 868//153 869//153 2268//153
f 870//193 871//193 2234//193
f 2266//155 872//155 873//155
f 869//150 870//150 2267//150
f 2234//194 871//194 872//194
f 2265//152 873//152 874//152
f 865//142 866//142 873//142
f 869//145 862//145 863//145
f 871//146 864//146 865//146
f 873//147 866//147 867//147
f 861//140 862//140 869//140
f 863//141 864//141 871//141
f 855//137 856//137 863//137
f 864//138 857//138 858//138
f 859//131 860//131 867//131
f 861//132 875//132 855//132
f 856//133 857//133 864//133
f 858//134 859//134 866//134
f 859//124 877//124 876//124
f 882//125 881//125 855//125
f 880//127 879//127 857//128
f 858//129 878//129 877//129
f 881//122 880//122 856//122
f 857//123 879//123 878//123
f 882//118 2249//185 2248//118
f 880//119 2247//119 2246//119
f 2245//112 2244//112 877//112
f 881//115 2248//115 2247//115
f 2246//116 2245//116 878//116
f 2244//117 2243//186 876//117
f 918//198 917//198 604//198
f 915//350 916//350 885//350
f 885//1 916//1 918//1
f 924//196 923//196 600//196
f 930//301 929//301 892//301
f 919//2 922//2 883//2
f 925//1 924//1 599//1
f 922//301 921//301 884//301
f 923//2 926//2 887//2
f 929//1 928//1 896//1
f 920//196 919//196 602//196
f 928//196 927//196 895//196
f 900//348 916//348 915//348
f 917//348 918//348 902//348
f 902//348 918//348 916//348
f 915//348 917//348 901//348
f 919//202 920//202 906//202
f 920//202 921//202 907//202
f 908//202 922//202 919//202
f 921//202 922//202 908//202
f 923//349 924//349 910//349
f 910//349 924//349 925//349
f 912//349 926//349 923//349
f 925//349 926//349 912//349
f 903//200 927//200 928//200
f 904//200 928//200 929//200
f 930//200 927//200 903//200
f 929//200 930//200 914//200
f 946//352 966//352 965//352
f 962//353 961//353 941//353
f 956//354 955//354 935//354
f 913//199 945//199 944//199
f 903//199 943//199 946//199
f 949//355 953//355 951//355
f 952//348 951//348 953//348
f 950//356 954//356 953//356
f 952//357 954//357 950//357
f 951//358 952//358 948//358
f 957//202 958//202 955//202
f 958//359 957//359 937//359
f 937//360 957//360 956//360
f 955//361 958//361 938//361
f 961//349 962//349 959//349
f 941//362 961//362 960//362
f 959//363 962//363 942//363
f 960//364 959//364 939//364
f 965//200 966//200 963//200
f 945//365 965//365 964//366
f 963//367 966//368 946//368
f 964//369 963//369 943//369
f 985//374 983//375 969//375
f 983//376 984//376 970//376
f 984//377 986//377 595//377
f 968//378 990//378 989//378
f 593//379 989//379 987//379
f 893//380 987//380 988//381
f 897//382 991//382 992//382
f 992//383 994//383 973//383
f 973//384 994//384 993//384
f 997//385 998//385 977//385
f 998//386 996//386 982//386
f 982//387 996//387 995//387
f 1558//1 1595//1 1594//1
f 1569//2 1601//2 1604//2
f 1600//196 1599//196 1562//196
f 1591//2 1589//2 1560//2
f 1654//388 1669//388 1671//389
f 1267//391 1667//391 1665//391
f 1662//393 1664//393 1642//393
f 1271//395 1660//395 1659//395
f 1266//1 1268//1 1270//1
f 1270//1 1272//1 1948//1
f 1948//1 1964//1 1266//1
f 1976//402 1293//544 1284//403
f 1282//405 1294//545 1296//406
f 1976//2 1971//2 1289//2
f 1295//2 1291//2 1290//2
f 1289//2 1291//2 1295//2
f 1290//2 1292//2 1296//2
f 1283//408 1295//546 1294//409
f 1293//411 1295//547 1283//412
f 1313//58 1312//58 1375//58
f 1311//59 1310//59 1301//59
f 1372//61 1309//61 1308//61
f 1312//64 1311//64 1374//64
f 1310//65 1309//417 1372//65
f 1308//57 1307//57 1370//57
f 1309//55 1318//55 1317//55
f 1321//50 1320//50 1311//50
f 1319//51 1318//51 1309//51
f 1308//52 1317//52 1316//52
f 1322//53 1321//53 1312//53
f 1320//54 1319//54 1310//54
f 1330//44 1329//44 1320//44
f 1328//45 1327//175 1318//45
f 1326//46 1325//46 1316//46
f 1331//47 1330//47 1321//47
f 1329//48 1328//48 1319//48
f 1327//41 1326//41 1317//41
f 1335//40 1334//40 1325//40
f 1331//31 1340//31 1339//31
f 1329//32 1338//32 1337//32
f 1327//34 1336//34 1335//34
f 1339//37 1338//37 1329//37
f 1337//38 1336//38 1327//39
f 1349//93 1348//93 1339//93
f 1347//94 1346//335 1337//94
f 1345//96 1344//96 1335//96
f 1348//99 1347//99 1338//99
f 1346//100 1345//100 1336//100
f 1335//101 1344//101 1343//101
f 1357//85 1356//85 1347//85
f 1355//86 1354//86 1345//86
f 1353//87 1352//87 1343//87
f 1349//88 1358//88 1357//88
f 1345//90 1354//90 1353//90
f 1357//79 1366//79 1365//79
f 1364//80 1363//80 1354//80
f 1353//81 1362//81 1361//81
f 1367//82 1366//82 1357//82
f 1363//84 1362//84 1353//84
f 1376//67 1375//67 1366//67
f 1374//68 1301//68 1364//68
f 1372//70 1371//70 1362//70
f 1366//73 1375//73 1374//73
f 1364//74 1301//74 1372//74
f 1362//76 1371//76 1370//76
f 1412//125 1342//125 1350//125
f 1351//127 1359//127 1377//127
f 1360//129 1368//129 1408//129
f 1411//122 1350//122 1351//122
f 1377//123 1359//123 1360//123
f 1368//124 1369//124 1407//124
f 1332//112 1333//112 1368//112
f 1350//115 1314//115 1315//115
f 1324//116 1332//116 1360//116
f 1368//117 1333//117 1341//117
f 1305//118 1314//118 1350//118
f 1351//119 1315//119 1324//119
f 1314//108 1297//108 1298//108
f 1299//109 1300//109 1332//109
f 1302//180 1303//180 1341//180
f 1305//102 1378//102 1297//102
f 1315//103 1298//103 1299//103
f 1300//105 1302//105 1333//105
f 1380//173 1379//173 1303//173
f 1378//164 1385//164 1384//164
f 1298//166 1383//165 1382//165
f 1300//167 1381//167 1380//167
f 1384//170 1383//170 1298//170
f 1382//171 1381//171 1300//172
f 1392//415 1391//415 1384//415
f 1383//160 1390//160 1389//160
f 1388//161 1387//161 1380//161
f 1384//156 1391//156 1390//156
f 1389//157 1388//157 1381//157
f 1380//416 1387//416 1386//416
f 1398//150 1397//150 1390//150
f 1396//151 1395//329 1388//151
f 1387//152 1394//152 1393//152
f 1399//153 1398//153 1391//153
f 1390//154 1397//330 1396//154
f 1388//155 1395//155 1394//155
f 1405//145 1404//145 1397//145
f 1403//146 1402//146 1395//146
f 1394//147 1401//147 1400//147
f 1399//140 1406//140 1405//140
f 1397//141 1404//141 1403//141
f 1395//142 1402//142 1401//142
f 1406//132 1412//132 1411//132
f 1404//133 1410//133 1377//133
f 1402//134 1409//134 1408//134
f 1411//137 1410//137 1404//137
f 1377//138 1409//138 1402//138
f 1401//131 1408//131 1407//131
f 1427//53 1428//53 1469//53
f 1429//54 1430//54 1435//54
f 1467//55 1431//55 1432//55
f 1469//50 1428//50 1429//50
f 1435//51 1430//51 1431//51
f 1466//52 1432//52 1433//52
f 1424//41 1425//41 1432//41
f 1428//44 1421//44 1422//44
f 1430//45 1423//45 1424//45
f 1425//46 1426//46 1433//46
f 1427//47 1420//47 1421//47
f 1422//48 1423//48 1430//48
f 1421//37 1413//37 1414//37
f 1423//38 1415//38 1416//38
f 1417//40 1418//40 1426//40
f 1420//31 1436//31 1413//31
f 1414//32 1415//32 1423//32
f 1416//34 1417//34 1425//34
f 1417//101 1438//101 1437//101
f 1443//93 1442//93 1413//93
f 1441//94 1440//94 1415//94
f 1439//96 1438//96 1417//96
f 1442//99 1441//99 1414//99
f 1415//100 1440//100 1439//100
f 1450//88 1449//88 1442//88
f 1441//89 1448//89 1447//89
f 1446//90 1445//90 1438//90
f 1449//85 1448//85 1441//85
f 1447//86 1446//86 1439//86
f 1438//87 1445//87 1444//87
f 1456//79 1455//79 1448//79
f 1447//80 1454//80 1453//80
f 1445//81 1452//81 1451//81
f 1457//82 1456//82 1449//82
f 1455//83 1454//83 1447//83
f 1453//84 1452//84 1445//84
f 1463//73 1462//73 1455//73
f 1454//74 1461//75 1460//75
f 1452//76 1459//76 1458//76
f 1457//67 1464//67 1463//67
f 1462//68 1461//69 1454//68
f 1460//70 1459//70 1452//70
f 1464//58 1470//58 1469//58
f 1462//59 1468//59 1435//59
f 1460//61 1467//61 1466//61
f 1469//64 1468//64 1462//64
f 1435//65 1467//65 1460//65
f 1466//57 1465//57 1458//57
f 1478//125 1477//125 1497//125
f 1476//127 1475//127 1471//127
f 1474//129 1473//129 1494//129
f 1497//122 1477//122 1476//122
f 1471//123 1475//123 1474//123
f 1494//124 1473//124 1472//124
f 1481//112 1480//112 1473//112
f 1484//115 1483//115 1476//115
f 1475//116 1482//116 1481//116
f 1473//117 1480//117 1479//117
f 1483//119 1482//119 1475//119
f 1484//108 1491//108 1490//108
f 1489//109 1488//109 1481//110
f 1480//180 1487//180 1486//180
f 1492//102 1491//102 1484//102
f 1483//104 1490//103 1489//103
f 1488//105 1487//105 1480//105
f 2179//173 2178//173 1486//173
f 1492//164 2184//164 2183//164
f 1490//166 2182//345 2181//166
f 2180//167 2179//167 1487//167
f 1491//170 2183//170 2182//170
f 2181//172 2180//346 1488//172
f 1498//132 1497//132 2204//132
f 1496//418 1471//133 2202//418
f 2201//134 1495//134 1494//134
f 1497//137 1496//137 2203//137
f 2202//419 1471//138 1495//419
f 2200//131 1494//131 1493//131
f 1513//118 1514//118 1555//118
f 1515//334 1516//334 1521//334
f 1553//112 1517//112 1518//112
f 1514//115 1515//115 1554//115
f 1521//333 1516//333 1517//333
f 1552//117 1518//117 1519//117
f 1510//105 1511//105 1518//105
f 1514//108 1507//108 1508//108
f 1516//109 1509//109 1510//109
f 1518//180 1511//180 1512//180
f 1506//102 1507//102 1514//102
f 1508//103 1509//103 1516//103
f 1507//170 1499//170 1500//170
f 1509//172 1501//172 1502//172
f 1503//173 1504//173 1512//173
f 1506//164 1522//164 1499//164
f 1500//166 1501//166 1509//166
f 1502//167 1503//167 1511//167
f 1503//158 1524//158 1523//158
f 1529//159 1528//159 1499//159
f 1527//160 1526//160 1501//424
f 1525//161 1524//161 1503//161
f 1528//156 1527//156 1500//156
f 1501//427 1526//157 1525//157
f 1529//153 1536//495 1535//153
f 1527//154 1534//154 1533//154
f 1532//155 1531//155 1524//155
f 1528//150 1535//150 1534//150
f 1533//151 1532//151 1525//151
f 1531//152 1530//496 1523//152
f 1535//428 1542//428 1541//428
f 1540//428 1539//428 1532//428
f 1538//428 1537//428 1530//428
f 1536//428 1543//428 1542//428
f 1534//428 1541//428 1540//428
f 1539//428 1538//428 1531//428
f 1542//428 1549//428 1548//428
f 1540//428 1547//428 1546//428
f 1545//428 1544//428 1537//428
f 1543//428 1550//428 1549//428
f 1548//428 1547//428 1540//428
f 1546//428 1545//428 1538//428
f 1556//428 1555//428 1549//428
f 1554//428 1521//428 1547//428
f 1546//428 1553//428 1552//428
f 1555//428 1554//428 1548//428
f 1547//428 1521//428 1553//428
f 1545//428 1552//428 1551//428
f 1592//350 1591//350 1280//350
f 1589//198 1590//198 1559//198
f 1559//1 1590//1 1592//1
f 1598//301 1597//301 1276//301
f 1604//196 1603//196 1566//196
f 1593//2 1596//2 1557//2
f 1599//1 1598//1 1275//1
f 1596//196 1595//196 1558//196
f 1597//2 1600//2 1561//2
f 1603//1 1602//1 1570//1
f 1594//301 1593//301 1278//301
f 1602//301 1601//301 1569//301
f 1590//429 1589//429 1573//429
f 1591//429 1592//429 1576//429
f 1592//429 1590//429 1574//429
f 1589//429 1591//429 1575//429
f 1593//3 1594//3 1580//3
f 1594//3 1595//3 1581//3
f 1596//3 1593//3 1579//3
f 1595//3 1596//3 1582//3
f 1597//430 1598//430 1584//430
f 1584//430 1598//430 1599//430
f 1586//430 1600//430 1597//430
f 1599//430 1600//430 1586//430
f 1601//201 1602//201 1578//201
f 1602//201 1603//201 1587//201
f 1604//201 1601//201 1577//201
f 1603//201 1604//201 1588//201
f 1640//432 1639//432 1619//432
f 1636//433 1635//433 1615//433
f 1630//434 1629//434 1609//434
f 1587//199 1619//199 1618//199
f 1577//199 1617//199 1620//199
f 1623//435 1627//435 1625//435
f 1626//429 1625//429 1627//429
f 1628//436 1627//436 1623//436
f 1626//437 1628//437 1624//437
f 1625//438 1626//438 1622//438
f 1631//3 1632//3 1629//3
f 1632//439 1631//439 1611//439
f 1611//440 1631//440 1630//440
f 1629//441 1632//441 1612//441
f 1635//430 1636//430 1633//430
f 1635//442 1634//442 1614//442
f 1633//443 1636//443 1616//443
f 1634//444 1633//444 1613//444
f 1638//201 1639//201 1640//201
f 1619//445 1639//445 1638//446
f 1637//447 1640//448 1620//448
f 1638//449 1637//449 1617//449
f 1659//454 1657//455 1643//455
f 1657//456 1658//456 1644//456
f 1658//457 1660//457 1271//457
f 1664//458 1663//458 1269//458
f 1269//459 1663//459 1661//459
f 1661//460 1662//461 1641//461
f 1571//462 1665//462 1666//462
f 1666//463 1668//463 1647//463
f 1647//464 1668//464 1667//464
f 1671//465 1672//465 1651//465
f 1672//466 1670//466 1656//466
f 1656//467 1670//467 1669//467
f 2272//1 1953//1 2308//1
f 2283//2 2279//2 2318//2
f 2276//202 2313//202 2314//202
f 1956//2 2274//2 2303//2
f 2363//468 2385//468 2383//468
f 1941//470 2285//470 2379//470
f 2356//472 2378//472 2376//472
f 1945//474 2277//474 2373//474
f 1944//1 1942//1 1940//1
f 1940//1 1964//1 1948//1
f 1948//1 1946//1 1944//1
f 1962//479 1975//548 1976//480
f 1960//482 1969//549 1979//483
f 1976//2 1975//2 1970//2
f 1978//2 1977//2 1972//2
f 1978//2 1973//2 1970//2
f 1979//2 1974//2 1972//2
f 1961//485 1960//550 1977//486
f 1961//488 1978//551 1975//489
f 2059//67 2058//67 1995//67
f 2057//68 1984//68 1993//69
f 2054//70 1991//70 1992//70
f 2058//73 2057//73 1994//73
f 2055//74 1992//75 1993//75
f 2054//76 2053//76 1990//76
f 1992//84 1991//84 2000//84
f 1994//79 2003//79 2004//79
f 1992//80 2001//80 2002//80
f 1991//81 1990//81 1999//81
f 1996//82 1995//82 2004//82
f 1993//83 2002//83 2003//83
f 2003//85 2012//85 2013//85
f 2001//86 2010//86 2011//86
f 1999//87 2008//87 2009//87
f 2005//88 2004//88 2013//88
f 2002//89 2011//89 2012//89
f 2001//90 2000//90 2009//90
f 2008//101 2017//101 2018//101
f 2013//93 2022//93 2023//93
f 2011//94 2020//94 2021//94
f 2009//96 2018//96 2019//96
f 2013//99 2012//99 2021//99
f 2010//100 2019//100 2020//100
f 2023//31 2022//31 2031//31
f 2020//32 2029//33 2030//33
f 2018//34 2027//34 2028//34
f 2022//37 2021//37 2030//37
f 2019//38 2028//39 2029//39
f 2018//40 2017//40 2026//40
f 2031//44 2030//44 2039//44
f 2029//45 2028//45 2037//45
f 2026//46 2035//46 2036//46
f 2032//47 2031//47 2040//47
f 2028//41 2027//41 2036//41
f 2039//50 2048//50 2049//50
f 2038//51 2037//51 2046//51
f 2036//52 2035//52 2044//52
f 2040//53 2049//53 2050//53
f 2036//55 2045//55 2046//55
f 2049//58 2058//58 2059//58
f 2047//59 1984//59 2057//59
f 2045//61 2054//61 2055//61
f 2049//64 2048//64 2057//64
f 2047//65 2046//417 2055//65
f 2044//57 2053//57 2054//57
f 2095//491 2094//491 2033//491
f 2060//141 2042//342 2034//342
f 2091//142 2051//142 2043//142
f 2094//145 2093//145 2034//145
f 2060//146 2092//146 2043//341
f 2090//147 2052//552 2051//147
f 2043//155 2051//155 2016//155
f 2034//150 1998//150 1997//150
f 2043//151 2015//151 2007//151
f 2052//152 2024//152 2016//152
f 2033//153 1997//153 1988//153
f 2034//154 2042//330 2007//154
f 1997//156 1998//156 1981//156
f 2015//157 1983//427 1982//157
f 2024//158 1986//416 1985//158
f 1988//159 1997//159 1980//159
f 1998//160 2007//160 1982//160
f 2016//161 1985//161 1983//161
f 1985//173 1986//173 2062//173
f 1980//164 2067//164 2068//164
f 1981//166 1982//165 2065//166
f 1983//167 1985//167 2063//167
f 1980//170 1981//170 2066//170
f 1983//172 2064//172 2065//172
f 2067//102 2074//102 2075//102
f 2066//103 2065//103 2072//103
f 2063//105 2070//105 2071//105
f 2067//108 2066//108 2073//108
f 2064//109 2071//109 2072//109
f 2063//180 2062//180 2069//180
f 2074//115 2073//115 2080//115
f 2071//116 2078//414 2079//116
f 2069//117 2076//117 2077//117
f 2074//118 2081//118 2082//118
f 2073//119 2072//119 2079//119
f 2070//112 2077//112 2078//112
f 2081//122 2080//122 2087//122
f 2078//123 2085//123 2086//123
f 2077//124 2076//332 2083//124
f 2081//125 2088//125 2089//125
f 2079//127 2086//127 2087//127
f 2077//129 2084//129 2085//129
f 2088//132 2094//132 2095//132
f 2086//331 2060//133 2093//133
f 2084//134 2091//134 2092//134
f 2088//137 2087//137 2093//137
f 2086//139 2085//139 2092//138
f 2084//131 2083//131 2090//131
f 2152//82 2111//82 2110//82
f 2118//492 2113//83 2112//83
f 2149//84 2115//84 2114//84
f 2152//79 2151//79 2112//79
f 2118//80 2150//80 2114//493
f 2148//81 2116//81 2115//81
f 2115//90 2108//90 2107//90
f 2111//85 2112//85 2105//85
f 2113//86 2114//86 2107//86
f 2116//87 2109//87 2108//87
f 2111//88 2104//88 2103//88
f 2113//89 2106//89 2105//89
f 2104//99 2105//99 2097//99
f 2107//100 2099//100 2098//100
f 2108//101 2109//101 2101//101
f 2104//93 2096//93 2119//93
f 2106//94 2098//94 2097//94
f 2107//96 2108//96 2100//96
f 2100//40 2101//40 2120//40
f 2096//31 2125//31 2126//31
f 2097//32 2098//32 2123//32
f 2099//34 2100//34 2121//34
f 2097//37 2124//37 2125//37
f 2099//38 2122//38 2123//38
f 2125//47 2132//47 2133//47
f 2124//48 2123//48 2130//48
f 2121//41 2128//41 2129//41
f 2125//44 2124//44 2131//44
f 2122//45 2129//45 2130//45
f 2121//46 2120//46 2127//46
f 2132//50 2131//50 2138//50
f 2130//51 2129//51 2136//51
f 2128//52 2127//52 2134//52
f 2132//53 2139//53 2140//53
f 2130//54 2137//54 2138//54
f 2128//55 2135//55 2136//55
f 2138//64 2145//64 2146//64
f 2137//65 2136//65 2143//65
f 2134//57 2141//57 2142//57
f 2139//58 2146//58 2147//58
f 2137//59 2144//543 2145//59
f 2136//61 2135//61 2142//61
f 2147//67 2146//67 2152//67
f 2145//68 2144//69 2118//68
f 2143//70 2142//70 2149//70
f 2145//73 2151//73 2152//73
f 2143//74 2150//74 2118//74
f 2141//76 2148//76 2149//76
f 2211//140 2210//140 2161//140
f 2154//141 2159//141 2160//141
f 2208//142 2207//142 2157//142
f 2209//145 2160//145 2161//145
f 2154//146 2208//146 2158//146
f 2206//147 2156//552 2157//147
f 2157//155 2164//155 2165//155
f 2161//150 2160//150 2167//150
f 2158//151 2165//151 2166//151
f 2156//152 2163//152 2164//152
f 2160//154 2159//154 2166//154
f 2168//156 2167//156 2175//156
f 2165//157 2173//157 2174//157
f 2163//158 2171//158 2172//158
f 2169//159 2168//159 2176//159
f 2167//160 2166//160 2174//160
f 2164//161 2172//161 2173//161
f 2171//173 2178//173 2179//173
f 2177//164 2176//164 2183//164
f 2175//166 2174//165 2181//166
f 2172//167 2179//167 2180//167
f 2176//170 2175//170 2182//170
f 2173//172 2180//172 2181//172
f 2184//344 2183//344 2190//344
f 2182//344 2181//344 2188//344
f 2179//344 2186//344 2187//344
f 2183//344 2182//344 2189//344
f 2180//344 2187//344 2188//344
f 2178//344 2185//344 2186//344
f 2190//344 2189//344 2196//344
f 2187//344 2194//344 2195//344
f 2186//344 2185//344 2192//344
f 2190//344 2197//344 2198//344
f 2189//344 2188//344 2195//344
f 2186//344 2193//344 2194//344
f 2196//344 2203//344 2204//344
f 2195//344 2194//344 2201//344
f 2193//344 2192//344 2199//344
f 2197//344 2204//344 2205//344
f 2195//344 2202//344 2203//344
f 2194//344 2193//344 2200//344
f 2204//132 2210//132 2211//132
f 2202//133 2154//133 2209//133
f 2201//134 2200//134 2207//134
f 2203//137 2209//137 2210//137
f 2202//138 2201//139 2208//138
f 2200//131 2199//131 2206//131
f 2268//153 2227//153 2226//495
f 2234//154 2229//154 2228//154
f 2266//155 2265//155 2231//155
f 2267//150 2228//150 2227//150
f 2234//151 2266//151 2230//151
f 2265//152 2264//496 2232//496
f 2231//161 2224//161 2223//161
f 2227//156 2228//156 2221//156
f 2229//157 2230//157 2223//157
f 2231//158 2232//158 2225//158
f 2227//159 2220//159 2219//159
f 2229//160 2222//160 2221//160
f 2220//170 2221//170 2213//170
f 2223//172 2215//172 2214//172
f 2224//173 2225//173 2217//173
f 2220//164 2212//164 2235//164
f 2221//166 2222//166 2214//166
f 2224//167 2216//167 2215//167
f 2217//180 2236//180 2237//180
f 2212//102 2241//102 2242//102
f 2214//103 2239//103 2240//103
f 2216//105 2237//105 2238//105
f 2213//108 2240//108 2241//108
f 2214//109 2215//109 2238//109
f 2242//118 2241//118 2248//118
f 2240//334 2239//334 2246//334
f 2237//112 2244//112 2245//112
f 2241//115 2240//115 2247//115
f 2238//333 2245//333 2246//333
f 2236//117 2243//117 2244//117
f 2248//428 2247//428 2254//428
f 2245//428 2252//428 2253//428
f 2243//428 2250//428 2251//428
f 2249//428 2248//428 2255//428
f 2247//428 2246//428 2253//428
f 2244//428 2251//428 2252//428
f 2255//428 2254//428 2261//428
f 2252//428 2259//428 2260//428
f 2250//428 2257//428 2258//428
f 2256//428 2255//428 2262//428
f 2253//428 2260//428 2261//428
f 2251//428 2258//428 2259//428
f 2262//428 2268//428 2269//428
f 2260//428 2234//428 2267//428
f 2259//428 2258//428 2265//428
f 2261//428 2267//428 2268//428
f 2260//428 2259//428 2266//428
f 2258//428 2257//428 2264//428
f 1956//201 2305//201 2306//201
f 2273//200 2304//200 2303//200
f 1955//1 2306//1 2304//1
f 1952//3 2311//3 2312//3
f 2280//202 2317//202 2318//202
f 2271//2 2310//2 2307//2
f 1951//1 2312//1 2313//1
f 2272//202 2309//202 2310//202
f 1952//2 2275//2 2314//2
f 2284//1 2316//1 2317//1
f 1954//3 2307//3 2308//3
f 2283//3 2315//3 2316//3
f 2287//497 2303//497 2304//497
f 2290//497 2306//497 2305//497
f 2290//497 2288//497 2304//497
f 2289//497 2305//497 2303//497
f 2294//301 2308//301 2307//301
f 2295//301 2309//301 2308//301
f 2293//301 2307//301 2310//301
f 2296//301 2310//301 2309//301
f 2298//498 2312//498 2311//498
f 2299//498 2313//498 2312//498
f 2300//498 2297//498 2311//498
f 2300//498 2314//498 2313//498
f 2291//350 2292//350 2316//350
f 2301//350 2317//350 2316//350
f 2291//350 2315//350 2318//350
f 2302//350 2318//350 2317//350
f 2333//499 2353//499 2354//499
f 2329//500 2349//500 2350//500
f 2323//501 2343//501 2344//501
f 2301//199 2292//199 2332//199
f 2291//199 2302//199 2334//199
f 2337//502 2335//502 2339//502
f 2341//497 2339//497 2340//497
f 2337//503 2341//503 2342//503
f 2338//504 2342//504 2340//504
f 2336//505 2340//505 2339//505
f 2343//301 2346//301 2345//301
f 2325//506 2345//506 2346//506
f 2325//507 2324//507 2344//507
f 2323//508 2326//508 2346//508
f 2347//498 2350//498 2349//498
f 2329//509 2328//509 2348//509
f 2330//510 2350//510 2347//510
f 2327//511 2347//511 2348//511
f 2352//350 2351//350 2354//350
f 2333//512 2332//512 2352//512
f 2334//513 2354//513 2351//513
f 2331//514 2351//514 2352//514
f 2357//519 2371//519 2373//519
f 2358//520 2372//520 2371//520
f 1945//521 2374//521 2372//521
f 1943//522 2377//553 2378//522
f 1943//523 2281//523 2375//523
f 2355//524 2376//524 2375//524
f 2285//525 2359//525 2380//525
f 2361//526 2382//526 2380//526
f 2361//527 1941//527 2381//527
f 2365//528 2386//528 2385//528
f 2370//529 2384//529 2386//529
f 2370//530 2368//530 2383//530
usemtl Light
f 2270//2 13//2 15//2
f 358//219 355//219 356//219
f 362//220 359//220 360//220
f 365//221 364//221 366//221
f 370//222 367//222 369//222
f 1039//31 377//31 1040//31
f 2403//36 1040//36 377//36
f 1038//37 376//37 1039//37
f 376//47 1686//47 377//47
f 2403//43 377//43 1686//43
f 375//44 1685//44 376//44
f 2403//49 1686//49 384//49
f 1684//50 383//50 1685//50
f 1685//53 384//53 1686//53
f 383//64 1018//64 1019//64
f 384//58 1019//58 1020//58
f 2403//63 384//63 1020//63
f 1019//67 391//67 1020//67
f 2403//72 1020//72 391//72
f 1018//73 390//73 1019//73
f 2403//78 391//78 1707//78
f 389//79 1706//79 390//79
f 391//82 1706//82 1707//82
f 2403//92 1707//92 398//92
f 1706//85 396//85 397//85
f 1706//88 398//88 1707//88
f 397//93 1040//93 398//93
f 2403//98 398//98 1040//98
f 396//99 1039//99 397//99
f 609//2 607//2 2270//2
f 983//370 986//370 984//370
f 988//371 989//371 990//371
f 992//372 993//372 994//372
f 997//373 996//373 998//373
f 1006//93 1039//93 1040//93
f 2403//98 1006//98 1040//98
f 1005//99 1038//99 1039//99
f 2402//88 1005//88 1006//88
f 2403//92 2402//92 1006//92
f 2401//85 1004//85 1005//85
f 2403//78 1013//78 2402//78
f 1012//79 2400//79 2401//79
f 1013//82 2401//82 2402//82
f 1019//73 1011//73 1012//73
f 1020//67 1012//67 1013//67
f 2403//72 1020//72 1013//72
f 1020//58 1026//58 1019//58
f 2403//63 1027//63 1020//63
f 1026//64 1018//64 1019//64
f 2403//49 2431//49 1027//49
f 2430//50 1025//50 1026//50
f 2431//53 1026//53 1027//53
f 2403//43 1034//43 2431//43
f 1033//44 2429//44 2430//44
f 1034//47 2430//47 2431//47
f 1040//31 1033//31 1034//31
f 2403//36 1040//36 1034//36
f 1039//37 1032//37 1033//37
f 1284//2 1282//2 2270//2
f 1657//450 1660//450 1658//450
f 1664//451 1661//451 1663//451
f 1668//452 1665//452 1667//452
f 1671//453 1670//453 1672//453
f 1679//58 2443//58 2444//58
f 2403//63 1679//63 2444//63
f 1678//64 2442//64 2443//64
f 1686//53 1678//53 1679//53
f 2403//49 1686//49 1679//49
f 1678//50 1684//50 1677//50
f 2403//43 1693//43 1686//43
f 1692//44 1684//44 1685//44
f 1686//47 1692//47 1685//47
f 2416//37 1691//37 1692//37
f 2417//31 1692//31 1693//31
f 2403//36 2417//36 1693//36
f 1700//93 2416//93 2417//93
f 2403//98 1700//98 2417//98
f 2416//99 1698//99 2415//99
f 2403//92 1707//92 1700//92
f 1699//85 1705//85 1698//85
f 1707//88 1699//88 1700//88
f 2403//78 1714//78 1707//78
f 1706//79 1712//79 1705//79
f 1714//82 1706//82 1707//82
f 2444//67 1713//67 1714//67
f 2403//72 2444//72 1714//72
f 2443//73 1712//73 1713//73
f 2270//2 1960//2 1962//2
f 2372//515 2373//515 2371//515
f 2377//516 2376//516 2378//516
f 2381//517 2380//517 2382//517
f 2384//518 2385//518 2386//518
f 2443//67 2395//67 2444//67
f 2403//72 2444//72 2395//72
f 2442//73 2394//73 2443//73
f 2394//82 2402//82 2395//82
f 2403//78 2395//78 2402//78
f 2393//79 2401//79 2394//79
f 2403//92 2402//92 2410//92
f 2400//85 2409//85 2401//85
f 2402//88 2409//88 2410//88
f 2409//99 2415//99 2416//99
f 2410//93 2416//93 2417//93
f 2403//98 2410//98 2417//98
f 2417//31 2423//31 2424//31
f 2403//36 2417//36 2424//36
f 2415//37 2423//37 2416//37
f 2403//43 2424//43 2431//43
f 2423//44 2429//44 2430//44
f 2423//47 2431//47 2424//47
f 2403//49 2431//49 2438//49
f 2429//50 2437//50 2430//50
f 2430//53 2438//53 2431//53
f 2437//58 2444//58 2438//58
f 2403//63 2438//63 2444//63
f 2436//64 2443//64 2437//64
f 15//2 614//2 2270//2
f 2270//2 1288//2 13//2
f 13//2 14//2 15//2
f 358//219 357//219 355//219
f 362//220 361//220 359//220
f 365//221 363//221 364//221
f 370//222 368//222 367//222
f 1039//31 376//31 377//31
f 1038//37 375//37 376//37
f 376//47 1685//47 1686//47
f 375//44 1684//44 1685//44
f 1684//50 382//50 383//50
f 1685//53 383//53 384//53
f 383//64 382//64 1018//64
f 384//58 383//58 1019//58
f 1019//67 390//67 391//67
f 1018//73 389//73 390//73
f 389//79 1705//79 1706//79
f 391//82 390//82 1706//82
f 1706//85 1705//85 396//85
f 1706//88 397//88 398//88
f 397//93 1039//93 1040//93
f 396//99 1038//99 1039//99
f 2270//2 614//2 609//2
f 609//2 608//2 607//2
f 607//2 1969//2 2270//2
f 983//370 985//370 986//370
f 988//371 987//371 989//371
f 992//372 991//372 993//372
f 997//373 995//373 996//373
f 1006//93 1005//93 1039//93
f 1005//99 1004//99 1038//99
f 2402//88 2401//88 1005//88
f 2401//85 2400//85 1004//85
f 1012//79 1011//79 2400//79
f 1013//82 1012//82 2401//82
f 1019//73 1018//73 1011//73
f 1020//67 1019//67 1012//67
f 1020//58 1027//58 1026//58
f 1026//64 1025//64 1018//64
f 2430//50 2429//50 1025//50
f 2431//53 2430//53 1026//53
f 1033//44 1032//44 2429//44
f 1034//47 1033//47 2430//47
f 1040//31 1039//31 1033//31
f 1039//37 1038//37 1032//37
f 2270//2 1968//2 1284//2
f 1284//2 1283//2 1282//2
f 1282//2 1288//2 2270//2
f 1657//450 1659//450 1660//450
f 1664//451 1662//451 1661//451
f 1668//452 1666//452 1665//452
f 1671//453 1669//453 1670//453
f 1679//58 1678//58 2443//58
f 1678//64 1677//64 2442//64
f 1686//53 1685//53 1678//53
f 1678//50 1685//50 1684//50
f 1692//44 1691//44 1684//44
f 1686//47 1693//47 1692//47
f 2416//37 2415//37 1691//37
f 2417//31 2416//31 1692//31
f 1700//93 1699//93 2416//93
f 2416//99 1699//99 1698//99
f 1699//85 1706//85 1705//85
f 1707//88 1706//88 1699//88
f 1706//79 1713//79 1712//79
f 1714//82 1713//82 1706//82
f 2444//67 2443//67 1713//67
f 2443//73 2442//73 1712//73
f 1962//2 1968//2 2270//2
f 2270//2 1969//2 1960//2
f 1960//2 1961//2 1962//2
f 2372//515 2374//515 2373//515
f 2377//516 2375//516 2376//516
f 2381//517 2379//517 2380//517
f 2384//518 2383//518 2385//518
f 2443//67 2394//67 2395//67
f 2442//73 2393//73 2394//73
f 2394//82 2401//82 2402//82
f 2393//79 2400//79 2401//79
f 2400//85 2408//85 2409//85
f 2402//88 2401//88 2409//88
f 2409//99 2408//99 2415//99
f 2410//93 2409//93 2416//93
f 2417//31 2416//31 2423//31
f 2415//37 2422//37 2423//37
f 2423//44 2422//44 2429//44
f 2423//47 2430//47 2431//47
f 2429//50 2436//50 2437//50
f 2430//53 2437//53 2438//53
f 2437//58 2443//58 2444//58
f 2436//64 2442//64 2443//64
usemtl White
f 1066//237 399//237 400//237
f 1069//238 402//238 403//238
f 1071//239 404//239 405//239
f 399//240 414//240 407//240
f 401//241 408//241 409//241
f 403//242 410//242 411//242
f 405//243 412//243 413//243
f 1065//244 406//244 399//244
f 1067//245 400//245 401//245
f 1070//246 403//246 404//246
f 1072//247 405//247 406//247
f 408//248 399//248 407//248
f 402//249 409//249 410//249
f 404//250 411//250 412//250
f 414//251 405//251 413//251
f 402//252 1067//252 401//252
f 407//253 422//253 415//253
f 409//254 416//254 417//254
f 410//255 417//255 418//255
f 419//256 410//256 418//256
f 412//257 419//257 420//257
f 421//258 412//258 420//258
f 422//259 413//259 421//259
f 416//260 407//260 415//260
f 415//261 430//261 423//261
f 425//262 416//262 424//262
f 418//263 425//263 426//263
f 419//264 426//264 427//264
f 420//265 427//265 428//265
f 421//266 428//266 429//266
f 422//267 429//267 430//267
f 416//268 423//268 424//268
f 424//269 431//269 432//269
f 427//270 434//270 435//270
f 429//271 436//271 437//271
f 431//272 446//272 439//272
f 433//273 440//273 441//273
f 443//274 434//274 442//274
f 437//275 444//275 445//275
f 423//276 438//276 431//276
f 425//277 432//277 433//277
f 428//278 435//278 436//278
f 430//279 437//279 438//279
f 440//280 431//280 439//280
f 434//281 441//281 442//281
f 436//282 443//282 444//282
f 446//283 437//283 445//283
f 426//284 433//284 434//284
f 439//285 454//285 447//285
f 441//286 448//286 449//286
f 442//287 449//287 450//287
f 443//288 450//288 451//288
f 444//289 451//289 452//289
f 445//290 452//290 453//290
f 454//291 445//291 453//291
f 448//292 439//292 447//292
f 447//293 462//293 455//293
f 449//294 456//294 457//294
f 450//295 457//295 458//295
f 459//296 450//296 458//296
f 460//297 451//297 459//297
f 453//298 460//298 461//298
f 454//299 461//299 462//299
f 448//300 455//300 456//300
f 464//245 455//245 463//245
f 459//247 466//247 467//247
f 461//246 468//246 469//246
f 471//249 470//249 478//249
f 465//248 472//248 473//248
f 467//251 474//251 475//251
f 469//250 476//250 477//250
f 463//252 462//252 470//252
f 457//237 464//237 465//237
f 468//239 459//239 467//239
f 462//238 469//238 470//238
f 464//241 471//241 472//241
f 466//240 473//240 474//240
f 476//243 467//243 475//243
f 478//242 469//242 477//242
f 458//244 465//244 466//244
f 471//255 486//255 479//255
f 473//260 480//260 481//260
f 474//253 481//253 482//253
f 475//259 482//259 483//259
f 484//258 475//258 483//258
f 477//257 484//257 485//257
f 486//256 477//256 485//256
f 472//254 479//254 480//254
f 479//263 494//263 487//263
f 481//268 488//268 489//268
f 490//261 481//261 489//261
f 483//267 490//267 491//267
f 492//266 483//266 491//266
f 485//265 492//265 493//265
f 486//264 493//264 494//264
f 488//262 479//262 487//262
f 1042//277 487//277 1041//277
f 491//279 1044//279 1045//279
f 493//278 1046//278 1047//278
f 1049//281 1048//281 1056//281
f 1051//280 1042//280 1050//280
f 1045//283 1052//283 1053//283
f 1047//282 1054//282 1055//282
f 1041//284 494//284 1048//284
f 489//269 1042//269 1043//269
f 1046//271 491//271 1045//271
f 494//270 1047//270 1048//270
f 1042//273 1049//273 1050//273
f 1052//272 1043//272 1051//272
f 1046//275 1053//275 1054//275
f 1048//274 1055//274 1056//274
f 1044//276 489//276 1043//276
f 1049//287 1064//287 1057//287
f 1059//292 1050//292 1058//292
f 1052//285 1059//285 1060//285
f 1053//291 1060//291 1061//291
f 1062//290 1053//290 1061//290
f 1055//289 1062//289 1063//289
f 1056//288 1063//288 1064//288
f 1050//286 1057//286 1058//286
f 1057//295 1072//295 1065//295
f 1067//300 1058//300 1066//300
f 1060//293 1067//293 1068//293
f 1061//299 1068//299 1069//299
f 1062//298 1069//298 1070//298
f 1063//297 1070//297 1071//297
f 1064//296 1071//296 1072//296
f 1066//294 1057//294 1065//294
f 495//299 1828//299 1827//299
f 496//298 1829//298 1828//298
f 1829//297 498//297 1830//297
f 498//296 1831//296 1830//296
f 499//295 1832//295 1831//295
f 500//294 1833//294 1832//294
f 501//300 1834//300 1833//300
f 502//293 1827//293 1834//293
f 503//291 496//291 495//291
f 504//290 497//290 496//290
f 505//289 498//289 497//289
f 506//288 499//288 498//288
f 499//287 508//287 500//287
f 508//286 501//286 500//286
f 509//292 502//292 501//292
f 510//285 495//285 502//285
f 503//283 512//283 504//283
f 504//275 513//275 505//275
f 513//282 506//282 505//282
f 514//274 507//274 506//274
f 507//281 516//281 508//281
f 508//273 517//273 509//273
f 517//280 510//280 509//280
f 518//272 503//272 510//272
f 511//279 1178//279 512//279
f 1178//271 513//271 512//271
f 1179//278 514//278 513//278
f 1180//270 515//270 514//270
f 1181//284 516//284 515//284
f 1182//277 517//277 516//277
f 1183//269 518//269 517//269
f 1184//276 511//276 518//276
f 1177//267 520//267 1178//267
f 520//266 1179//266 1178//266
f 521//265 1180//265 1179//265
f 522//264 1181//264 1180//264
f 523//263 1182//263 1181//263
f 1182//262 525//262 1183//262
f 1183//268 526//268 1184//268
f 526//261 1177//261 1184//261
f 519//259 528//259 520//259
f 528//258 521//258 520//258
f 529//257 522//257 521//257
f 530//256 523//256 522//256
f 531//255 524//255 523//255
f 532//254 525//254 524//254
f 533//260 526//260 525//260
f 534//253 519//253 526//253
f 535//251 528//251 527//251
f 536//243 529//243 528//243
f 537//250 530//250 529//250
f 538//242 531//242 530//242
f 531//249 540//249 532//249
f 540//241 533//241 532//241
f 533//248 542//248 534//248
f 542//240 527//240 534//240
f 535//247 1884//247 536//247
f 1884//239 537//239 536//239
f 1885//246 538//246 537//246
f 1886//238 539//238 538//238
f 539//252 1888//252 540//252
f 1888//245 541//245 540//245
f 541//237 1890//237 542//237
f 1890//244 535//244 542//244
f 543//296 1884//296 1883//296
f 544//297 1885//297 1884//297
f 545//298 1886//298 1885//298
f 546//299 1887//299 1886//299
f 547//293 1888//293 1887//293
f 548//300 1889//300 1888//300
f 549//294 1890//294 1889//294
f 550//295 1883//295 1890//295
f 551//288 544//288 543//288
f 552//289 545//289 544//289
f 553//290 546//290 545//290
f 546//291 555//291 547//291
f 555//285 548//285 547//285
f 548//292 557//292 549//292
f 549//286 558//286 550//286
f 550//287 551//287 543//287
f 559//274 552//274 551//274
f 552//282 561//282 553//282
f 561//275 554//275 553//275
f 554//283 563//283 555//283
f 563//272 556//272 555//272
f 556//280 565//280 557//280
f 565//273 558//273 557//273
f 558//281 559//281 551//281
f 1233//270 560//270 559//270
f 1234//278 561//278 560//278
f 1235//271 562//271 561//271
f 562//279 1237//279 563//279
f 563//276 1238//276 564//276
f 1238//269 565//269 564//269
f 565//277 1240//277 566//277
f 1240//284 559//284 566//284
f 567//264 1234//264 1233//264
f 568//265 1235//265 1234//265
f 569//266 1236//266 1235//266
f 1236//267 571//267 1237//267
f 571//261 1238//261 1237//261
f 572//268 1239//268 1238//268
f 573//262 1240//262 1239//262
f 574//263 1233//263 1240//263
f 575//256 568//256 567//256
f 568//257 577//257 569//257
f 577//258 570//258 569//258
f 570//259 579//259 571//259
f 579//253 572//253 571//253
f 580//260 573//260 572//260
f 581//254 574//254 573//254
f 574//255 575//255 567//255
f 583//242 576//242 575//242
f 584//250 577//250 576//250
f 577//243 586//243 578//243
f 586//251 579//251 578//251
f 587//240 580//240 579//240
f 580//248 589//248 581//248
f 589//241 582//241 581//241
f 590//249 575//249 582//249
f 1827//238 584//238 583//238
f 1828//246 585//246 584//246
f 1829//239 586//239 585//239
f 1830//247 587//247 586//247
f 587//244 1832//244 588//244
f 588//237 1833//237 589//237
f 1833//245 590//245 589//245
f 1834//252 583//252 590//252
f 1073//300 1740//300 1074//300
f 1076//296 1743//296 1077//296
f 1078//298 1745//298 1079//298
f 1081//285 1080//285 1073//285
f 1083//286 1074//286 1075//286
f 1084//288 1077//288 1085//288
f 1087//290 1078//290 1079//290
f 1080//293 1739//293 1073//293
f 1075//294 1740//294 1741//294
f 1077//297 1744//297 1078//297
f 1079//299 1746//299 1080//299
f 1081//292 1074//292 1082//292
f 1083//287 1076//287 1084//287
f 1086//289 1077//289 1078//289
f 1087//291 1080//291 1088//291
f 1075//295 1742//295 1076//295
f 1096//272 1081//272 1089//272
f 1090//273 1083//273 1091//273
f 1091//281 1084//281 1092//281
f 1093//274 1084//274 1085//274
f 1094//282 1085//282 1086//282
f 1095//275 1086//275 1087//275
f 1095//283 1088//283 1096//283
f 1089//280 1082//280 1090//280
f 430//276 1089//276 423//276
f 424//277 1091//277 425//277
f 425//284 1092//284 426//284
f 427//270 1092//270 1093//270
f 428//278 1093//278 1094//278
f 429//271 1094//271 1095//271
f 429//279 1096//279 430//279
f 423//269 1090//269 424//269
f 1097//261 430//261 423//261
f 1098//262 425//262 1099//262
f 1099//263 426//263 1100//263
f 1100//264 427//264 1101//264
f 1102//265 427//265 428//265
f 1102//266 429//266 1103//266
f 1103//267 430//267 1104//267
f 1098//268 423//268 424//268
f 1105//253 1104//253 1097//253
f 1106//254 1099//254 1107//254
f 1107//255 1100//255 1108//255
f 1109//256 1100//256 1101//256
f 1109//257 1102//257 1110//257
f 1110//258 1103//258 1111//258
f 1111//259 1104//259 1112//259
f 1105//260 1098//260 1106//260
f 1120//240 1105//240 1113//240
f 1114//241 1107//241 1115//241
f 1115//249 1108//249 1116//249
f 1117//242 1108//242 1109//242
f 1118//250 1109//250 1110//250
f 1118//243 1111//243 1119//243
f 1119//251 1112//251 1120//251
f 1114//248 1105//248 1106//248
f 1128//244 1113//244 1121//244
f 1123//245 1114//245 1115//245
f 1123//252 1116//252 1124//252
f 1124//238 1117//238 1125//238
f 1125//246 1118//246 1126//246
f 1126//239 1119//239 1127//239
f 1128//247 1119//247 1120//247
f 1121//237 1114//237 1122//237
f 1130//294 1121//294 1122//294
f 1132//299 1125//299 1133//299
f 1134//297 1127//297 1135//297
f 1144//287 1129//287 1137//287
f 1138//292 1131//292 1139//292
f 1140//291 1133//291 1141//291
f 1143//289 1134//289 1135//289
f 1136//295 1121//295 1129//295
f 1130//300 1123//300 1131//300
f 1133//298 1126//298 1134//298
f 1135//296 1128//296 1136//296
f 1137//286 1130//286 1138//286
f 1140//285 1131//285 1132//285
f 1142//290 1133//290 1134//290
f 1143//288 1136//288 1144//288
f 1132//293 1123//293 1124//293
f 1152//281 1137//281 1145//281
f 1146//280 1139//280 1147//280
f 1148//272 1139//272 1140//272
f 1148//283 1141//283 1149//283
f 1149//275 1142//275 1150//275
f 1150//282 1143//282 1151//282
f 1152//274 1143//274 1144//274
f 1145//273 1138//273 1146//273
f 494//284 1145//284 487//284
f 488//269 1147//269 489//269
f 490//276 1147//276 1148//276
f 490//279 1149//279 491//279
f 492//271 1149//271 1150//271
f 492//278 1151//278 493//278
f 494//270 1151//270 1152//270
f 487//277 1146//277 488//277
f 1722//263 487//263 1715//263
f 1717//268 488//268 489//268
f 1717//261 490//261 1718//261
f 1718//267 491//267 1719//267
f 1720//266 491//266 492//266
f 1720//265 493//265 1721//265
f 1722//264 493//264 494//264
f 1715//262 488//262 1716//262
f 1723//255 1722//255 1715//255
f 1724//260 1717//260 1725//260
f 1726//253 1717//253 1718//253
f 1726//259 1719//259 1727//259
f 1728//258 1719//258 1720//258
f 1728//257 1721//257 1729//257
f 1729//256 1722//256 1730//256
f 1724//254 1715//254 1716//254
f 1738//249 1723//249 1731//249
f 1732//248 1725//248 1733//248
f 1734//240 1725//240 1726//240
f 1734//251 1727//251 1735//251
f 1736//243 1727//243 1728//243
f 1736//250 1729//250 1737//250
f 1737//242 1730//242 1738//242
f 1732//241 1723//241 1724//241
f 1746//252 1731//252 1739//252
f 1740//237 1733//237 1741//237
f 1742//244 1733//244 1734//244
f 1742//247 1735//247 1743//247
f 1744//239 1735//239 1736//239
f 1744//246 1737//246 1745//246
f 1745//238 1738//238 1746//238
f 1739//245 1732//245 1740//245
f 2574//247 1153//247 2573//247
f 2575//239 1154//239 2574//239
f 2576//246 1155//246 2575//246
f 2577//238 1156//238 2576//238
f 2578//252 1157//252 2577//252
f 2578//245 1159//245 1158//245
f 2580//237 1159//237 2579//237
f 2573//244 1160//244 2580//244
f 1154//251 1161//251 1153//251
f 1154//243 1163//243 1162//243
f 1156//250 1163//250 1155//250
f 1156//242 1165//242 1164//242
f 1158//249 1165//249 1157//249
f 1158//241 1167//241 1166//241
f 1160//248 1167//248 1159//248
f 1153//240 1168//240 1160//240
f 1162//259 1169//259 1161//259
f 1162//258 1171//258 1170//258
f 1164//257 1171//257 1163//257
f 1164//256 1173//256 1172//256
f 1165//255 1174//255 1173//255
f 1167//254 1174//254 1166//254
f 1168//260 1175//260 1167//260
f 1168//253 1169//253 1176//253
f 1170//267 1177//267 1169//267
f 1170//266 1179//266 1178//266
f 1172//265 1179//265 1171//265
f 1173//264 1180//264 1172//264
f 1173//263 1182//263 1181//263
f 1175//262 1182//262 1174//262
f 1176//268 1183//268 1175//268
f 1169//261 1184//261 1176//261
f 1178//279 1185//279 1177//279
f 1179//271 1186//271 1178//271
f 1179//278 1188//278 1187//278
f 1181//270 1188//270 1180//270
f 1182//284 1189//284 1181//284
f 1183//277 1190//277 1182//277
f 1184//269 1191//269 1183//269
f 1184//276 1185//276 1192//276
f 1185//283 1194//283 1193//283
f 1187//275 1194//275 1186//275
f 1187//282 1196//282 1195//282
f 1189//274 1196//274 1188//274
f 1190//281 1197//281 1189//281
f 1191//273 1198//273 1190//273
f 1192//280 1199//280 1191//280
f 1185//272 1200//272 1192//272
f 1194//291 1201//291 1193//291
f 1195//290 1202//290 1194//290
f 1195//289 1204//289 1203//289
f 1197//288 1204//288 1196//288
f 1197//287 1206//287 1205//287
f 1199//286 1206//286 1198//286
f 1200//292 1207//292 1199//292
f 1193//285 1208//285 1200//285
f 1201//299 2638//299 2637//299
f 1203//298 2638//298 1202//298
f 1204//297 2639//297 1203//297
f 1205//296 2640//296 1204//296
f 1205//295 2642//295 2641//295
f 1206//294 2643//294 2642//294
f 1208//300 2643//300 1207//300
f 1201//293 2644//293 1208//293
f 2637//238 1210//238 1209//238
f 2639//246 1210//246 2638//246
f 2639//239 1212//239 1211//239
f 2641//247 1212//247 2640//247
f 2641//244 1214//244 1213//244
f 2643//237 1214//237 2642//237
f 2644//245 1215//245 2643//245
f 2637//252 1216//252 2644//252
f 1210//242 1217//242 1209//242
f 1211//250 1218//250 1210//250
f 1212//243 1219//243 1211//243
f 1213//251 1220//251 1212//251
f 1214//240 1221//240 1213//240
f 1215//248 1222//248 1214//248
f 1215//241 1224//241 1223//241
f 1209//249 1224//249 1216//249
f 1218//256 1225//256 1217//256
f 1219//257 1226//257 1218//257
f 1219//258 1228//258 1227//258
f 1221//259 1228//259 1220//259
f 1222//253 1229//253 1221//253
f 1223//260 1230//260 1222//260
f 1223//254 1232//254 1231//254
f 1217//255 1232//255 1224//255
f 1225//264 1234//264 1233//264
f 1227//265 1234//265 1226//265
f 1228//266 1235//266 1227//266
f 1229//267 1236//267 1228//267
f 1229//261 1238//261 1237//261
f 1231//268 1238//268 1230//268
f 1232//262 1239//262 1231//262
f 1225//263 1240//263 1232//263
f 1234//270 1241//270 1233//270
f 1234//278 1243//278 1242//278
f 1235//271 1244//271 1243//271
f 1237//279 1244//279 1236//279
f 1237//276 1246//276 1245//276
f 1239//269 1246//269 1238//269
f 1240//277 1247//277 1239//277
f 1233//284 1248//284 1240//284
f 1242//274 1249//274 1241//274
f 1242//282 1251//282 1250//282
f 1244//275 1251//275 1243//275
f 1244//283 1253//283 1252//283
f 1246//272 1253//272 1245//272
f 1247//280 1254//280 1246//280
f 1248//273 1255//273 1247//273
f 1248//281 1249//281 1256//281
f 1249//288 1258//288 1257//288
f 1251//289 1258//289 1250//289
f 1252//290 1259//290 1251//290
f 1253//291 1260//291 1252//291
f 1254//285 1261//285 1253//285
f 1255//292 1262//292 1254//292
f 1256//286 1263//286 1255//286
f 1249//287 1264//287 1256//287
f 1258//296 2573//296 1257//296
f 1259//297 2574//297 1258//297
f 1259//298 2576//298 2575//298
f 1261//299 2576//299 1260//299
f 1261//293 2578//293 2577//293
f 1263//300 2578//300 1262//300
f 1264//294 2579//294 1263//294
f 1257//295 2580//295 1264//295
f 1747//294 1066//294 1748//294
f 1751//298 1070//298 1752//298
f 1753//296 1072//296 1754//296
f 1756//286 1747//286 1748//286
f 1757//285 1750//285 1758//285
f 1760//290 1751//290 1752//290
f 1761//288 1754//288 1762//288
f 1749//293 1068//293 1750//293
f 1770//281 1755//281 1763//281
f 1764//280 1757//280 1765//280
f 1765//272 1758//272 1766//272
f 1766//283 1759//283 1767//283
f 1767//275 1760//275 1768//275
f 1768//282 1761//282 1769//282
f 1770//274 1761//274 1762//274
f 1764//273 1755//273 1756//273
f 1778//284 1763//284 1771//284
f 1773//269 1764//269 1765//269
f 1773//276 1766//276 1774//276
f 1774//279 1767//279 1775//279
f 1775//271 1768//271 1776//271
f 1777//278 1768//278 1769//278
f 1777//270 1770//270 1778//270
f 1771//277 1764//277 1772//277
f 1786//263 1771//263 1779//263
f 1781//268 1772//268 1773//268
f 1781//261 1774//261 1782//261
f 1783//267 1774//267 1775//267
f 1784//266 1775//266 1776//266
f 1785//265 1776//265 1777//265
f 1785//264 1778//264 1786//264
f 1780//262 1771//262 1772//262
f 1788//254 1779//254 1780//254
f 1790//259 1783//259 1791//259
f 1792//257 1785//257 1793//257
f 1802//249 1787//249 1795//249
f 1797//248 1788//248 1789//248
f 1798//251 1791//251 1799//251
f 1800//250 1793//250 1801//250
f 1794//255 1779//255 1787//255
f 1789//260 1780//260 1781//260
f 1791//258 1784//258 1792//258
f 1793//256 1786//256 1794//256
f 1796//241 1787//241 1788//241
f 1797//240 1790//240 1798//240
f 1800//243 1791//243 1792//243
f 1801//242 1794//242 1802//242
f 1789//253 1782//253 1790//253
f 462//252 1795//252 455//252
f 456//237 1797//237 457//237
f 457//244 1798//244 458//244
f 458//247 1799//247 459//247
f 459//239 1800//239 460//239
f 461//246 1800//246 1801//246
f 462//238 1801//238 1802//238
f 455//245 1796//245 456//245
f 1810//293 455//293 1803//293
f 1804//294 457//294 1805//294
f 1805//295 458//295 1806//295
f 1806//296 459//296 1807//296
f 1807//297 460//297 1808//297
f 1808//298 461//298 1809//298
f 1809//299 462//299 1810//299
f 1803//300 456//300 1804//300
f 1811//285 1810//285 1803//285
f 1813//286 1804//286 1805//286
f 1814//287 1805//287 1806//287
f 1814//288 1807//288 1815//288
f 1816//289 1807//289 1808//289
f 1816//290 1809//290 1817//290
f 1817//291 1810//291 1818//291
f 1811//292 1804//292 1812//292
f 1826//272 1811//272 1819//272
f 1821//273 1812//273 1813//273
f 1822//281 1813//281 1814//281
f 1822//274 1815//274 1823//274
f 1824//282 1815//282 1816//282
f 1824//275 1817//275 1825//275
f 1825//283 1818//283 1826//283
f 1819//280 1812//280 1820//280
f 2452//276 1819//276 2445//276
f 2447//277 1820//277 1821//277
f 2447//284 1822//284 2448//284
f 2448//270 1823//270 2449//270
f 2449//278 1824//278 2450//278
f 2450//271 1825//271 2451//271
f 2451//279 1826//279 2452//279
f 2445//269 1820//269 2446//269
f 2460//261 2445//261 2453//261
f 2454//262 2447//262 2455//262
f 2456//263 2447//263 2448//263
f 2456//264 2449//264 2457//264
f 2458//265 2449//265 2450//265
f 2458//266 2451//266 2459//266
f 2459//267 2452//267 2460//267
f 2453//268 2446//268 2454//268
f 2462//260 2453//260 2454//260
f 2464//256 2457//256 2465//256
f 2466//258 2459//258 2467//258
f 2469//240 2468//240 2461//240
f 2470//241 2463//241 2471//241
f 2472//242 2465//242 2473//242
f 2474//243 2467//243 2475//243
f 2468//253 2453//253 2461//253
f 2462//254 2455//254 2463//254
f 2465//257 2458//257 2466//257
f 2467//259 2460//259 2468//259
f 2469//248 2462//248 2470//248
f 2472//249 2463//249 2464//249
f 2474//250 2465//250 2466//250
f 2475//251 2468//251 2476//251
f 2464//255 2455//255 2456//255
f 1072//244 2469//244 1065//244
f 1066//245 2471//245 1067//245
f 1067//252 2472//252 1068//252
f 1068//238 2473//238 1069//238
f 1070//246 2473//246 2474//246
f 1070//239 2475//239 1071//239
f 1071//247 2476//247 1072//247
f 1066//237 2469//237 2470//237
f 1754//295 1065//295 1747//295
f 1750//299 1069//299 1751//299
f 1752//297 1071//297 1753//297
f 1762//287 1747//287 1755//287
f 1756//292 1749//292 1757//292
f 1758//291 1751//291 1759//291
f 1761//289 1752//289 1753//289
f 1748//300 1067//300 1749//300
f 1828//238 1835//238 1827//238
f 1828//246 1837//246 1836//246
f 1829//239 1838//239 1837//239
f 1831//247 1838//247 1830//247
f 1832//244 1839//244 1831//244
f 1833//237 1840//237 1832//237
f 1834//245 1841//245 1833//245
f 1827//252 1842//252 1834//252
f 1836//242 1843//242 1835//242
f 1836//250 1845//250 1844//250
f 1838//243 1845//243 1837//243
f 1839//251 1846//251 1838//251
f 1840//240 1847//240 1839//240
f 1841//248 1848//248 1840//248
f 1842//241 1849//241 1841//241
f 1835//249 1850//249 1842//249
f 1844//256 1851//256 1843//256
f 1844//257 1853//257 1852//257
f 1846//258 1853//258 1845//258
f 1847//259 1854//259 1846//259
f 1848//253 1855//253 1847//253
f 1849//260 1856//260 1848//260
f 1850//254 1857//254 1849//254
f 1850//255 1851//255 1858//255
f 1851//264 2606//264 2605//264
f 1852//265 2607//265 2606//265
f 1853//266 2608//266 2607//266
f 1854//267 2609//267 2608//267
f 1855//261 2610//261 2609//261
f 1857//268 2610//268 1856//268
f 1858//262 2611//262 1857//262
f 1851//263 2612//263 1858//263
f 2605//270 1860//270 1859//270
f 2607//278 1860//278 2606//278
f 2608//271 1861//271 2607//271
f 2609//279 1862//279 2608//279
f 2609//276 1864//276 1863//276
f 2611//269 1864//269 2610//269
f 2611//277 1866//277 1865//277
f 2605//284 1866//284 2612//284
f 1859//274 1868//274 1867//274
f 1861//282 1868//282 1860//282
f 1861//275 1870//275 1869//275
f 1863//283 1870//283 1862//283
f 1863//272 1872//272 1871//272
f 1865//280 1872//280 1864//280
f 1865//273 1874//273 1873//273
f 1859//281 1874//281 1866//281
f 1867//288 1876//288 1875//288
f 1869//289 1876//289 1868//289
f 1869//290 1878//290 1877//290
f 1871//291 1878//291 1870//291
f 1871//285 1880//285 1879//285
f 1873//292 1880//292 1872//292
f 1873//286 1882//286 1881//286
f 1867//287 1882//287 1874//287
f 1876//296 1883//296 1875//296
f 1877//297 1884//297 1876//297
f 1878//298 1885//298 1877//298
f 1879//299 1886//299 1878//299
f 1879//293 1888//293 1887//293
f 1881//300 1888//300 1880//300
f 1881//294 1890//294 1889//294
f 1875//295 1890//295 1882//295
f 1883//247 1892//247 1891//247
f 1885//239 1892//239 1884//239
f 1885//246 1894//246 1893//246
f 1887//238 1894//238 1886//238
f 1887//252 1896//252 1895//252
f 1889//245 1896//245 1888//245
f 1890//237 1897//237 1889//237
f 1883//244 1898//244 1890//244
f 1891//251 1900//251 1899//251
f 1892//243 1901//243 1900//243
f 1893//250 1902//250 1901//250
f 1894//242 1903//242 1902//242
f 1895//249 1904//249 1903//249
f 1897//241 1904//241 1896//241
f 1897//248 1906//248 1905//248
f 1891//240 1906//240 1898//240
f 1900//259 1907//259 1899//259
f 1900//258 1909//258 1908//258
f 1901//257 1910//257 1909//257
f 1903//256 1910//256 1902//256
f 1903//255 1912//255 1911//255
f 1905//254 1912//254 1904//254
f 1905//260 1914//260 1913//260
f 1899//253 1914//253 1906//253
f 1908//267 2669//267 1907//267
f 1909//266 2670//266 1908//266
f 1910//265 2671//265 1909//265
f 1911//264 2672//264 1910//264
f 1911//263 2674//263 2673//263
f 1913//262 2674//262 1912//262
f 1914//268 2675//268 1913//268
f 1907//261 2676//261 1914//261
f 2670//279 1915//279 2669//279
f 2670//271 1917//271 1916//271
f 2671//278 1918//278 1917//278
f 2673//270 1918//270 2672//270
f 2674//284 1919//284 2673//284
f 2675//277 1920//277 2674//277
f 2676//269 1921//269 2675//269
f 2676//276 1915//276 1922//276
f 1916//283 1923//283 1915//283
f 1917//275 1924//275 1916//275
f 1918//282 1925//282 1917//282
f 1918//274 1927//274 1926//274
f 1920//281 1927//281 1919//281
f 1921//273 1928//273 1920//273
f 1922//280 1929//280 1921//280
f 1922//272 1923//272 1930//272
f 1924//291 1931//291 1923//291
f 1924//290 1933//290 1932//290
f 1926//289 1933//289 1925//289
f 1926//288 1935//288 1934//288
f 1928//287 1935//287 1927//287
f 1928//286 1937//286 1936//286
f 1930//292 1937//292 1929//292
f 1923//285 1938//285 1930//285
f 1932//299 1827//299 1931//299
f 1932//298 1829//298 1828//298
f 1934//297 1829//297 1933//297
f 1935//296 1830//296 1934//296
f 1935//295 1832//295 1831//295
f 1937//294 1832//294 1936//294
f 1938//300 1833//300 1937//300
f 1931//293 1834//293 1938//293
f 1740//245 2477//245 2478//245
f 1744//239 2481//239 2482//239
f 1746//238 2483//238 2484//238
f 2478//241 2485//241 2486//241
f 2480//240 2487//240 2488//240
f 2490//243 2481//243 2489//243
f 2492//242 2483//242 2491//242
f 2480//244 1741//244 2479//244
f 2485//255 2500//255 2493//255
f 2495//260 2486//260 2494//260
f 2488//253 2495//253 2496//253
f 2497//259 2488//259 2496//259
f 2490//258 2497//258 2498//258
f 2499//257 2490//257 2498//257
f 2492//256 2499//256 2500//256
f 2486//254 2493//254 2494//254
f 1771//263 2500//263 1778//263
f 2495//268 1772//268 1773//268
f 2496//261 1773//261 1774//261
f 1775//267 2496//267 1774//267
f 1776//266 2497//266 1775//266
f 2499//265 1776//265 1777//265
f 2500//264 1777//264 1778//264
f 2494//262 1771//262 1772//262
f 2501//284 1778//284 2508//284
f 2503//269 1772//269 2502//269
f 1774//276 2503//276 2504//276
f 1775//279 2504//279 2505//279
f 1776//271 2505//271 2506//271
f 1777//278 2506//278 2507//278
f 1778//270 2507//270 2508//270
f 1772//277 2501//277 2502//277
f 2509//281 2508//281 2516//281
f 2511//280 2502//280 2510//280
f 2504//272 2511//272 2512//272
f 2513//283 2504//283 2512//283
f 2506//275 2513//275 2514//275
f 2507//282 2514//282 2515//282
f 2508//274 2515//274 2516//274
f 2502//273 2509//273 2510//273
f 2509//287 2524//287 2517//287
f 2511//292 2518//292 2519//292
f 2512//285 2519//285 2520//285
f 2521//291 2512//291 2520//291
f 2514//290 2521//290 2522//290
f 2515//289 2522//289 2523//289
f 2516//288 2523//288 2524//288
f 2518//286 2509//286 2517//286
f 2517//295 1128//295 1121//295
f 1123//300 2518//300 1122//300
f 2520//293 1123//293 1124//293
f 2521//299 1124//299 1125//299
f 1126//298 2521//298 1125//298
f 2523//297 1126//297 1127//297
f 2524//296 1127//296 1128//296
f 2518//294 1121//294 1122//294
f 2525//244 1128//244 2532//244
f 1123//245 2526//245 2527//245
f 2528//252 1123//252 2527//252
f 1125//238 2528//238 2529//238
f 2530//246 1125//246 2529//246
f 1127//239 2530//239 2531//239
f 1128//247 2531//247 2532//247
f 2526//237 1121//237 2525//237
f 2533//240 2532//240 2540//240
f 2527//241 2534//241 2535//241
f 2536//249 2527//249 2535//249
f 2529//242 2536//242 2537//242
f 2530//250 2537//250 2538//250
f 2531//243 2538//243 2539//243
f 2532//251 2539//251 2540//251
f 2534//248 2525//248 2533//248
f 2533//253 2548//253 2541//253
f 2535//254 2542//254 2543//254
f 2544//255 2535//255 2543//255
f 2537//256 2544//256 2545//256
f 2546//257 2537//257 2545//257
f 2539//258 2546//258 2547//258
f 2548//259 2539//259 2547//259
f 2542//260 2533//260 2541//260
f 2541//261 2452//261 2445//261
f 2543//262 2446//262 2447//262
f 2544//263 2447//263 2448//263
f 2545//264 2448//264 2449//264
f 2546//265 2449//265 2450//265
f 2547//266 2450//266 2451//266
f 2452//267 2547//267 2451//267
f 2446//268 2541//268 2445//268
f 2445//276 2556//276 2549//276
f 2551//277 2446//277 2550//277
f 2552//284 2447//284 2551//284
f 2449//270 2552//270 2553//270
f 2450//278 2553//278 2554//278
f 2451//271 2554//271 2555//271
f 2556//279 2451//279 2555//279
f 2550//269 2445//269 2549//269
f 2557//272 2556//272 2564//272
f 2559//273 2550//273 2558//273
f 2552//281 2559//281 2560//281
f 2553//274 2560//274 2561//274
f 2554//282 2561//282 2562//282
f 2555//275 2562//275 2563//275
f 2556//283 2563//283 2564//283
f 2550//280 2557//280 2558//280
f 2557//285 2572//285 2565//285
f 2559//286 2566//286 2567//286
f 2568//287 2559//287 2567//287
f 2561//288 2568//288 2569//288
f 2562//289 2569//289 2570//289
f 2571//290 2562//290 2570//290
f 2572//291 2563//291 2571//291
f 2566//292 2557//292 2565//292
f 2565//293 1746//293 1739//293
f 2567//294 1740//294 1741//294
f 1742//295 2567//295 1741//295
f 2569//296 1742//296 1743//296
f 2570//297 1743//297 1744//297
f 2571//298 1744//298 1745//298
f 2572//299 1745//299 1746//299
f 1740//300 2565//300 1739//300
f 1739//252 2484//252 2477//252
f 1743//247 2480//247 2481//247
f 1745//246 2482//246 2483//246
f 2477//249 2492//249 2485//249
f 2479//248 2486//248 2487//248
f 2481//251 2488//251 2489//251
f 2491//250 2482//250 2490//250
f 1741//237 2478//237 2479//237
f 2581//296 2574//296 2573//296
f 2582//297 2575//297 2574//297
f 2583//298 2576//298 2575//298
f 2584//299 2577//299 2576//299
f 2585//293 2578//293 2577//293
f 2578//300 2587//300 2579//300
f 2579//294 2588//294 2580//294
f 2588//295 2573//295 2580//295
f 2589//288 2582//288 2581//288
f 2582//289 2591//289 2583//289
f 2591//290 2584//290 2583//290
f 2592//291 2585//291 2584//291
f 2593//285 2586//285 2585//285
f 2586//292 2595//292 2587//292
f 2595//286 2588//286 2587//286
f 2588//287 2589//287 2581//287
f 2597//274 2590//274 2589//274
f 2590//282 2599//282 2591//282
f 2599//275 2592//275 2591//275
f 2592//283 2601//283 2593//283
f 2593//272 2602//272 2594//272
f 2602//280 2595//280 2594//280
f 2603//273 2596//273 2595//273
f 2604//281 2589//281 2596//281
f 2605//270 2598//270 2597//270
f 2606//278 2599//278 2598//278
f 2607//271 2600//271 2599//271
f 2600//279 2609//279 2601//279
f 2609//276 2602//276 2601//276
f 2610//269 2603//269 2602//269
f 2603//277 2612//277 2604//277
f 2612//284 2597//284 2604//284
f 2613//264 2606//264 2605//264
f 2614//265 2607//265 2606//265
f 2615//266 2608//266 2607//266
f 2608//267 2617//267 2609//267
f 2617//261 2610//261 2609//261
f 2610//268 2619//268 2611//268
f 2619//262 2612//262 2611//262
f 2612//263 2613//263 2605//263
f 2621//256 2614//256 2613//256
f 2622//257 2615//257 2614//257
f 2623//258 2616//258 2615//258
f 2624//259 2617//259 2616//259
f 2617//253 2626//253 2618//253
f 2626//260 2619//260 2618//260
f 2627//254 2620//254 2619//254
f 2620//255 2621//255 2613//255
f 2629//242 2622//242 2621//242
f 2630//250 2623//250 2622//250
f 2631//243 2624//243 2623//243
f 2632//251 2625//251 2624//251
f 2633//240 2626//240 2625//240
f 2634//248 2627//248 2626//248
f 2635//241 2628//241 2627//241
f 2628//249 2629//249 2621//249
f 2637//238 2630//238 2629//238
f 2638//246 2631//246 2630//246
f 2639//239 2632//239 2631//239
f 2640//247 2633//247 2632//247
f 2641//244 2634//244 2633//244
f 2634//237 2643//237 2635//237
f 2643//245 2636//245 2635//245
f 2636//252 2637//252 2629//252
f 2645//299 2638//299 2637//299
f 2646//298 2639//298 2638//298
f 2647//297 2640//297 2639//297
f 2648//296 2641//296 2640//296
f 2649//295 2642//295 2641//295
f 2650//294 2643//294 2642//294
f 2643//300 2652//300 2644//300
f 2652//293 2637//293 2644//293
f 2653//291 2646//291 2645//291
f 2646//290 2655//290 2647//290
f 2655//289 2648//289 2647//289
f 2648//288 2657//288 2649//288
f 2649//287 2658//287 2650//287
f 2658//286 2651//286 2650//286
f 2659//292 2652//292 2651//292
f 2660//285 2645//285 2652//285
f 2661//283 2654//283 2653//283
f 2654//275 2663//275 2655//275
f 2663//282 2656//282 2655//282
f 2664//274 2657//274 2656//274
f 2665//281 2658//281 2657//281
f 2666//273 2659//273 2658//273
f 2667//280 2660//280 2659//280
f 2660//272 2661//272 2653//272
f 2661//279 2670//279 2662//279
f 2670//271 2663//271 2662//271
f 2671//278 2664//278 2663//278
f 2672//270 2665//270 2664//270
f 2673//284 2666//284 2665//284
f 2674//277 2667//277 2666//277
f 2667//269 2676//269 2668//269
f 2676//276 2661//276 2668//276
f 2677//267 2670//267 2669//267
f 2678//266 2671//266 2670//266
f 2671//265 2680//265 2672//265
f 2672//264 2681//264 2673//264
f 2681//263 2674//263 2673//263
f 2682//262 2675//262 2674//262
f 2683//268 2676//268 2675//268
f 2676//261 2677//261 2669//261
f 2685//259 2678//259 2677//259
f 2678//258 2687//258 2679//258
f 2687//257 2680//257 2679//257
f 2688//256 2681//256 2680//256
f 2689//255 2682//255 2681//255
f 2690//254 2683//254 2682//254
f 2691//260 2684//260 2683//260
f 2684//253 2685//253 2677//253
f 2685//251 2694//251 2686//251
f 2694//243 2687//243 2686//243
f 2687//250 2696//250 2688//250
f 2688//242 2697//242 2689//242
f 2697//249 2690//249 2689//249
f 2698//241 2691//241 2690//241
f 2699//248 2692//248 2691//248
f 2700//240 2685//240 2692//240
f 2573//247 2694//247 2693//247
f 2574//239 2695//239 2694//239
f 2575//246 2696//246 2695//246
f 2576//238 2697//238 2696//238
f 2697//252 2578//252 2698//252
f 2698//245 2579//245 2699//245
f 2579//237 2700//237 2699//237
f 2580//244 2693//244 2700//244
f 1066//237 1065//237 399//237
f 1069//238 1068//238 402//238
f 1071//239 1070//239 404//239
f 399//240 406//240 414//240
f 401//241 400//241 408//241
f 403//242 402//242 410//242
f 405//243 404//243 412//243
f 1065//244 1072//244 406//244
f 1067//245 1066//245 400//245
f 1070//246 1069//246 403//246
f 1072//247 1071//247 405//247
f 408//248 400//248 399//248
f 402//249 401//249 409//249
f 404//250 403//250 411//250
f 414//251 406//251 405//251
f 402//252 1068//252 1067//252
f 407//253 414//253 422//253
f 409//254 408//254 416//254
f 410//255 409//255 417//255
f 419//256 411//256 410//256
f 412//257 411//257 419//257
f 421//258 413//258 412//258
f 422//259 414//259 413//259
f 416//260 408//260 407//260
f 415//261 422//261 430//261
f 425//262 417//262 416//262
f 418//263 417//263 425//263
f 419//264 418//264 426//264
f 420//265 419//265 427//265
f 421//266 420//266 428//266
f 422//267 421//267 429//267
f 416//268 415//268 423//268
f 424//269 423//269 431//269
f 427//270 426//270 434//270
f 429//271 428//271 436//271
f 431//272 438//272 446//272
f 433//273 432//273 440//273
f 443//274 435//274 434//274
f 437//275 436//275 444//275
f 423//276 430//276 438//276
f 425//277 424//277 432//277
f 428//278 427//278 435//278
f 430//279 429//279 437//279
f 440//280 432//280 431//280
f 434//281 433//281 441//281
f 436//282 435//282 443//282
f 446//283 438//283 437//283
f 426//284 425//284 433//284
f 439//285 446//285 454//285
f 441//286 440//286 448//286
f 442//287 441//287 449//287
f 443//288 442//288 450//288
f 444//289 443//289 451//289
f 445//290 444//290 452//290
f 454//291 446//291 445//291
f 448//292 440//292 439//292
f 447//293 454//293 462//293
f 449//294 448//294 456//294
f 450//295 449//295 457//295
f 459//296 451//296 450//296
f 460//297 452//297 451//297
f 453//298 452//298 460//298
f 454//299 453//299 461//299
f 448//300 447//300 455//300
f 464//245 456//245 455//245
f 459//247 458//247 466//247
f 461//246 460//246 468//246
f 471//249 463//249 470//249
f 465//248 464//248 472//248
f 467//251 466//251 474//251
f 469//250 468//250 476//250
f 463//252 455//252 462//252
f 457//237 456//237 464//237
f 468//239 460//239 459//239
f 462//238 461//238 469//238
f 464//241 463//241 471//241
f 466//240 465//240 473//240
f 476//243 468//243 467//243
f 478//242 470//242 469//242
f 458//244 457//244 465//244
f 471//255 478//255 486//255
f 473//260 472//260 480//260
f 474//253 473//253 481//253
f 475//259 474//259 482//259
f 484//258 476//258 475//258
f 477//257 476//257 484//257
f 486//256 478//256 477//256
f 472//254 471//254 479//254
f 479//263 486//263 494//263
f 481//268 480//268 488//268
f 490//261 482//261 481//261
f 483//267 482//267 490//267
f 492//266 484//266 483//266
f 485//265 484//265 492//265
f 486//264 485//264 493//264
f 488//262 480//262 479//262
f 1042//277 488//277 487//277
f 491//279 490//279 1044//279
f 493//278 492//278 1046//278
f 1049//281 1041//281 1048//281
f 1051//280 1043//280 1042//280
f 1045//283 1044//283 1052//283
f 1047//282 1046//282 1054//282
f 1041//284 487//284 494//284
f 489//269 488//269 1042//269
f 1046//271 492//271 491//271
f 494//270 493//270 1047//270
f 1042//273 1041//273 1049//273
f 1052//272 1044//272 1043//272
f 1046//275 1045//275 1053//275
f 1048//274 1047//274 1055//274
f 1044//276 490//276 489//276
f 1049//287 1056//287 1064//287
f 1059//292 1051//292 1050//292
f 1052//285 1051//285 1059//285
f 1053//291 1052//291 1060//291
f 1062//290 1054//290 1053//290
f 1055//289 1054//289 1062//289
f 1056//288 1055//288 1063//288
f 1050//286 1049//286 1057//286
f 1057//295 1064//295 1072//295
f 1067//300 1059//300 1058//300
f 1060//293 1059//293 1067//293
f 1061//299 1060//299 1068//299
f 1062//298 1061//298 1069//298
f 1063//297 1062//297 1070//297
f 1064//296 1063//296 1071//296
f 1066//294 1058//294 1057//294
f 495//299 496//299 1828//299
f 496//298 497//298 1829//298
f 1829//297 497//297 498//297
f 498//296 499//296 1831//296
f 499//295 500//295 1832//295
f 500//294 501//294 1833//294
f 501//300 502//300 1834//300
f 502//293 495//293 1827//293
f 503//291 504//291 496//291
f 504//290 505//290 497//290
f 505//289 506//289 498//289
f 506//288 507//288 499//288
f 499//287 507//287 508//287
f 508//286 509//286 501//286
f 509//292 510//292 502//292
f 510//285 503//285 495//285
f 503//283 511//283 512//283
f 504//275 512//275 513//275
f 513//282 514//282 506//282
f 514//274 515//274 507//274
f 507//281 515//281 516//281
f 508//273 516//273 517//273
f 517//280 518//280 510//280
f 518//272 511//272 503//272
f 511//279 1177//279 1178//279
f 1178//271 1179//271 513//271
f 1179//278 1180//278 514//278
f 1180//270 1181//270 515//270
f 1181//284 1182//284 516//284
f 1182//277 1183//277 517//277
f 1183//269 1184//269 518//269
f 1184//276 1177//276 511//276
f 1177//267 519//267 520//267
f 520//266 521//266 1179//266
f 521//265 522//265 1180//265
f 522//264 523//264 1181//264
f 523//263 524//263 1182//263
f 1182//262 524//262 525//262
f 1183//268 525//268 526//268
f 526//261 519//261 1177//261
f 519//259 527//259 528//259
f 528//258 529//258 521//258
f 529//257 530//257 522//257
f 530//256 531//256 523//256
f 531//255 532//255 524//255
f 532//254 533//254 525//254
f 533//260 534//260 526//260
f 534//253 527//253 519//253
f 535//251 536//251 528//251
f 536//243 537//243 529//243
f 537//250 538//250 530//250
f 538//242 539//242 531//242
f 531//249 539//249 540//249
f 540//241 541//241 533//241
f 533//248 541//248 542//248
f 542//240 535//240 527//240
f 535//247 1883//247 1884//247
f 1884//239 1885//239 537//239
f 1885//246 1886//246 538//246
f 1886//238 1887//238 539//238
f 539//252 1887//252 1888//252
f 1888//245 1889//245 541//245
f 541//237 1889//237 1890//237
f 1890//244 1883//244 535//244
f 543//296 544//296 1884//296
f 544//297 545//297 1885//297
f 545//298 546//298 1886//298
f 546//299 547//299 1887//299
f 547//293 548//293 1888//293
f 548//300 549//300 1889//300
f 549//294 550//294 1890//294
f 550//295 543//295 1883//295
f 551//288 552//288 544//288
f 552//289 553//289 545//289
f 553//290 554//290 546//290
f 546//291 554//291 555//291
f 555//285 556//285 548//285
f 548//292 556//292 557//292
f 549//286 557//286 558//286
f 550//287 558//287 551//287
f 559//274 560//274 552//274
f 552//282 560//282 561//282
f 561//275 562//275 554//275
f 554//283 562//283 563//283
f 563//272 564//272 556//272
f 556//280 564//280 565//280
f 565//273 566//273 558//273
f 558//281 566//281 559//281
f 1233//270 1234//270 560//270
f 1234//278 1235//278 561//278
f 1235//271 1236//271 562//271
f 562//279 1236//279 1237//279
f 563//276 1237//276 1238//276
f 1238//269 1239//269 565//269
f 565//277 1239//277 1240//277
f 1240//284 1233//284 559//284
f 567//264 568//264 1234//264
f 568//265 569//265 1235//265
f 569//266 570//266 1236//266
f 1236//267 570//267 571//267
f 571//261 572//261 1238//261
f 572//268 573//268 1239//268
f 573//262 574//262 1240//262
f 574//263 567//263 1233//263
f 575//256 576//256 568//256
f 568//257 576//257 577//257
f 577//258 578//258 570//258
f 570//259 578//259 579//259
f 579//253 580//253 572//253
f 580//260 581//260 573//260
f 581//254 582//254 574//254
f 574//255 582//255 575//255
f 583//242 584//242 576//242
f 584//250 585//250 577//250
f 577//243 585//243 586//243
f 586//251 587//251 579//251
f 587//240 588//240 580//240
f 580//248 588//248 589//248
f 589//241 590//241 582//241
f 590//249 583//249 575//249
f 1827//238 1828//238 584//238
f 1828//246 1829//246 585//246
f 1829//239 1830//239 586//239
f 1830//247 1831//247 587//247
f 587//244 1831//244 1832//244
f 588//237 1832//237 1833//237
f 1833//245 1834//245 590//245
f 1834//252 1827//252 583//252
f 1073//300 1739//300 1740//300
f 1076//296 1742//296 1743//296
f 1078//298 1744//298 1745//298
f 1081//285 1088//285 1080//285
f 1083//286 1082//286 1074//286
f 1084//288 1076//288 1077//288
f 1087//290 1086//290 1078//290
f 1080//293 1746//293 1739//293
f 1075//294 1074//294 1740//294
f 1077//297 1743//297 1744//297
f 1079//299 1745//299 1746//299
f 1081//292 1073//292 1074//292
f 1083//287 1075//287 1076//287
f 1086//289 1085//289 1077//289
f 1087//291 1079//291 1080//291
f 1075//295 1741//295 1742//295
f 1096//272 1088//272 1081//272
f 1090//273 1082//273 1083//273
f 1091//281 1083//281 1084//281
f 1093//274 1092//274 1084//274
f 1094//282 1093//282 1085//282
f 1095//275 1094//275 1086//275
f 1095//283 1087//283 1088//283
f 1089//280 1081//280 1082//280
f 430//276 1096//276 1089//276
f 424//277 1090//277 1091//277
f 425//284 1091//284 1092//284
f 427//270 426//270 1092//270
f 428//278 427//278 1093//278
f 429//271 428//271 1094//271
f 429//279 1095//279 1096//279
f 423//269 1089//269 1090//269
f 1097//261 1104//261 430//261
f 1098//262 424//262 425//262
f 1099//263 425//263 426//263
f 1100//264 426//264 427//264
f 1102//265 1101//265 427//265
f 1102//266 428//266 429//266
f 1103//267 429//267 430//267
f 1098//268 1097//268 423//268
f 1105//253 1112//253 1104//253
f 1106//254 1098//254 1099//254
f 1107//255 1099//255 1100//255
f 1109//256 1108//256 1100//256
f 1109//257 1101//257 1102//257
f 1110//258 1102//258 1103//258
f 1111//259 1103//259 1104//259
f 1105//260 1097//260 1098//260
f 1120//240 1112//240 1105//240
f 1114//241 1106//241 1107//241
f 1115//249 1107//249 1108//249
f 1117//242 1116//242 1108//242
f 1118//250 1117//250 1109//250
f 1118//243 1110//243 1111//243
f 1119//251 1111//251 1112//251
f 1114//248 1113//248 1105//248
f 1128//244 1120//244 1113//244
f 1123//245 1122//245 1114//245
f 1123//252 1115//252 1116//252
f 1124//238 1116//238 1117//238
f 1125//246 1117//246 1118//246
f 1126//239 1118//239 1119//239
f 1128//247 1127//247 1119//247
f 1121//237 1113//237 1114//237
f 1130//294 1129//294 1121//294
f 1132//299 1124//299 1125//299
f 1134//297 1126//297 1127//297
f 1144//287 1136//287 1129//287
f 1138//292 1130//292 1131//292
f 1140//291 1132//291 1133//291
f 1143//289 1142//289 1134//289
f 1136//295 1128//295 1121//295
f 1130//300 1122//300 1123//300
f 1133//298 1125//298 1126//298
f 1135//296 1127//296 1128//296
f 1137//286 1129//286 1130//286
f 1140//285 1139//285 1131//285
f 1142//290 1141//290 1133//290
f 1143//288 1135//288 1136//288
f 1132//293 1131//293 1123//293
f 1152//281 1144//281 1137//281
f 1146//280 1138//280 1139//280
f 1148//272 1147//272 1139//272
f 1148//283 1140//283 1141//283
f 1149//275 1141//275 1142//275
f 1150//282 1142//282 1143//282
f 1152//274 1151//274 1143//274
f 1145//273 1137//273 1138//273
f 494//284 1152//284 1145//284
f 488//269 1146//269 1147//269
f 490//276 489//276 1147//276
f 490//279 1148//279 1149//279
f 492//271 491//271 1149//271
f 492//278 1150//278 1151//278
f 494//270 493//270 1151//270
f 487//277 1145//277 1146//277
f 1722//263 494//263 487//263
f 1717//268 1716//268 488//268
f 1717//261 489//261 490//261
f 1718//267 490//267 491//267
f 1720//266 1719//266 491//266
f 1720//265 492//265 493//265
f 1722//264 1721//264 493//264
f 1715//262 487//262 488//262
f 1723//255 1730//255 1722//255
f 1724//260 1716//260 1717//260
f 1726//253 1725//253 1717//253
f 1726//259 1718//259 1719//259
f 1728//258 1727//258 1719//258
f 1728//257 1720//257 1721//257
f 1729//256 1721//256 1722//256
f 1724//254 1723//254 1715//254
f 1738//249 1730//249 1723//249
f 1732//248 1724//248 1725//248
f 1734//240 1733//240 1725//240
f 1734//251 1726//251 1727//251
f 1736//243 1735//243 1727//243
f 1736//250 1728//250 1729//250
f 1737//242 1729//242 1730//242
f 1732//241 1731//241 1723//241
f 1746//252 1738//252 1731//252
f 1740//237 1732//237 1733//237
f 1742//244 1741//244 1733//244
f 1742//247 1734//247 1735//247
f 1744//239 1743//239 1735//239
f 1744//246 1736//246 1737//246
f 1745//238 1737//238 1738//238
f 1739//245 1731//245 1732//245
f 2574//247 1154//247 1153//247
f 2575//239 1155//239 1154//239
f 2576//246 1156//246 1155//246
f 2577//238 1157//238 1156//238
f 2578//252 1158//252 1157//252
f 2578//245 2579//245 1159//245
f 2580//237 1160//237 1159//237
f 2573//244 1153//244 1160//244
f 1154//251 1162//251 1161//251
f 1154//243 1155//243 1163//243
f 1156//250 1164//250 1163//250
f 1156//242 1157//242 1165//242
f 1158//249 1166//249 1165//249
f 1158//241 1159//241 1167//241
f 1160//248 1168//248 1167//248
f 1153//240 1161//240 1168//240
f 1162//259 1170//259 1169//259
f 1162//258 1163//258 1171//258
f 1164//257 1172//257 1171//257
f 1164//256 1165//256 1173//256
f 1165//255 1166//255 1174//255
f 1167//254 1175//254 1174//254
f 1168//260 1176//260 1175//260
f 1168//253 1161//253 1169//253
f 1170//267 1178//267 1177//267
f 1170//266 1171//266 1179//266
f 1172//265 1180//265 1179//265
f 1173//264 1181//264 1180//264
f 1173//263 1174//263 1182//263
f 1175//262 1183//262 1182//262
f 1176//268 1184//268 1183//268
f 1169//261 1177//261 1184//261
f 1178//279 1186//279 1185//279
f 1179//271 1187//271 1186//271
f 1179//278 1180//278 1188//278
f 1181//270 1189//270 1188//270
f 1182//284 1190//284 1189//284
f 1183//277 1191//277 1190//277
f 1184//269 1192//269 1191//269
f 1184//276 1177//276 1185//276
f 1185//283 1186//283 1194//283
f 1187//275 1195//275 1194//275
f 1187//282 1188//282 1196//282
f 1189//274 1197//274 1196//274
f 1190//281 1198//281 1197//281
f 1191//273 1199//273 1198//273
f 1192//280 1200//280 1199//280
f 1185//272 1193//272 1200//272
f 1194//291 1202//291 1201//291
f 1195//290 1203//290 1202//290
f 1195//289 1196//289 1204//289
f 1197//288 1205//288 1204//288
f 1197//287 1198//287 1206//287
f 1199//286 1207//286 1206//286
f 1200//292 1208//292 1207//292
f 1193//285 1201//285 1208//285
f 1201//299 1202//299 2638//299
f 1203//298 2639//298 2638//298
f 1204//297 2640//297 2639//297
f 1205//296 2641//296 2640//296
f 1205//295 1206//295 2642//295
f 1206//294 1207//294 2643//294
f 1208//300 2644//300 2643//300
f 1201//293 2637//293 2644//293
f 2637//238 2638//238 1210//238
f 2639//246 1211//246 1210//246
f 2639//239 2640//239 1212//239
f 2641//247 1213//247 1212//247
f 2641//244 2642//244 1214//244
f 2643//237 1215//237 1214//237
f 2644//245 1216//245 1215//245
f 2637//252 1209//252 1216//252
f 1210//242 1218//242 1217//242
f 1211//250 1219//250 1218//250
f 1212//243 1220//243 1219//243
f 1213//251 1221//251 1220//251
f 1214//240 1222//240 1221//240
f 1215//248 1223//248 1222//248
f 1215//241 1216//241 1224//241
f 1209//249 1217//249 1224//249
f 1218//256 1226//256 1225//256
f 1219//257 1227//257 1226//257
f 1219//258 1220//258 1228//258
f 1221//259 1229//259 1228//259
f 1222//253 1230//253 1229//253
f 1223//260 1231//260 1230//260
f 1223//254 1224//254 1232//254
f 1217//255 1225//255 1232//255
f 1225//264 1226//264 1234//264
f 1227//265 1235//265 1234//265
f 1228//266 1236//266 1235//266
f 1229//267 1237//267 1236//267
f 1229//261 1230//261 1238//261
f 1231//268 1239//268 1238//268
f 1232//262 1240//262 1239//262
f 1225//263 1233//263 1240//263
f 1234//270 1242//270 1241//270
f 1234//278 1235//278 1243//278
f 1235//271 1236//271 1244//271
f 1237//279 1245//279 1244//279
f 1237//276 1238//276 1246//276
f 1239//269 1247//269 1246//269
f 1240//277 1248//277 1247//277
f 1233//284 1241//284 1248//284
f 1242//274 1250//274 1249//274
f 1242//282 1243//282 1251//282
f 1244//275 1252//275 1251//275
f 1244//283 1245//283 1253//283
f 1246//272 1254//272 1253//272
f 1247//280 1255//280 1254//280
f 1248//273 1256//273 1255//273
f 1248//281 1241//281 1249//281
f 1249//288 1250//288 1258//288
f 1251//289 1259//289 1258//289
f 1252//290 1260//290 1259//290
f 1253//291 1261//291 1260//291
f 1254//285 1262//285 1261//285
f 1255//292 1263//292 1262//292
f 1256//286 1264//286 1263//286
f 1249//287 1257//287 1264//287
f 1258//296 2574//296 2573//296
f 1259//297 2575//297 2574//297
f 1259//298 1260//298 2576//298
f 1261//299 2577//299 2576//299
f 1261//293 1262//293 2578//293
f 1263//300 2579//300 2578//300
f 1264//294 2580//294 2579//294
f 1257//295 2573//295 2580//295
f 1747//294 1065//294 1066//294
f 1751//298 1069//298 1070//298
f 1753//296 1071//296 1072//296
f 1756//286 1755//286 1747//286
f 1757//285 1749//285 1750//285
f 1760//290 1759//290 1751//290
f 1761//288 1753//288 1754//288
f 1749//293 1067//293 1068//293
f 1770//281 1762//281 1755//281
f 1764//280 1756//280 1757//280
f 1765//272 1757//272 1758//272
f 1766//283 1758//283 1759//283
f 1767//275 1759//275 1760//275
f 1768//282 1760//282 1761//282
f 1770//274 1769//274 1761//274
f 1764//273 1763//273 1755//273
f 1778//284 1770//284 1763//284
f 1773//269 1772//269 1764//269
f 1773//276 1765//276 1766//276
f 1774//279 1766//279 1767//279
f 1775//271 1767//271 1768//271
f 1777//278 1776//278 1768//278
f 1777//270 1769//270 1770//270
f 1771//277 1763//277 1764//277
f 1786//263 1778//263 1771//263
f 1781//268 1780//268 1772//268
f 1781//261 1773//261 1774//261
f 1783//267 1782//267 1774//267
f 1784//266 1783//266 1775//266
f 1785//265 1784//265 1776//265
f 1785//264 1777//264 1778//264
f 1780//262 1779//262 1771//262
f 1788//254 1787//254 1779//254
f 1790//259 1782//259 1783//259
f 1792//257 1784//257 1785//257
f 1802//249 1794//249 1787//249
f 1797//248 1796//248 1788//248
f 1798//251 1790//251 1791//251
f 1800//250 1792//250 1793//250
f 1794//255 1786//255 1779//255
f 1789//260 1788//260 1780//260
f 1791//258 1783//258 1784//258
f 1793//256 1785//256 1786//256
f 1796//241 1795//241 1787//241
f 1797//240 1789//240 1790//240
f 1800//243 1799//243 1791//243
f 1801//242 1793//242 1794//242
f 1789//253 1781//253 1782//253
f 462//252 1802//252 1795//252
f 456//237 1796//237 1797//237
f 457//244 1797//244 1798//244
f 458//247 1798//247 1799//247
f 459//239 1799//239 1800//239
f 461//246 460//246 1800//246
f 462//238 461//238 1801//238
f 455//245 1795//245 1796//245
f 1810//293 462//293 455//293
f 1804//294 456//294 457//294
f 1805//295 457//295 458//295
f 1806//296 458//296 459//296
f 1807//297 459//297 460//297
f 1808//298 460//298 461//298
f 1809//299 461//299 462//299
f 1803//300 455//300 456//300
f 1811//285 1818//285 1810//285
f 1813//286 1812//286 1804//286
f 1814//287 1813//287 1805//287
f 1814//288 1806//288 1807//288
f 1816//289 1815//289 1807//289
f 1816//290 1808//290 1809//290
f 1817//291 1809//291 1810//291
f 1811//292 1803//292 1804//292
f 1826//272 1818//272 1811//272
f 1821//273 1820//273 1812//273
f 1822//281 1821//281 1813//281
f 1822//274 1814//274 1815//274
f 1824//282 1823//282 1815//282
f 1824//275 1816//275 1817//275
f 1825//283 1817//283 1818//283
f 1819//280 1811//280 1812//280
f 2452//276 1826//276 1819//276
f 2447//277 2446//277 1820//277
f 2447//284 1821//284 1822//284
f 2448//270 1822//270 1823//270
f 2449//278 1823//278 1824//278
f 2450//271 1824//271 1825//271
f 2451//279 1825//279 1826//279
f 2445//269 1819//269 1820//269
f 2460//261 2452//261 2445//261
f 2454//262 2446//262 2447//262
f 2456//263 2455//263 2447//263
f 2456//264 2448//264 2449//264
f 2458//265 2457//265 2449//265
f 2458//266 2450//266 2451//266
f 2459//267 2451//267 2452//267
f 2453//268 2445//268 2446//268
f 2462//260 2461//260 2453//260
f 2464//256 2456//256 2457//256
f 2466//258 2458//258 2459//258
f 2469//240 2476//240 2468//240
f 2470//241 2462//241 2463//241
f 2472//242 2464//242 2465//242
f 2474//243 2466//243 2467//243
f 2468//253 2460//253 2453//253
f 2462//254 2454//254 2455//254
f 2465//257 2457//257 2458//257
f 2467//259 2459//259 2460//259
f 2469//248 2461//248 2462//248
f 2472//249 2471//249 2463//249
f 2474//250 2473//250 2465//250
f 2475//251 2467//251 2468//251
f 2464//255 2463//255 2455//255
f 1072//244 2476//244 2469//244
f 1066//245 2470//245 2471//245
f 1067//252 2471//252 2472//252
f 1068//238 2472//238 2473//238
f 1070//246 1069//246 2473//246
f 1070//239 2474//239 2475//239
f 1071//247 2475//247 2476//247
f 1066//237 1065//237 2469//237
f 1754//295 1072//295 1065//295
f 1750//299 1068//299 1069//299
f 1752//297 1070//297 1071//297
f 1762//287 1754//287 1747//287
f 1756//292 1748//292 1749//292
f 1758//291 1750//291 1751//291
f 1761//289 1760//289 1752//289
f 1748//300 1066//300 1067//300
f 1828//238 1836//238 1835//238
f 1828//246 1829//246 1837//246
f 1829//239 1830//239 1838//239
f 1831//247 1839//247 1838//247
f 1832//244 1840//244 1839//244
f 1833//237 1841//237 1840//237
f 1834//245 1842//245 1841//245
f 1827//252 1835//252 1842//252
f 1836//242 1844//242 1843//242
f 1836//250 1837//250 1845//250
f 1838//243 1846//243 1845//243
f 1839//251 1847//251 1846//251
f 1840//240 1848//240 1847//240
f 1841//248 1849//248 1848//248
f 1842//241 1850//241 1849//241
f 1835//249 1843//249 1850//249
f 1844//256 1852//256 1851//256
f 1844//257 1845//257 1853//257
f 1846//258 1854//258 1853//258
f 1847//259 1855//259 1854//259
f 1848//253 1856//253 1855//253
f 1849//260 1857//260 1856//260
f 1850//254 1858//254 1857//254
f 1850//255 1843//255 1851//255
f 1851//264 1852//264 2606//264
f 1852//265 1853//265 2607//265
f 1853//266 1854//266 2608//266
f 1854//267 1855//267 2609//267
f 1855//261 1856//261 2610//261
f 1857//268 2611//268 2610//268
f 1858//262 2612//262 2611//262
f 1851//263 2605//263 2612//263
f 2605//270 2606//270 1860//270
f 2607//278 1861//278 1860//278
f 2608//271 1862//271 1861//271
f 2609//279 1863//279 1862//279
f 2609//276 2610//276 1864//276
f 2611//269 1865//269 1864//269
f 2611//277 2612//277 1866//277
f 2605//284 1859//284 1866//284
f 1859//274 1860//274 1868//274
f 1861//282 1869//282 1868//282
f 1861//275 1862//275 1870//275
f 1863//283 1871//283 1870//283
f 1863//272 1864//272 1872//272
f 1865//280 1873//280 1872//280
f 1865//273 1866//273 1874//273
f 1859//281 1867//281 1874//281
f 1867//288 1868//288 1876//288
f 1869//289 1877//289 1876//289
f 1869//290 1870//290 1878//290
f 1871//291 1879//291 1878//291
f 1871//285 1872//285 1880//285
f 1873//292 1881//292 1880//292
f 1873//286 1874//286 1882//286
f 1867//287 1875//287 1882//287
f 1876//296 1884//296 1883//296
f 1877//297 1885//297 1884//297
f 1878//298 1886//298 1885//298
f 1879//299 1887//299 1886//299
f 1879//293 1880//293 1888//293
f 1881//300 1889//300 1888//300
f 1881//294 1882//294 1890//294
f 1875//295 1883//295 1890//295
f 1883//247 1884//247 1892//247
f 1885//239 1893//239 1892//239
f 1885//246 1886//246 1894//246
f 1887//238 1895//238 1894//238
f 1887//252 1888//252 1896//252
f 1889//245 1897//245 1896//245
f 1890//237 1898//237 1897//237
f 1883//244 1891//244 1898//244
f 1891//251 1892//251 1900//251
f 1892//243 1893//243 1901//243
f 1893//250 1894//250 1902//250
f 1894//242 1895//242 1903//242
f 1895//249 1896//249 1904//249
f 1897//241 1905//241 1904//241
f 1897//248 1898//248 1906//248
f 1891//240 1899//240 1906//240
f 1900//259 1908//259 1907//259
f 1900//258 1901//258 1909//258
f 1901//257 1902//257 1910//257
f 1903//256 1911//256 1910//256
f 1903//255 1904//255 1912//255
f 1905//254 1913//254 1912//254
f 1905//260 1906//260 1914//260
f 1899//253 1907//253 1914//253
f 1908//267 2670//267 2669//267
f 1909//266 2671//266 2670//266
f 1910//265 2672//265 2671//265
f 1911//264 2673//264 2672//264
f 1911//263 1912//263 2674//263
f 1913//262 2675//262 2674//262
f 1914//268 2676//268 2675//268
f 1907//261 2669//261 2676//261
f 2670//279 1916//279 1915//279
f 2670//271 2671//271 1917//271
f 2671//278 2672//278 1918//278
f 2673//270 1919//270 1918//270
f 2674//284 1920//284 1919//284
f 2675//277 1921//277 1920//277
f 2676//269 1922//269 1921//269
f 2676//276 2669//276 1915//276
f 1916//283 1924//283 1923//283
f 1917//275 1925//275 1924//275
f 1918//282 1926//282 1925//282
f 1918//274 1919//274 1927//274
f 1920//281 1928//281 1927//281
f 1921//273 1929//273 1928//273
f 1922//280 1930//280 1929//280
f 1922//272 1915//272 1923//272
f 1924//291 1932//291 1931//291
f 1924//290 1925//290 1933//290
f 1926//289 1934//289 1933//289
f 1926//288 1927//288 1935//288
f 1928//287 1936//287 1935//287
f 1928//286 1929//286 1937//286
f 1930//292 1938//292 1937//292
f 1923//285 1931//285 1938//285
f 1932//299 1828//299 1827//299
f 1932//298 1933//298 1829//298
f 1934//297 1830//297 1829//297
f 1935//296 1831//296 1830//296
f 1935//295 1936//295 1832//295
f 1937//294 1833//294 1832//294
f 1938//300 1834//300 1833//300
f 1931//293 1827//293 1834//293
f 1740//245 1739//245 2477//245
f 1744//239 1743//239 2481//239
f 1746//238 1745//238 2483//238
f 2478//241 2477//241 2485//241
f 2480//240 2479//240 2487//240
f 2490//243 2482//243 2481//243
f 2492//242 2484//242 2483//242
f 2480//244 1742//244 1741//244
f 2485//255 2492//255 2500//255
f 2495//260 2487//260 2486//260
f 2488//253 2487//253 2495//253
f 2497//259 2489//259 2488//259
f 2490//258 2489//258 2497//258
f 2499//257 2491//257 2490//257
f 2492//256 2491//256 2499//256
f 2486//254 2485//254 2493//254
f 1771//263 2493//263 2500//263
f 2495//268 2494//268 1772//268
f 2496//261 2495//261 1773//261
f 1775//267 2497//267 2496//267
f 1776//266 2498//266 2497//266
f 2499//265 2498//265 1776//265
f 2500//264 2499//264 1777//264
f 2494//262 2493//262 1771//262
f 2501//284 1771//284 1778//284
f 2503//269 1773//269 1772//269
f 1774//276 1773//276 2503//276
f 1775//279 1774//279 2504//279
f 1776//271 1775//271 2505//271
f 1777//278 1776//278 2506//278
f 1778//270 1777//270 2507//270
f 1772//277 1771//277 2501//277
f 2509//281 2501//281 2508//281
f 2511//280 2503//280 2502//280
f 2504//272 2503//272 2511//272
f 2513//283 2505//283 2504//283
f 2506//275 2505//275 2513//275
f 2507//282 2506//282 2514//282
f 2508//274 2507//274 2515//274
f 2502//273 2501//273 2509//273
f 2509//287 2516//287 2524//287
f 2511//292 2510//292 2518//292
f 2512//285 2511//285 2519//285
f 2521//291 2513//291 2512//291
f 2514//290 2513//290 2521//290
f 2515//289 2514//289 2522//289
f 2516//288 2515//288 2523//288
f 2518//286 2510//286 2509//286
f 2517//295 2524//295 1128//295
f 1123//300 2519//300 2518//300
f 2520//293 2519//293 1123//293
f 2521//299 2520//299 1124//299
f 1126//298 2522//298 2521//298
f 2523//297 2522//297 1126//297
f 2524//296 2523//296 1127//296
f 2518//294 2517//294 1121//294
f 2525//244 1121//244 1128//244
f 1123//245 1122//245 2526//245
f 2528//252 1124//252 1123//252
f 1125//238 1124//238 2528//238
f 2530//246 1126//246 1125//246
f 1127//239 1126//239 2530//239
f 1128//247 1127//247 2531//247
f 2526//237 1122//237 1121//237
f 2533//240 2525//240 2532//240
f 2527//241 2526//241 2534//241
f 2536//249 2528//249 2527//249
f 2529//242 2528//242 2536//242
f 2530//250 2529//250 2537//250
f 2531//243 2530//243 2538//243
f 2532//251 2531//251 2539//251
f 2534//248 2526//248 2525//248
f 2533//253 2540//253 2548//253
f 2535//254 2534//254 2542//254
f 2544//255 2536//255 2535//255
f 2537//256 2536//256 2544//256
f 2546//257 2538//257 2537//257
f 2539//258 2538//258 2546//258
f 2548//259 2540//259 2539//259
f 2542//260 2534//260 2533//260
f 2541//261 2548//261 2452//261
f 2543//262 2542//262 2446//262
f 2544//263 2543//263 2447//263
f 2545//264 2544//264 2448//264
f 2546//265 2545//265 2449//265
f 2547//266 2546//266 2450//266
f 2452//267 2548//267 2547//267
f 2446//268 2542//268 2541//268
f 2445//276 2452//276 2556//276
f 2551//277 2447//277 2446//277
f 2552//284 2448//284 2447//284
f 2449//270 2448//270 2552//270
f 2450//278 2449//278 2553//278
f 2451//271 2450//271 2554//271
f 2556//279 2452//279 2451//279
f 2550//269 2446//269 2445//269
f 2557//272 2549//272 2556//272
f 2559//273 2551//273 2550//273
f 2552//281 2551//281 2559//281
f 2553//274 2552//274 2560//274
f 2554//282 2553//282 2561//282
f 2555//275 2554//275 2562//275
f 2556//283 2555//283 2563//283
f 2550//280 2549//280 2557//280
f 2557//285 2564//285 2572//285
f 2559//286 2558//286 2566//286
f 2568//287 2560//287 2559//287
f 2561//288 2560//288 2568//288
f 2562//289 2561//289 2569//289
f 2571//290 2563//290 2562//290
f 2572//291 2564//291 2563//291
f 2566//292 2558//292 2557//292
f 2565//293 2572//293 1746//293
f 2567//294 2566//294 1740//294
f 1742//295 2568//295 2567//295
f 2569//296 2568//296 1742//296
f 2570//297 2569//297 1743//297
f 2571//298 2570//298 1744//298
f 2572//299 2571//299 1745//299
f 1740//300 2566//300 2565//300
f 1739//252 1746//252 2484//252
f 1743//247 1742//247 2480//247
f 1745//246 1744//246 2482//246
f 2477//249 2484//249 2492//249
f 2479//248 2478//248 2486//248
f 2481//251 2480//251 2488//251
f 2491//250 2483//250 2482//250
f 1741//237 1740//237 2478//237
f 2581//296 2582//296 2574//296
f 2582//297 2583//297 2575//297
f 2583//298 2584//298 2576//298
f 2584//299 2585//299 2577//299
f 2585//293 2586//293 2578//293
f 2578//300 2586//300 2587//300
f 2579//294 2587//294 2588//294
f 2588//295 2581//295 2573//295
f 2589//288 2590//288 2582//288
f 2582//289 2590//289 2591//289
f 2591//290 2592//290 2584//290
f 2592//291 2593//291 2585//291
f 2593//285 2594//285 2586//285
f 2586//292 2594//292 2595//292
f 2595//286 2596//286 2588//286
f 2588//287 2596//287 2589//287
f 2597//274 2598//274 2590//274
f 2590//282 2598//282 2599//282
f 2599//275 2600//275 2592//275
f 2592//283 2600//283 2601//283
f 2593//272 2601//272 2602//272
f 2602//280 2603//280 2595//280
f 2603//273 2604//273 2596//273
f 2604//281 2597//281 2589//281
f 2605//270 2606//270 2598//270
f 2606//278 2607//278 2599//278
f 2607//271 2608//271 2600//271
f 2600//279 2608//279 2609//279
f 2609//276 2610//276 2602//276
f 2610//269 2611//269 2603//269
f 2603//277 2611//277 2612//277
f 2612//284 2605//284 2597//284
f 2613//264 2614//264 2606//264
f 2614//265 2615//265 2607//265
f 2615//266 2616//266 2608//266
f 2608//267 2616//267 2617//267
f 2617//261 2618//261 2610//261
f 2610//268 2618//268 2619//268
f 2619//262 2620//262 2612//262
f 2612//263 2620//263 2613//263
f 2621//256 2622//256 2614//256
f 2622//257 2623//257 2615//257
f 2623//258 2624//258 2616//258
f 2624//259 2625//259 2617//259
f 2617//253 2625//253 2626//253
f 2626//260 2627//260 2619//260
f 2627//254 2628//254 2620//254
f 2620//255 2628//255 2621//255
f 2629//242 2630//242 2622//242
f 2630//250 2631//250 2623//250
f 2631//243 2632//243 2624//243
f 2632//251 2633//251 2625//251
f 2633//240 2634//240 2626//240
f 2634//248 2635//248 2627//248
f 2635//241 2636//241 2628//241
f 2628//249 2636//249 2629//249
f 2637//238 2638//238 2630//238
f 2638//246 2639//246 2631//246
f 2639//239 2640//239 2632//239
f 2640//247 2641//247 2633//247
f 2641//244 2642//244 2634//244
f 2634//237 2642//237 2643//237
f 2643//245 2644//245 2636//245
f 2636//252 2644//252 2637//252
f 2645//299 2646//299 2638//299
f 2646//298 2647//298 2639//298
f 2647//297 2648//297 2640//297
f 2648//296 2649//296 2641//296
f 2649//295 2650//295 2642//295
f 2650//294 2651//294 2643//294
f 2643//300 2651//300 2652//300
f 2652//293 2645//293 2637//293
f 2653//291 2654//291 2646//291
f 2646//290 2654//290 2655//290
f 2655//289 2656//289 2648//289
f 2648//288 2656//288 2657//288
f 2649//287 2657//287 2658//287
f 2658//286 2659//286 2651//286
f 2659//292 2660//292 2652//292
f 2660//285 2653//285 2645//285
f 2661//283 2662//283 2654//283
f 2654//275 2662//275 2663//275
f 2663//282 2664//282 2656//282
f 2664//274 2665//274 2657//274
f 2665//281 2666//281 2658//281
f 2666//273 2667//273 2659//273
f 2667//280 2668//280 2660//280
f 2660//272 2668//272 2661//272
f 2661//279 2669//279 2670//279
f 2670//271 2671//271 2663//271
f 2671//278 2672//278 2664//278
f 2672//270 2673//270 2665//270
f 2673//284 2674//284 2666//284
f 2674//277 2675//277 2667//277
f 2667//269 2675//269 2676//269
f 2676//276 2669//276 2661//276
f 2677//267 2678//267 2670//267
f 2678//266 2679//266 2671//266
f 2671//265 2679//265 2680//265
f 2672//264 2680//264 2681//264
f 2681//263 2682//263 2674//263
f 2682//262 2683//262 2675//262
f 2683//268 2684//268 2676//268
f 2676//261 2684//261 2677//261
f 2685//259 2686//259 2678//259
f 2678//258 2686//258 2687//258
f 2687//257 2688//257 2680//257
f 2688//256 2689//256 2681//256
f 2689//255 2690//255 2682//255
f 2690//254 2691//254 2683//254
f 2691//260 2692//260 2684//260
f 2684//253 2692//253 2685//253
f 2685//251 2693//251 2694//251
f 2694//243 2695//243 2687//243
f 2687//250 2695//250 2696//250
f 2688//242 2696//242 2697//242
f 2697//249 2698//249 2690//249
f 2698//241 2699//241 2691//241
f 2699//248 2700//248 2692//248
f 2700//240 2693//240 2685//240
f 2573//247 2574//247 2694//247
f 2574//239 2575//239 2695//239
f 2575//246 2576//246 2696//246
f 2576//238 2577//238 2697//238
f 2697//252 2577//252 2578//252
f 2698//245 2578//245 2579//245
f 2579//237 2580//237 2700//237
f 2580//244 2573//244 2693//244
usemtl Glass
f 1037//38 374//38 999//38
f 1036//40 371//40 372//40
f 1038//32 374//32 375//32
f 1036//34 373//34 1037//34
f 1035//35 2388//35 371//35
f 374//48 1684//48 375//48
f 372//41 1682//41 373//41
f 371//42 2388//42 1680//42
f 373//45 1683//45 374//45
f 371//46 1681//46 372//46
f 1680//56 2388//56 378//56
f 1682//51 381//51 1683//51
f 1680//52 379//52 1681//52
f 1683//54 382//54 1684//54
f 1681//55 380//55 1682//55
f 380//65 1017//65 381//65
f 378//57 1015//57 379//57
f 382//59 1017//59 1018//59
f 379//61 1016//61 380//61
f 378//62 2388//62 1014//62
f 1017//68 389//68 1018//68
f 1015//70 387//70 1016//70
f 1014//71 2388//71 385//71
f 1016//74 388//74 1017//74
f 1015//76 385//76 386//76
f 389//83 1704//83 1705//83
f 386//84 1703//84 387//84
f 385//77 2388//77 1701//77
f 387//80 1704//80 388//80
f 386//81 1701//81 1702//81
f 1703//86 395//86 1704//86
f 1701//87 393//87 1702//87
f 1704//89 396//89 1705//89
f 1703//90 393//90 394//90
f 1701//91 2388//91 392//91
f 395//100 1037//100 999//100
f 392//101 1036//101 393//101
f 395//94 1038//94 396//94
f 393//96 1037//96 394//96
f 392//97 2388//97 1035//97
f 999//100 1002//100 1037//100
f 1001//101 1035//101 1036//101
f 1004//94 999//94 1038//94
f 1002//96 1036//96 1037//96
f 1035//97 1000//97 2388//97
f 2400//89 1003//89 1004//89
f 2398//90 1001//90 1002//90
f 1000//91 2396//91 2388//91
f 2399//86 1002//86 1003//86
f 2397//87 1000//87 1001//87
f 2396//77 1007//77 2388//77
f 1010//80 2398//80 2399//80
f 1008//81 2396//81 2397//81
f 1011//83 2399//83 2400//83
f 1009//84 2397//84 2398//84
f 1017//74 1009//74 1010//74
f 1015//76 1007//76 1008//76
f 1018//68 1010//68 1011//68
f 1016//70 1008//70 1009//70
f 1007//71 1014//71 2388//71
f 1025//59 1017//59 1018//59
f 1023//61 1015//61 1016//61
f 1014//62 1021//62 2388//62
f 1017//65 1023//65 1016//65
f 1015//57 1021//57 1014//57
f 2429//54 1024//54 1025//54
f 1023//55 2426//55 1022//55
f 1021//56 2425//56 2388//56
f 2428//51 1023//51 1024//51
f 2426//52 1021//52 1022//52
f 2428//45 1030//45 2427//45
f 1029//46 2425//46 2426//46
f 1032//48 2428//48 2429//48
f 2427//41 1029//41 2426//41
f 2425//42 1028//42 2388//42
f 1031//38 1037//38 1030//38
f 1029//40 1035//40 1028//40
f 1038//32 1031//32 1032//32
f 1030//34 1036//34 1029//34
f 1028//35 1035//35 2388//35
f 1676//65 2441//65 2387//65
f 1674//57 2439//57 2440//57
f 1677//59 2387//59 2442//59
f 1675//61 2440//61 2441//61
f 2439//62 1673//62 2388//62
f 1684//54 1676//54 1677//54
f 1682//55 1674//55 1675//55
f 1673//56 1680//56 2388//56
f 1683//51 1675//51 1676//51
f 1681//52 1673//52 1674//52
f 1680//42 1687//42 2388//42
f 1683//45 1689//45 1682//45
f 1688//46 1680//46 1681//46
f 1691//48 1683//48 1684//48
f 1689//41 1681//41 1682//41
f 2414//38 1689//38 1690//38
f 2412//40 1687//40 1688//40
f 2415//32 1690//32 1691//32
f 2413//34 1688//34 1689//34
f 1687//35 2411//35 2388//35
f 1698//94 2414//94 2415//94
f 1696//96 2412//96 2413//96
f 2411//97 1694//97 2388//97
f 1697//100 2413//100 2414//100
f 1695//101 2411//101 2412//101
f 1705//89 1697//89 1698//89
f 1703//90 1695//90 1696//90
f 1694//91 1701//91 2388//91
f 1697//86 1703//86 1696//86
f 1695//87 1701//87 1694//87
f 1704//80 1710//80 1703//80
f 1709//81 1701//81 1702//81
f 1712//83 1704//83 1705//83
f 1710//84 1702//84 1703//84
f 1701//77 1708//77 2388//77
f 1711//74 2441//74 1710//74
f 2440//76 1708//76 1709//76
f 2442//68 1711//68 1712//68
f 2441//70 1709//70 1710//70
f 1708//71 2439//71 2388//71
f 2387//74 2391//74 2392//74
f 2439//76 2390//76 2440//76
f 2442//68 2392//68 2393//68
f 2440//70 2391//70 2441//70
f 2439//71 2388//71 2389//71
f 2393//83 2399//83 2400//83
f 2390//84 2398//84 2391//84
f 2389//77 2388//77 2396//77
f 2391//80 2399//80 2392//80
f 2389//81 2397//81 2390//81
f 2396//91 2388//91 2404//91
f 2399//86 2406//86 2407//86
f 2396//87 2405//87 2397//87
f 2400//89 2407//89 2408//89
f 2398//90 2405//90 2406//90
f 2406//100 2414//100 2407//100
f 2404//101 2412//101 2405//101
f 2408//94 2414//94 2415//94
f 2406//96 2412//96 2413//96
f 2404//97 2388//97 2411//97
f 2414//32 2422//32 2415//32
f 2412//34 2420//34 2413//34
f 2411//35 2388//35 2418//35
f 2413//38 2421//38 2414//38
f 2411//40 2419//40 2412//40
f 2421//48 2429//48 2422//48
f 2419//41 2427//41 2420//41
f 2418//42 2388//42 2425//42
f 2421//45 2427//45 2428//45
f 2419//46 2425//46 2426//46
f 2427//51 2435//51 2428//51
f 2426//52 2432//52 2433//52
f 2428//54 2436//54 2429//54
f 2426//55 2434//55 2427//55
f 2425//56 2388//56 2432//56
f 2435//65 2441//65 2387//65
f 2432//57 2440//57 2433//57
f 2435//59 2442//59 2436//59
f 2433//61 2441//61 2434//61
f 2432//62 2388//62 2439//62
f 1037//38 373//38 374//38
f 1036//40 1035//40 371//40
f 1038//32 999//32 374//32
f 1036//34 372//34 373//34
f 374//48 1683//48 1684//48
f 372//41 1681//41 1682//41
f 373//45 1682//45 1683//45
f 371//46 1680//46 1681//46
f 1682//51 380//51 381//51
f 1680//52 378//52 379//52
f 1683//54 381//54 382//54
f 1681//55 379//55 380//55
f 380//65 1016//65 1017//65
f 378//57 1014//57 1015//57
f 382//59 381//59 1017//59
f 379//61 1015//61 1016//61
f 1017//68 388//68 389//68
f 1015//70 386//70 387//70
f 1016//74 387//74 388//74
f 1015//76 1014//76 385//76
f 389//83 388//83 1704//83
f 386//84 1702//84 1703//84
f 387//80 1703//80 1704//80
f 386//81 385//81 1701//81
f 1703//86 394//86 395//86
f 1701//87 392//87 393//87
f 1704//89 395//89 396//89
f 1703//90 1702//90 393//90
f 395//100 394//100 1037//100
f 392//101 1035//101 1036//101
f 395//94 999//94 1038//94
f 393//96 1036//96 1037//96
f 999//100 1003//100 1002//100
f 1001//101 1000//101 1035//101
f 1004//94 1003//94 999//94
f 1002//96 1001//96 1036//96
f 2400//89 2399//89 1003//89
f 2398//90 2397//90 1001//90
f 2399//86 2398//86 1002//86
f 2397//87 2396//87 1000//87
f 1010//80 1009//80 2398//80
f 1008//81 1007//81 2396//81
f 1011//83 1010//83 2399//83
f 1009//84 1008//84 2397//84
f 1017//74 1016//74 1009//74
f 1015//76 1014//76 1007//76
f 1018//68 1017//68 1010//68
f 1016//70 1015//70 1008//70
f 1025//59 1024//59 1017//59
f 1023//61 1022//61 1015//61
f 1017//65 1024//65 1023//65
f 1015//57 1022//57 1021//57
f 2429//54 2428//54 1024//54
f 1023//55 2427//55 2426//55
f 2428//51 2427//51 1023//51
f 2426//52 2425//52 1021//52
f 2428//45 1031//45 1030//45
f 1029//46 1028//46 2425//46
f 1032//48 1031//48 2428//48
f 2427//41 1030//41 1029//41
f 1031//38 999//38 1037//38
f 1029//40 1036//40 1035//40
f 1038//32 999//32 1031//32
f 1030//34 1037//34 1036//34
f 1676//65 1675//65 2441//65
f 1674//57 1673//57 2439//57
f 1677//59 1676//59 2387//59
f 1675//61 1674//61 2440//61
f 1684//54 1683//54 1676//54
f 1682//55 1681//55 1674//55
f 1683//51 1682//51 1675//51
f 1681//52 1680//52 1673//52
f 1683//45 1690//45 1689//45
f 1688//46 1687//46 1680//46
f 1691//48 1690//48 1683//48
f 1689//41 1688//41 1681//41
f 2414//38 2413//38 1689//38
f 2412//40 2411//40 1687//40
f 2415//32 2414//32 1690//32
f 2413//34 2412//34 1688//34
f 1698//94 1697//94 2414//94
f 1696//96 1695//96 2412//96
f 1697//100 1696//100 2413//100
f 1695//101 1694//101 2411//101
f 1705//89 1704//89 1697//89
f 1703//90 1702//90 1695//90
f 1697//86 1704//86 1703//86
f 1695//87 1702//87 1701//87
f 1704//80 1711//80 1710//80
f 1709//81 1708//81 1701//81
f 1712//83 1711//83 1704//83
f 1710//84 1709//84 1702//84
f 1711//74 2387//74 2441//74
f 2440//76 2439//76 1708//76
f 2442//68 2387//68 1711//68
f 2441//70 2440//70 1709//70
f 2387//74 2441//74 2391//74
f 2439//76 2389//76 2390//76
f 2442//68 2387//68 2392//68
f 2440//70 2390//70 2391//70
f 2393//83 2392//83 2399//83
f 2390//84 2397//84 2398//84
f 2391//80 2398//80 2399//80
f 2389//81 2396//81 2397//81
f 2399//86 2398//86 2406//86
f 2396//87 2404//87 2405//87
f 2400//89 2399//89 2407//89
f 2398//90 2397//90 2405//90
f 2406//100 2413//100 2414//100
f 2404//101 2411//101 2412//101
f 2408//94 2407//94 2414//94
f 2406//96 2405//96 2412//96
f 2414//32 2421//32 2422//32
f 2412//34 2419//34 2420//34
f 2413//38 2420//38 2421//38
f 2411//40 2418//40 2419//40
f 2421//48 2428//48 2429//48
f 2419//41 2426//41 2427//41
f 2421//45 2420//45 2427//45
f 2419//46 2418//46 2425//46
f 2427//51 2434//51 2435//51
f 2426//52 2425//52 2432//52
f 2428//54 2435//54 2436//54
f 2426//55 2433//55 2434//55
f 2435//65 2434//65 2441//65
f 2432//57 2439//57 2440//57
f 2435//59 2387//59 2442//59
f 2433//61 2440//61 2441//61
